airport,STAND_mvt,n,mean_y,mean_pred,mean_resid,median_resid,std_resid,mae,rmse,p95_abs,sse,sse_share
LIRF,234,228,1391.1929824561403,1302.795223605857,88.3977588502833,-41.86211542993664,1947.0912481070698,378.5530489668331,1944.8266191369357,835.0266548540891,862375931.8988217,0.03867240263432164
LIRF,311,530,1132.8943396226416,1150.9957117558054,-18.10137213316365,-63.82409379068508,536.759128136665,268.9541370109433,536.5579342952774,741.7686296536772,152584040.93326408,0.0068424816234728975
LIRF,304,545,1137.4532110091743,1094.7648906581412,42.68832035103332,-22.225871441147774,500.5563659134642,258.3151428542867,501.9155617548634,725.3114896544515,137295980.96677655,0.006156903572587515
LIRF,303,533,1121.4165103189493,1082.6199486827954,38.79656163615383,-31.554876642445493,499.9525621571543,267.38914251571737,500.9878076836605,778.7865246459965,133777021.57761365,0.005999099291046526
LIRF,314,217,1248.069124423963,1157.8505969223904,90.21852750157268,-0.8079165535048105,780.0077484136178,268.82598399930595,783.4205307181649,891.3372746366858,133183256.96530865,0.005972472499518948
LIRF,315,191,1262.586387434555,1177.14932690208,85.43706053247526,-16.26716345522948,832.2918513374772,341.4020274773076,834.4953352919842,902.4092264690986,133009050.7431995,0.005964660392393027
LFPG,K38,129,1346.6356589147288,1260.2811957200615,86.35446319466699,-66.28973824667742,941.5003720427126,305.56062513226334,941.8113123813371,617.366689048495,114424102.7086999,0.005131236630501169
LIRF,305,556,1096.4496402877699,1111.6285765364348,-15.178936248664954,-49.59998329079832,444.67234148603967,240.59892215579325,444.5315012601805,643.7835936103713,109870190.12062219,0.004927020888093009
LIRF,831,61,1981.016393442623,1736.5019242736585,244.5144691689645,-106.39946670592019,1242.263517735347,734.8579034740242,1256.0681935216667,2903.9499135571205,96240145.71338378,0.00431579491837027
LIRF,306,559,1086.0393559928443,1077.4074009730202,8.631955019824197,-38.43893233879987,410.80294928446216,239.40018936275249,410.5261005355697,734.5545290951128,94209208.68450582,0.004224719539755766
LIRF,824,71,1997.9295774647887,1725.5758511731992,272.35372629158945,-8.54437613815844,1104.9795494844286,514.2804097231594,1130.4686896791384,1965.0370778891438,90735121.54248562,0.004068927510116089
LIRF,312,519,1143.8285163776493,1141.229750576949,2.5987658007002534,-40.07739904542109,414.0934022344908,231.50377384320944,413.70243842016407,613.9984753061136,88826698.22093584,0.00398334613851496
EHAM,D41,379,833.7889182058047,804.168534209631,29.620383996173537,14.84199478958817,477.7295677760748,130.07494946697247,478.0174984976833,363.8522250284493,86601776.24172342,0.003883571695111142
LIRF,313,505,1159.621782178218,1134.6619971862763,24.9597849919416,-9.263402544106157,393.47523008194844,215.89995769004562,393.87709737768745,582.7465172829671,78345279.75852951,0.003513317210336865
LIRF,302,550,1085.86,1092.0270626838653,-6.167062683865378,-31.616839166815225,375.17045521728727,221.40314179641803,374.87996588261626,653.0980721018382,77294243.85108334,0.003466184536183504
LIRF,501,505,1134.9742574257425,1143.407503289121,-8.433245863378426,-31.128459726652636,384.2294395985079,208.01256699251041,383.9414548816017,544.0314812464211,74442575.5921835,0.003338304270734922
LIRF,310,549,1085.422586520947,1106.9661993602879,-21.54361283934058,-53.59593123990089,365.99666788676046,221.07662009001078,366.2972735377379,588.6218424266004,73661357.23804805,0.0033032713000559666
LIRF,308,553,1111.0886075949368,1090.4110565763267,20.677551018609805,-9.110339223374012,363.95442821846257,216.7025229777511,364.2126466622518,604.0589324723762,73355921.14976342,0.0032895743183241283
LIRF,805,160,1563.1125,1416.5132618789212,146.59923812107883,11.558948123329628,662.5162030515688,372.53411282041327,676.5173742616569,1836.4010422836718,73228121.22846186,0.0032838432562311425
LIRF,309,564,1147.2960992907801,1113.6321008964194,33.66399839436059,-0.2665152055928388,358.72186383318564,226.01412944904573,359.98122438884013,678.1847680506359,73086775.7986435,0.003277504759097507
LIRF,611,343,1400.8192419825073,1370.6423180190923,30.17692396341498,-36.53503773134321,450.7306054483739,255.50766913883268,451.08361511170796,784.9761331581121,69792414.74303089,0.0031297723694829658
LIRF,307,538,1074.5353159851302,1073.8618249630497,0.6734910220805831,-34.99785337548428,358.66470018269956,222.09692822943722,358.33184655869326,677.6622995892074,69080121.19489165,0.0030978302641104074
LFPG,K26,128,1316.5390625,1269.4240340203387,47.11502847966119,-61.967806360895906,731.3317666217569,305.0630434744596,729.9914336548351,875.9492702857193,68209599.1308085,0.0030587925561700218
EGLL,511,541,1521.6635859519408,1534.9241926418567,-13.260606689915832,-28.818665914921212,355.00347532529906,200.04763314839923,354.9230316249524,488.7309190770011,68149963.8824152,0.003056118271960831
LIRF,804,161,1485.1614906832299,1460.2861616093762,24.875329073853603,-49.12196852004922,650.655556038195,341.1114318604233,649.108554109802,1334.4041985463914,67836048.31798136,0.003042041036439849
LFPG,I48,60,1456.9666666666667,1342.5385831131598,114.42808355350665,7.392865899133255,1060.1805215578531,314.21198783516763,1057.5176021978223,528.5373816552902,67100608.737493895,0.00300906096995399
LFPG,K70,114,1177.1842105263158,1188.6080464219376,-11.423835895622082,-101.73820825996637,763.6918702370064,274.74912642909123,760.420781889165,599.568519253128,65919333.270297915,0.0029560878305148327
LIRF,502,482,1222.9356846473029,1218.5956475766634,4.340037070639469,-8.48166348903095,368.4447015008241,197.026663198637,368.0878860729322,522.2893559794247,65305549.48309443,0.002928563298728692
LIRF,301,461,1105.3644251626897,1092.4738936054398,12.890531557249842,-6.238232628103447,374.460665269977,224.37489044808902,374.2763538696417,543.5783804024406,64578165.75940445,0.0028959444892377386
LIRF,704,235,1411.3489361702127,1418.4003713378831,-7.051435167670525,-17.415308344311597,503.9724627010128,269.69998595307237,502.94847138063784,779.5601813582342,59444933.74306826,0.002665749735409156
LIRF,317,207,1151.4057971014493,1156.1607465945904,-4.754949493141201,-39.79454963035653,520.8651049925846,246.41426096929902,519.6272095586141,653.2558553096542,55892574.44113007,0.0025064476675466575
EGLL,512,530,1490.332075471698,1521.058861152366,-30.726785680667827,-28.504012513084717,312.37967464950964,190.7864907678717,313.5938157596737,514.2284776378584,52120773.07983745,0.002337304935815475
LIRF,807,202,1657.7871287128712,1636.8033753968973,20.983753315974088,-16.289622638880246,504.3639187786011,294.28282423834077,503.55134680792287,918.9303411158936,51219919.69215875,0.0022969070494249138
LIRF,401,383,1142.0026109660575,1119.2392592650117,22.763351701045686,-0.28305062921731405,364.9299164148549,229.5493511716134,365.1633904008873,674.1636598174036,51070867.54691413,0.002290222952198641
LIRF,613,303,1349.9174917491748,1383.6796732720086,-33.762181522833586,-73.54478346721157,407.6627039563467,272.8588056333747,408.3874226096042,779.1696520729072,50534426.94455178,0.0022661667996593687
LIRF,601,296,1442.4256756756756,1487.5853720027123,-45.15969632703676,-42.6198245431558,408.9225177094007,253.93565227783452,410.72143753608333,836.483849999372,49932861.378505215,0.0022391901820143557
LIRF,614,203,1271.7832512315272,1267.8596211023998,3.9236301291271833,-65.63650910272759,495.9999394690387,275.8576989405257,494.79231364749825,802.1748971570496,49698345.02986279,0.0022286735264311444
EGLL,508,544,1494.0533088235295,1503.3647163835772,-9.311407560047883,5.226969789954637,299.11972561244494,192.17963947711218,298.9897002426579,504.7270182803061,48630793.42304976,0.0021808002219423613
LIRF,709,201,1574.3383084577115,1563.8877201717942,10.450588285917178,-36.40872532161802,492.1506884553062,274.1012040315032,491.0361276152846,822.50535711068,48464412.20330623,0.0021733390193708286
EHAM,D53,348,844.5258620689655,829.5297570551072,14.996105013858235,-18.896806213266757,371.40553902469463,156.0679911412926,371.1745846801662,419.90239264856876,47944159.16474788,0.002150008782249579
LFPG,J37,280,891.8714285714286,885.3831912829331,6.4882372884954975,-24.131485273115118,413.0891696482426,163.19087885581976,412.4018928483802,413.85205765670395,47621089.94297952,0.0021355210599456028
LFPG,D06,223,1080.4618834080718,1057.1849945647486,23.276888843323245,-20.252505864272962,462.55063038469325,197.4321451908855,462.09898111342,519.7195118003849,47618409.44117157,0.0021354008554717247
LIRF,409,466,1018.3991416309013,1027.3408970810178,-8.941755450116442,-38.690706665341054,316.67987995584645,208.6128724373011,316.46626208286256,553.4062605024008,46670317.087101765,0.00209288458397702
LIRF,405,422,1114.898104265403,1096.3327020689596,18.56540219644313,-12.379215272704187,329.5361553718688,207.22372394343446,329.6686517070085,565.9862714463831,45863559.20552973,0.0020567063182456583
LTFM,F4R,413,1104.2832929782082,1093.8211886735853,10.46210430462291,-6.766463356806639,332.233643903371,184.16336294028798,331.99606593528523,432.94798663952304,45521433.15995708,0.0020413640113738267
LIRF,827,77,1890.987012987013,1691.3242202310128,199.66279275600033,40.80128266781048,746.1240491022616,435.76795710763474,767.6825145122283,1832.2663707705456,45378906.11776196,0.0020349725259923733
EGLL,507,527,1494.203036053131,1486.103293597558,8.099742455573042,4.353353555804915,292.8096381567634,180.95406127378067,292.643811316772,450.62099795412723,45132490.95915739,0.0020239222799497063
EGLL,518,533,1472.1181988742965,1448.8354064158586,23.28279245843771,-0.6707682483236113,289.5207128296797,175.7055526274031,290.1845388464478,455.9546417676738,44882366.49008514,0.0020127056935181254
LIRF,701,267,1478.749063670412,1442.5071197459558,36.241943924456024,-9.796289738414316,409.0670614354438,257.2729992448546,409.90561496596075,782.8351174314505,44862037.719226204,0.0020117940697324446
LIRF,610,314,1219.06050955414,1246.553937040475,-27.49342748633491,-29.366194818811778,377.53052941811495,250.68667393807766,377.93025047946185,781.1955191188124,44849020.10742519,0.0020112103077021227
LIRF,829,68,1772.1911764705883,1687.243530023619,84.94764644696934,-7.666000349803198,810.8867276091073,421.21972355532455,809.372424594153,1766.0046998024886,44545693.07515243,0.0019976079045180522
EGLL,509,531,1501.3182674199622,1528.7285501745914,-27.410282754628966,-36.299631120555205,288.5973863268312,190.5183464398822,289.6254873473282,499.60327729128255,44541832.07114518,0.001997434761581175
EGLL,517,546,1484.5402930402931,1496.51584889135,-11.975555851057107,-28.810871682991547,282.6511351185458,174.8233387967317,282.6459912902886,462.60968362600954,43619260.990288556,0.0019560629665461363
EGLL,401,371,1317.7358490566037,1309.8181409944918,7.917708062111845,-18.927715907154834,341.99718731400696,189.95874355641746,341.6277280475331,436.6823468351297,43299226.19581103,0.0019417113201571007
LIRF,503,479,1063.5762004175365,1073.053949698408,-9.477749280871377,-18.569239711420778,300.0330948245258,189.83127985643037,299.86955968175783,474.16256930773847,43072519.6025673,0.0019315448853930034
LIRF,505,221,1070.7420814479638,1056.7956155164968,13.946465931467003,-16.977134230004822,439.83494899988074,221.9551775867204,439.0602752100714,572.5402345712494,42603037.48412714,0.0019104914203757744
LTFM,B18L,248,1174.600806451613,1143.9141131289957,30.68669332261727,-10.824923968950145,411.589672914559,196.53123762357228,411.90368176312114,434.933163673684,42076831.47640362,0.0018868942281924578
LIRF,706,194,1466.6752577319587,1482.8110525166044,-16.13579478464585,-56.544660356064924,460.80470469763463,267.7658364883408,459.8986830075369,748.1504312065399,41032318.93462098,0.0018400540879725473
EGLL,502,441,1553.4285714285713,1576.1045933639105,-22.67602193533926,-29.56373747591556,303.021960789149,184.62426442115898,303.5264351573658,467.21320904065624,40628578.90614832,0.0018219487624838032
EGLL,519,527,1487.4573055028463,1522.011793956185,-34.55448845333885,-34.451612411297674,274.4573439880123,181.53349314023112,276.365539047425,441.9107749573029,40251159.18815718,0.0018050237454971302
LIRF,408,375,1071.6693333333333,1043.1293841542154,28.539949179117844,-20.442548721938806,326.697371467571,211.8862257512707,327.5073812342299,579.9424641639567,40222906.7860887,0.0018037567942433153
LIRF,411,379,1067.131926121372,1065.2626922776494,1.8692338437227174,-8.167019805158134,320.77283341668476,206.83490338598455,320.354824175215,544.7084559211347,38895713.86811417,0.0017442401298759327
LFPG,U14,278,1173.6726618705036,1150.095442599882,23.57721927062165,-4.832264765215712,368.1296366130721,212.071403677339,368.22253415523943,683.3956188776777,37693418.0353984,0.0016903243527670157
LIRF,238,237,988.126582278481,987.002201176041,1.1243811024399366,-17.10066694000011,398.43483877880146,230.56459457485371,397.5949602403651,610.4931275049204,37465375.32082339,0.0016800980009526155
LIRF,806,225,1518.36,1490.608173670123,27.751826329877037,-9.370621308464251,406.383232573228,269.1371755770379,406.42773950647984,780.696284161899,37166289.17407808,0.001666685776119514
LIRF,410,371,1069.2911051212939,1066.3475711586875,2.943533962606301,-8.852164152541718,316.86725512439216,217.62314929119327,316.45361227756956,646.107019773593,37153011.716426775,0.0016660903615569567
LIRF,603,251,1506.8087649402391,1497.9758526047383,8.832912335500794,-25.711477960866887,385.21415026368913,248.5509523437943,384.54748330654104,645.3664399539431,37117068.49626601,0.0016644785231108505
LFPG,U04,126,1055.7857142857142,994.1298713903495,61.655842895364714,2.3121091641813223,539.1269748156953,251.67170781709146,540.5113590358598,877.4937841851332,36811218.6850958,0.00165076298838209
LIRF,710,229,1468.113537117904,1507.4959074214185,-39.38237030351454,-11.841158410303024,399.03983057712384,270.0879055503971,400.1105069842542,886.7903771097357,36660247.67601609,0.001643992841589629
EGLL,521,501,1488.1836327345309,1475.9172137184091,12.266419016121619,8.596314453463947,270.390237255931,178.97081183804445,270.39862340217843,439.1914442640086,36630823.184434354,0.0016426733291314676
LIRF,236,244,1040.4877049180327,1023.1056733647914,17.382031553241323,-7.747696799631569,387.6535580999587,219.57158089231223,387.2486718232288,603.8091562650784,36590614.254240565,0.0016408701991037942
LFPG,D20,383,1027.7232375979113,1019.9921075413278,7.73113005658357,-22.526925644644393,308.58319571369395,180.1512704025657,308.2770401618075,447.7907491949751,36398302.927024156,0.0016322461863013053
LTFM,D9,300,1309.6466666666668,1297.8913980275756,11.755268639091195,2.8760593539409456,346.5721433896549,221.4626876854555,346.1936780848225,646.3631155827958,35955018.82376932,0.0016123675455735672
LFPG,J10,255,876.4509803921569,872.8477712983599,3.603209093797098,-31.64458162761582,376.2181698286056,171.519364010176,375.4970508072242,455.0780914012573,35954498.967055395,0.0016123442331092352
LIRF,404,448,1073.8125,1078.5501702752479,-4.7376702752477415,-15.603540135688604,283.11414165707936,199.3914245834153,282.8376714685311,641.6343508256173,35838722.48397985,0.0016071523503079321
LTFM,D7,309,1288.9644012944984,1307.6276482858239,-18.663246991325494,-57.54794583493401,339.6312752296596,231.33517721878374,339.5944947480446,601.4693001156407,35635246.04672253,0.0015980276490991608
LIRF,316,211,1200.8436018957345,1214.5170433283074,-13.673441432572936,-27.412049830566502,411.60715112602395,268.7729517336223,410.85821076407257,804.4158454443118,35617743.03332582,0.0015972427436346714
LIRF,403,448,1067.310267857143,1073.9142261350376,-6.603958277894509,-18.10015305757281,281.430852332957,201.73249271222525,281.194138940382,556.4723341235422,35423424.41094144,0.0015885287156496264
LIRF,235,245,993.6163265306122,1020.2706644561724,-26.654337925560228,-5.821069639663392,379.88950508348955,233.8545160970774,380.04926622430725,758.6241868038112,35387173.96562042,0.0015869030999926114
LIRF,606,238,1301.3529411764705,1356.4628139707957,-55.10987279432515,-42.92593433898185,380.41635958684043,229.74977393144934,383.59568786892,586.4433902799487,35020665.116887905,0.0015704673702337613
EGLL,520,531,1544.6214689265537,1523.7025629680365,20.918905958517186,11.632702355159381,254.9026949791661,182.07496214535476,255.52029341324945,504.20957255321923,34669319.40372233,0.0015547116164136556
EGLL,522,324,1486.6512345679012,1468.553259754634,18.09797481326744,5.003125651127334,326.7978365178716,192.36191303029585,326.79464930123265,527.3956039697177,34601496.671060674,0.0015516701725047603
EGLL,311,396,1395.641414141414,1403.2748247011793,-7.633410559765017,-5.8679639024595645,295.8545676458308,184.47738397256043,295.5793615749192,517.9147221222001,34597394.95965858,0.0015514862352809067
LEBL,109,370,1188.1972972972974,1171.2691629570932,16.928134340204252,-17.32090258530104,303.7501788267206,182.68561808250644,303.81140571876074,561.1581479507684,34151506.9905795,0.001531490826744796
LTFM,B17,287,1216.432055749129,1219.6312894389393,-3.1992336898105105,-60.644237042326495,344.99618447266914,233.7548476628635,344.4094805833818,700.3168246080334,34043334.52061017,0.0015266399384513438
LTFM,B13,282,1186.3581560283687,1186.9906594706897,-0.6325034423210301,-10.149903908322017,347.90431968294035,238.0056342693073,347.28749620573063,601.7823548830306,34011626.615878396,0.0015252180285706054
LIRF,402,368,1117.8152173913043,1106.1859434696971,11.629273921607238,-0.5139939020619977,304.1869244081934,215.0012943238939,303.9958644973621,607.5926194443581,34008162.712391466,0.0015250626932169877
LIRF,226,146,970.1986301369863,976.5766071695483,-6.3779770325619705,-55.023248261727076,483.99501067956015,300.9116420250019,482.37681213213176,765.9410763096605,33972358.776882656,0.0015234571008544535
LIRF,412,373,1088.1689008042895,1079.5550192625199,8.613881541769695,-8.975657051851613,301.55380578799304,202.11755297770677,301.27247465538886,564.2097269420959,33855383.786398254,0.001518211472164193
LFPG,J20,269,936.5687732342008,927.6123305092739,8.956442724926923,-19.045273034684783,354.9038800819229,179.5981004196375,354.3567992924126,447.50800035555403,33777991.3840813,0.0015147408858079054
LFPG,F86,386,969.7383419689119,966.0098679149672,3.7284740539445558,-24.47551656828813,294.79605115459213,160.22131356083244,294.4375511967837,428.48814265881595,33463680.020136837,0.0015006459010461681
LIRF,901,76,1669.328947368421,1782.4864597758021,-113.15751240738112,-83.33469188066465,656.3266268962128,476.042676921787,661.7411185518699,1217.2905697327092,33280499.406653278,0.0014924313461433657
LIRF,702,207,1498.840579710145,1488.6356747766956,10.204904933449253,-23.63445805567403,397.6196109120062,249.81765013046504,396.78926447771744,697.1536577516108,32590436.123786975,0.0014614861352080278
LIRF,231,179,898.7262569832402,934.8720832139923,-36.14582623075198,-76.41126915885593,426.208630025526,300.65455397860313,426.55069028714485,823.6088922241497,32568242.957814723,0.0014604909044525504
EGLL,503,460,1516.786956521739,1523.7026074130042,-6.915650891264977,-17.369866905957906,265.102773612544,168.51245895131768,264.90474764488135,407.2518651096134,32280281.649407208,0.0014475775620807134
LFPG,K53,184,1246.233695652174,1207.0243732590172,39.20932239315664,-40.179378945722306,417.54786048689795,239.80009425846947,418.2535749736158,782.9227313008413,32188233.747990653,0.001443449764245044
LTFM,E1,455,1067.098901098901,1055.5397073812346,11.559193717666497,-25.77282807270649,264.7586070618954,180.90514902832587,264.7199942738227,513.2309103178501,31884887.292591386,0.0014298464900499206
LSZH,A42,380,873.2394736842106,856.9755716005083,16.26390208370225,-10.719757147600376,289.5433164914778,132.64327416733042,289.61910734757623,357.65357063178305,31874106.389506612,0.001429363031027661
LIRF,407,450,1003.6555555555556,1021.8091871422009,-18.15363158664534,-19.54351007910344,265.3304029208526,191.53124068328734,265.6564174164834,508.96450523718585,31757999.45155239,0.0014241563293015157
LIRF,233,214,950.803738317757,1016.9118417891546,-66.10810347139754,-76.58695863193921,380.0711133237452,267.829741502069,384.9016934192077,798.8341028035283,31703953.10975238,0.0014217326741255182
LSZH,B31,477,877.1907756813417,854.8435834045473,22.347192276794484,0.6695425106487392,257.04718761605557,122.50771966999669,257.7482013636548,296.29439625265724,31689082.541056998,0.001421065818061107
EGLL,515,488,1498.6618852459017,1514.6998810493435,-16.037995803441945,-5.493908073266425,254.50146243611584,174.45339646501125,254.74592095656516,512.6551153204559,31668996.311076168,0.0014201650707831605
LTFM,B9R,313,1176.44089456869,1127.3013126383407,49.139581930349266,10.358179626640549,311.87042787236857,221.11161538447666,315.2255023968955,577.4607645034584,31101907.734110422,0.0013947345398899157
LTFM,B5R,287,1150.9059233449477,1118.0637532048197,32.842170140127905,8.14113153442895,328.06418581239126,211.84713828892833,329.13479652662085,517.2977977583929,31090627.999685965,0.0013942287112656052
LSZH,A48,471,821.547770700637,808.333131607494,13.21463909314301,-20.98795310528442,256.5488343137315,131.16844121994498,256.61681857262363,326.6772747694321,31016382.23151171,0.0013908992326304498
LEBL,208,423,932.9929078014185,937.8474067436797,-4.854498942261108,-49.383738245238874,270.3953395567413,158.77188703038343,270.1191595021912,414.7680662449008,30863924.419662006,0.0013840624116263926
LIRF,826,75,1877.8933333333334,1774.760674390323,103.1326589430104,12.842566273320926,637.3763451545169,378.37942864515225,641.4579507899834,1291.7406010785871,30860122.697376363,0.0013838919271201627
LEBL,107,364,1238.4615384615386,1211.254102676496,27.207435785042584,-2.8176293821998684,290.03411511408194,183.6140256935694,290.9105260617373,516.284177165002,30804932.039160088,0.0013814169561971066
LTFM,B4,366,1295.3743169398906,1294.8044123813231,0.5699045585676631,-17.889841191821006,288.9711533054662,212.23007283119955,288.5766766975122,655.6376743254114,30479198.39016366,0.001366809750268017
LTFM,B14,270,1217.8777777777777,1166.1523620519188,51.72541572585895,17.52653428405813,332.1349699567411,226.35247686954582,335.5303084216915,650.0937048657808,30396758.724779956,0.0013631128243511057
LIRF,707,222,1401.563063063063,1441.6205959502788,-40.057532887216,-70.2097156913926,368.67643089204165,254.3332306427684,370.0198021397168,703.0220077987835,30395053.18256436,0.001363036340983665
LTFM,B3R,258,1187.2403100775193,1177.4654537738663,9.774856303653195,-30.47596488911779,343.6322621753166,215.83500186775842,343.1049298201113,591.9135953747035,30372016.159650784,0.0013620032682915176
LFPG,D24,404,1039.0668316831684,1033.0276266972976,6.039204985870639,-7.535118022869824,273.2535704074532,169.43567308814136,272.98198687590536,492.12376740998286,30105742.724121653,0.00135006249730208
LTFM,B12R,281,1105.035587188612,1110.1172316360924,-5.081644447480223,-34.9657574033381,327.3626835880937,225.5032510294193,326.81917766329076,637.6998817054068,30013827.743671197,0.0013459406601767335
LIRF,705,223,1410.762331838565,1399.0128784576023,11.74945338096254,14.319318456062774,366.45843618193436,230.92888839014964,365.8245888233128,664.3398668984619,29843561.442667335,0.00133830523494753
LTFM,E2,460,1067.8282608695652,1059.6865666786634,8.141694190902012,-18.49843783453923,252.83377482689173,172.82395405991593,252.6900030969508,470.25922571557567,29372029.32596302,0.0013171598397692906
LFPG,D08,286,1067.56993006993,1049.4026753163212,18.1672547536088,-14.761071852012378,320.28071401692443,180.88360234632756,320.2360293778311,515.8382777017282,29329618.750340216,0.0013152579791122717
LEBL,268,472,794.9216101694915,774.5469782443007,20.374631925190723,-9.589484488455582,248.302696313869,140.3348619302244,248.87493095188586,424.6239812736013,29235081.15297641,0.0013110185333043574
EGLL,309,383,1303.5248041775458,1308.3606115418563,-4.835807364310804,-33.660154132356865,275.99679168271905,175.81542054772396,275.6786638925801,520.8982103229484,29107511.952904094,0.0013052978176785488
EGLL,505,467,1478.083511777302,1507.0243057122264,-28.94079393492445,-12.932204431199352,248.1081785182899,167.63092642537214,249.52639673151495,466.7007442782945,29077018.384934854,0.0013039303635386044
EDDF,B48,266,1009.0338345864661,994.792006633778,14.241827952688315,-26.111873145640857,328.3336463320535,151.20815350514803,328.0252103174025,324.68747915903816,28621743.26860446,0.001283513997593245
EGLL,527,187,1478.1176470588234,1470.3954442158563,7.722202842967612,-22.357109988332468,391.8978032562906,207.42257045842618,390.92482192730665,615.4733637513772,28577754.46659363,0.00128154136292217
EDDF,B43,316,1155.6993670886077,1117.0051919679622,38.69417512064547,16.45913945030395,297.2325093669769,160.55745320208453,299.27382808720387,343.86172658768083,28302484.440238282,0.0012691971486432129
LIRF,237,231,913.1731601731602,1003.5828808631813,-90.40972069002116,-58.640033966656915,337.81596380692775,248.86839236111223,348.99787770938957,592.9464214630673,28135688.807147007,0.0012617173621116598
LIRF,318,165,1258.3030303030303,1239.3889146828712,18.914115620159105,-13.109140696131703,413.45940853546654,246.13006770531206,412.6383085159921,641.2865947599267,28094611.653064944,0.0012598752974354857
LFPG,CFW,136,1442.2279411764705,1430.3756654065764,11.852275769894053,-48.49371481653259,455.54924463193703,255.82382498048858,454.0260683789843,830.5702348729042,28034995.224404223,0.001257201857178739
LTFM,E3,458,1058.2794759825329,1062.4250728833833,-4.1455969008506415,-19.533865757574233,247.53048031385475,174.9645036526814,247.2948532473004,492.49467606371815,28008872.954712562,0.0012560304296216017
LTFM,B5L,285,1112.1649122807019,1101.6197059023693,10.545206378332708,-25.829758580703356,311.8372962948403,209.09689216917303,311.4682953141389,563.0841910128358,27648562.21098026,0.0012398726478008513
LFPG,F80,340,939.0088235294118,944.4089031754959,-5.400079646084249,-45.03759313953486,284.96506569922536,165.7263494118978,284.5969273078378,435.4367716206422,27538439.75124132,0.0012349343141292131
LFPG,U16,241,1123.1327800829877,1086.0999767989917,37.032803283995925,7.865736804099129,336.663011957223,180.4793633540085,337.99868853585815,597.7286066677237,27532590.341922373,0.001234672003106853
LFPG,J33,246,881.7439024390244,890.0135677775949,-8.269665338570388,-43.19492054618979,334.9525034216057,158.82350189636915,334.37329001828203,355.95187735719236,27504152.281101935,0.0012333967261684467
LFPG,F82,331,986.0543806646525,971.0429826816845,15.011397982968145,-18.905140790521614,288.1426467097347,153.76284391994224,288.09840771335075,437.3829234630422,27473229.226426437,0.001232010012118507
LEBL,115,388,1193.1082474226805,1170.2696863534318,22.83856106924872,-15.633828314802372,265.40728600637567,171.60764997031325,266.04713548002155,516.2291116490799,27463058.37928448,0.001231553910456509
LTFM,C1,382,1141.913612565445,1156.3978931594515,-14.48428059400659,-33.84713714661251,268.06160746363656,186.31830999855427,268.1020559115318,549.2915677387076,27457668.130684227,0.0012313121900461201
LTFM,A3L,245,1145.4285714285713,1156.0351728450744,-10.606601416503144,-33.23743082848023,334.6819978587014,207.52100300759173,334.1666465785639,546.3413845812499,27358500.182962902,0.0012268651007190164
LTFM,A2,240,1356.5333333333333,1307.941957997321,48.591375336012334,13.053709109293209,334.7754037789749,233.91768938849088,337.5925285804721,727.2080872531188,27352491.684805647,0.0012265956555137759
LEBL,264,487,768.1991786447638,771.1844685799055,-2.985289935141714,-25.804928094811658,237.06656029884653,149.86351978103875,236.84185529514073,427.71706859514734,27317809.372366812,0.0012250403612374494
LFPG,B24,143,1176.13986013986,1061.067646059293,115.07221408056687,58.70075053101414,422.9721445946188,190.15190250923072,436.9164251863425,533.9982316783982,27298122.651458632,0.0012241575295519288
EGLL,561,212,1578.4103773584907,1571.9259315137444,6.484445844746285,-22.958655021803793,359.2893297741952,207.73269612988705,358.4995969139416,623.2566194534464,27246655.729341224,0.0012218495459210645
EGLL,513,510,1502.3686274509803,1503.89569021327,-1.5270627622896513,-10.9791638014716,231.26780978752114,161.83031577372282,231.0460118851661,467.0376934511884,27224952.400100566,0.0012208762814132623
LTFM,D8,281,1260.2989323843417,1272.6284075140156,-12.329475129674062,-37.48731817976568,311.2416974386571,217.31473563641444,310.93194130505697,620.4270043582467,27166706.866768524,0.0012182643176126171
LFPG,F08,404,1015.2846534653465,1008.8650603960862,6.419593069260406,-14.730067668821619,259.48295511202946,161.63767486831497,259.241110315808,404.092137804251,27151205.12422026,0.0012175691571759846
LTFM,F2,396,1099.989898989899,1108.7992641716585,-8.809365181759537,-27.23902191565287,261.16149463457447,184.08910858148712,260.9802588745877,471.7394092142085,26971835.42680974,0.0012095254990657884
EGLL,506,453,1424.8344370860927,1444.056435840359,-19.221998754266373,-14.666290907628763,243.47491396489008,171.27371881460846,243.9644604541975,449.5719780035624,26961952.058012586,0.0012090822890881334
EGLL,226,489,1083.9509202453987,1112.8340234622424,-28.88310321684349,-31.068097505780997,232.8729867449711,161.625865873458,234.42090811889298,409.0243929336762,26872096.297847085,0.001205052795676273
LEBL,114,399,1206.2756892230577,1190.4114604171778,15.864228805880106,9.875001815292421,257.9853241230994,175.91517529309075,258.1497494277818,516.3049984245665,26589875.958720982,0.0011923969014396977
LSZH,D15,172,678.0639534883721,660.7372813756256,17.326672112746476,-30.66484496644759,393.6953203044182,157.267087186421,392.93139252395287,316.1982262077099,26555953.62769979,0.0011908756877844677
EDDF,A15,354,879.04802259887,886.5648523196961,-7.516829720826069,-42.25926159334466,274.10612988033836,140.22996129564885,273.82189420810107,340.2089610404513,26542364.13069023,0.0011902662801230148
LTFM,D2,348,1115.0057471264367,1102.4998016193815,12.505945507055293,-23.359245555541463,276.2666703074713,180.05954878797414,276.15276939666865,531.5843379842293,26538602.511816483,0.0011900975940149483
EDDF,V178,163,515.8650306748466,454.31073529140536,61.554295383441215,-7.871348984640747,399.7565764907231,168.15425307657148,403.2540774608399,498.61271883521636,26506057.71117327,0.001188638154358096
EGLL,317,215,1356.506976744186,1421.222194382198,-64.71521763801168,-38.627226380764114,345.1761272770602,166.2856048146863,350.4004112366292,394.5491633154909,26397796.361881755,0.001183783280358635
LTFM,B10,323,1231.4674922600618,1233.6947648298838,-2.2272725698219156,-48.976255642023034,286.0165303755802,206.00051605864022,285.5821225613402,533.2965884775994,26342959.038704827,0.00118132415439878
LEBL,234,448,826.5803571428571,809.4273863286278,17.15297081422933,-10.471774513047478,242.1268490163952,134.5632404828322,242.46396666292236,347.9533515143394,26337371.25820359,0.0011810735758640797
LTFM,C3,376,1194.8829787234042,1191.6853111315795,3.1976675918247714,-12.978509486809628,264.87541148259703,191.42715297036688,264.5422757227889,486.5179703789036,26313463.482366614,0.0011800014551113323
LEBL,262,453,768.1611479028697,766.2867625449909,1.8743853578789098,-31.881597038585937,240.8231850362309,140.08843695938063,240.56453127728287,398.75840160407887,26215696.050022442,0.0011756171705223448
LTFM,C4,373,1188.3243967828419,1198.7763827805475,-10.45198599770562,-25.189204137078377,265.2415190411053,191.28732616142085,265.0918582745894,496.25988370773854,26212087.609656177,0.001175455353554171
LIRF,605,234,1385.9273504273503,1385.4241382486318,0.5032121787183695,-7.955900535795536,335.24514816517774,228.54926923415968,334.52842389983425,616.5412962608002,26186768.336876284,0.0011743199356057637
LIRF,221,146,876.0479452054794,946.4807208040049,-70.43277559852541,-90.89832993536118,417.82794985456076,291.71671155742024,422.3093851588528,651.0714422583742,26038401.651814252,0.0011676665771689103
LTFM,A9,264,1200.784090909091,1229.2112307593013,-28.427139850210317,-38.741243950344085,312.3042688450858,210.07379081072685,313.0057696187295,586.7620404247028,25864769.519057877,0.001159880214516806
EGLL,501,461,1523.5054229934924,1548.8217341092302,-25.316311115737914,-27.92266122258866,235.29632549118986,174.81209649449664,236.4004656739393,459.6371405168111,25763068.058764316,0.0011553195123038963
EGLL,217,514,1161.6225680933853,1192.591106135242,-30.96853804185658,-21.076643387000615,221.91349806050783,165.5668621594375,223.8500444681229,462.6409582784374,25755944.997907627,0.0011550000856278386
LIRF,903,51,1836.7843137254902,1810.310568381633,26.4737453438575,-59.048798440815744,716.7861519381017,499.0882053005559,710.2176302654118,1589.5106420147947,25724863.199330673,0.0011536062528633732
LEBL,258,415,762.4506024096386,764.72475629356,-2.2741538839213615,-26.356073888282594,249.00719993032348,149.0944932215486,248.7174074185129,435.91161071703374,25672044.73248941,0.0011512376605352973
LTFM,A8R,295,1173.1661016949151,1136.4532830771586,36.71281861775669,-0.4414993214061269,292.21968575626374,183.61246805008633,294.02501631485063,495.34024363919673,25502959.514589712,0.0011436551998192017
EGLL,525,235,1491.931914893617,1471.049672309579,20.882242584038103,-6.7860625642624655,327.40272061738324,186.83401547574135,327.3720682169944,569.494425853455,25185530.696438022,0.0011294204158819115
LIRF,406,334,1069.3413173652696,1047.0633026246844,22.27801474058506,5.183733404150985,274.05186030530274,185.37157147843325,274.5466600384116,527.3969075943994,25175540.091774546,0.0011289723970170347
LFPG,J11,312,887.7852564102565,890.9988100642834,-3.213553654026766,-24.582994585049335,284.0479547327007,162.82742250158796,283.6105911012995,455.99995412857527,25095709.824066497,0.0011253924869789455
LIRF,232,175,900.1828571428572,932.2640395142112,-32.08118237135393,-33.913613103875946,378.07071029986275,234.00000650859837,378.3515280158391,523.0886061123819,25051228.78158605,0.0011233977782669215
LIRF,229,126,926.7777777777778,915.4083711144873,11.369406663290242,-29.512151108336127,445.92994338423927,250.88951141792535,444.3023467406571,566.0323435979186,24872976.49022614,0.0011154042291348365
LTFM,F12R,404,1040.0544554455446,1030.9872195614075,9.067235884137007,-28.886159929168286,248.18003140615588,167.74935085500204,248.03847286800823,497.39604043221703,24855325.945168234,0.0011146127077577364
LSZH,E42,227,995.8281938325991,984.0611504745782,11.76704335802085,-24.841716213342238,331.1777364560541,181.11954891797794,330.6569073594866,433.17615042687805,24818815.8172906,0.0011129754468912306
LEBL,232,466,833.9420600858369,802.9966004254492,30.945459660387833,2.254661861991906,228.577213992466,142.844025645468,230.4192809633898,472.9104491703754,24741358.988493476,0.0011095019713926455
LTFM,D17,264,1145.685606060606,1149.2769180593605,-3.591311998754353,-43.531433658179594,306.4970425668749,205.27297485137956,305.9370844390877,487.60709022458246,24709739.90366362,0.001108084044553272
LIRF,322,96,1234.6041666666667,1194.621110871779,39.983055794887655,-32.85398850737755,508.2666993331278,294.71101210570896,507.1909822011409,1016.742168753443,24695298.47291117,0.0011074364327589069
EDDF,E2,237,1159.9746835443038,1142.7639326827182,17.210750861585804,-26.670203276079747,322.6408890002327,179.1238292273905,322.41917552702705,378.3856305308634,24637127.565164104,0.0011048278154694084
LTFM,F6L,374,1083.8877005347595,1077.1562172045558,6.731483330203654,-12.682323014002236,256.7560522292496,180.28987785063276,256.5009097954526,467.3004122215261,24606476.055484697,0.0011034532785884198
LEBL,260,445,775.3977528089888,763.5139126340733,11.883840174915358,-23.80596592355778,234.71409284571456,136.88746965216657,234.75121234991778,359.3306819125467,24523118.606391504,0.0010997151955614458
LIRF,708,211,1416.6587677725117,1438.6494065297857,-21.99063875727364,-18.82127004987342,340.45101775439474,236.17465747865364,340.35446508512655,686.2060852201513,24442485.161613733,0.0010960992678356195
LIRF,711,242,1381.4256198347107,1396.8607210891541,-15.435101254443381,-8.807095038091063,317.5124228630325,214.94563085103346,317.2314512673709,703.527315403268,24353862.068914965,0.0010921250521869993
LIRF,608,123,1455.7967479674796,1540.310048660786,-84.51330069330591,-58.805199977005486,438.2017484012551,285.00021959675354,444.5246065244696,1017.4193974435142,24305061.474105347,0.0010899366373884596
EGLL,218L,488,1157.5184426229507,1189.9959449060884,-32.477502283137525,-36.25799264436125,220.95975511031952,163.69264873649402,223.10973525277907,422.10048988649277,24291641.534707807,0.0010893348333717737
EGLL,330,274,1346.5693430656934,1361.852117567627,-15.282774501933503,-28.243218735781056,297.84090940715623,180.2223135343854,297.6894594739235,500.62345163756,24281609.913234226,0.0010888849751482875
EDDM,113,349,1144.6189111747851,1140.0096269798942,4.6092841948907814,-41.56115599907571,264.0608632549862,179.85910585372613,263.7225642749607,533.5342439390587,24272807.226808507,0.0010884902273113788
LTFM,D11,295,1248.379661016949,1225.227142663203,23.15251835374618,-7.712774639668851,286.3688878241188,200.30327601927985,286.81908708269634,599.2556274145958,24268230.670910645,0.0010882849961519575
LTFM,B15,301,1175.7109634551496,1151.1479547888923,24.563008666257208,1.2440006400856873,283.31987170302074,207.64944483636083,283.9133897130298,604.033542072506,24262650.67036116,0.001088034766501561
LEBL,117,322,1237.8788819875776,1238.5327656296488,-0.6538836420710982,-25.669861334895245,274.9169281477965,186.59069045999826,274.4904853889742,614.0891122393327,24261098.55524204,0.0010879651634217425
LIRF,609,237,1376.6244725738397,1377.2424459446174,-0.6179733707777268,-44.21529303592206,320.4416378359881,233.66507875212042,319.7654831404985,725.8151687129673,24233241.517314106,0.0010867159418849394
LEBL,266,493,797.9939148073022,785.5081249775953,12.485789829706878,-21.310717979346805,220.69257613778797,148.49248842866191,220.8219069163626,454.9720389251122,24039821.0850701,0.0010780421923555726
LTFM,A7R,299,1144.0602006688964,1151.6352348446135,-7.575034175717105,-24.71945364532621,283.9097669795765,196.79472969997573,283.53581044751525,540.9422687221125,24037374.186032657,0.0010779324635687626
LTFM,F5R,381,918.5590551181102,929.2431555328193,-10.684100414709086,-45.719182623777215,250.7203531838553,175.57551076106495,250.61894740862536,487.9607678110684,23930555.44087899,0.0010731422817366004
LIRF,828,75,1689.6533333333334,1638.1051869067678,51.54814642656573,14.580951593865393,565.8454398412273,339.3946567596959,564.4193408851896,1287.9905752226343,23892689.42739539,0.001071444217510283
LFPG,F32,395,1002.979746835443,981.9541622125948,21.025584622848122,-14.32786174830585,245.12060012694542,154.50247632413945,245.7113594198851,470.57280196723815,23847758.498447344,0.0010694293340809797
LTFM,F3L,363,903.4931129476583,900.4640794243322,3.029033523326333,-20.191465087405504,256.04539850990267,164.2073242150904,255.71041660135592,465.7372609602335,23735777.628513355,0.0010644076618273332
LTFM,D5,358,1146.3212290502793,1153.6757146566342,-7.3544856063549,-29.708435391252692,257.544296648719,192.2973175600799,257.289479920336,499.8378375388829,23698839.779008366,0.001062751220204064
LTFM,B7L,272,1130.110294117647,1110.1847422718708,19.92555184577616,-12.785939377661748,293.6293876963601,213.263063537793,293.76566544638075,584.8301623752534,23473128.405082133,0.0010526294150739026
LIRF,225,147,936.4897959183673,938.4246124637822,-1.9348165454147277,-64.61938299682004,400.5547841702318,291.3485673813536,399.19471681776736,727.8313495505026,23425394.02447697,0.001050488813605355
LTFM,F5L,373,930.6621983914209,940.0354932006355,-9.373294809214439,-45.04388646169252,249.60930359023706,164.38532204551836,249.45064859639925,428.3122854270189,23210158.52976627,0.0010408367890012797
LTFM,E4,435,1077.2666666666667,1077.9474670619402,-0.6808003952734437,-35.33435370396103,231.08981108410552,167.70487180819063,230.82504176635766,421.9634413379978,23176886.95930173,0.0010393447580647856
LTFM,B9L,287,1125.6550522648083,1137.0540868547337,-11.399034589925472,-35.65431549847176,284.0728320423439,210.22447384649223,283.80651221441144,550.3821014477998,23116741.139713645,0.001036647577791259
LEBL,256,387,778.6976744186046,768.8910670696171,9.806607348987558,-24.31187908859704,244.36869585825593,150.6009765631403,244.2497164784732,393.45043428022717,23087616.58792823,0.0010353415158390086
LTFM,F6R,401,1083.780548628429,1091.3304066555265,-7.549858027097648,-30.99670089718518,239.80376515058677,168.8065371407848,239.62353815396375,420.9910834932998,23025195.455007073,0.0010325423013712504
LTFM,F17,305,1030.1540983606558,1015.4475305438477,14.706567816808072,-19.27906193007334,274.67206134947776,181.47828718067882,274.61548502483737,550.9452992552542,23001167.707705133,0.0010314648006158544
LTFM,F4L,411,1089.4136253041363,1080.0390400599454,9.374585244190865,-6.400227330711118,236.33231909690767,176.22598469520563,236.2307190145503,484.6643092950774,22935835.521120008,0.0010285350428024173
LTFM,F12L,383,1070.3472584856397,1056.5710256032974,13.776232882342184,-22.23788616597244,244.14012648250963,172.53169421663986,244.21007530915293,434.9241787200365,22841568.81799832,0.001024307744981031
LFPG,F90,399,966.8771929824561,957.835774779992,9.041418202464122,-13.112380920553619,238.56843636717596,149.5933243101753,238.44077297532954,411.6415076731868,22684746.884611983,0.0010172752192280734
LIRF,321,100,1092.74,1095.6504868026727,-2.9104868026726636,-53.67253234580505,478.2125845648356,272.0431131260872,475.82441531435387,771.2408457537879,22640887.420924675,0.0010153083846072297
LTFM,D15,269,1171.5947955390334,1190.0312139359824,-18.436418396948994,-37.627970849636085,289.9737825666403,204.48668944131566,290.0208841098307,525.7489652510639,22626158.45613907,0.001014647878631232
LEBL,111,354,1251.6412429378531,1235.4264352754533,16.214807662399764,-29.07674117125896,252.5825352193978,164.87636572878998,252.7461907212324,493.4420428253965,22613745.471129127,0.001014091230496188
LEBL,102,270,1235.9888888888888,1247.6974571740143,-11.708568285125336,-27.896783899162756,289.4025215428807,199.38983311176094,289.1032872785688,630.1691718952645,22566791.893124163,0.001011985643354242
LEBL,103,267,1232.7902621722847,1184.7247921061169,48.065470066167855,5.586128752055856,287.07897176070344,161.66453642524215,290.54424364400853,531.241632159849,22539060.65641662,0.0010107420632497503
EDDF,E6,230,1294.6608695652174,1265.606299549139,29.054570016078372,-20.965583894283668,312.25077871547774,176.1330968673919,312.922995987255,448.6772745478635,22521784.326057106,0.0010099673231636773
LTFM,B2,348,1222.1494252873563,1218.4634445860167,3.68598070133968,-11.526963589160005,254.3134111286258,184.79100099528165,253.97450450498172,477.8532857180084,22447061.03061574,0.0010066164302867052
LTFM,G2L,386,890.6917098445596,858.0785488622327,32.613160982326924,3.21357847371911,239.13827498034158,151.746478651175,241.0447669693384,466.4552839425124,22427595.757754825,0.001005743529221613
LTFM,F18,295,1049.006779661017,1050.6879586830835,-1.6811790220666778,-11.608044328069582,275.7083409343171,179.50431048593728,275.24577627091276,562.1963267128638,22349270.019718315,0.001002231088340629
LEBL,224,509,830.3811394891945,817.6728037126005,12.70833577659408,-12.162903222271893,209.02410152466436,137.5317566100261,209.2050184241606,435.382871796068,22277270.524531372,0.0009990023416138892
LTFM,F9L,362,943.0082872928177,937.4889349948329,5.5193522979847565,-25.001396588534305,247.80971887315442,163.1483297639072,247.5287459709638,447.09505762966864,22179913.78966877,0.0009946364743505492
LFPG,E44,313,1077.968051118211,1093.0336082324554,-15.065557114244545,-46.34397040554097,265.8567549966015,177.23609106803156,265.85893079917895,433.80315753309213,22123143.94981866,0.0009920906865763758
LFPG,D16,366,996.4644808743169,1016.1548125176437,-19.690331643326804,-39.05115407924376,244.8123561594129,156.46940578072707,245.2693361944535,419.98521831016797,22017479.303480037,0.0009873522591733487
LTFM,D10,281,1214.491103202847,1243.7638008804636,-29.272697677616662,-45.81132212759985,278.75022124970445,208.00244071026333,279.7893104125203,586.2943915913936,21997258.360132936,0.0009864454708066522
LTFM,142,54,1402.9074074074074,1230.256528756218,172.65087865118943,0.5352816279643093,619.9936382255614,339.7080334264461,638.0298307329516,1165.6372968269397,21982431.50487642,0.0009857805750285219
LFPG,U12,255,1150.450980392157,1173.1536382308216,-22.702657838664717,-44.547573104027606,292.9840895295463,202.89439746418523,293.2890403802893,606.5717076725139,21934707.6078337,0.0009836404436850469
LFPG,D18,379,1011.4960422163589,1030.9549707382519,-19.458928521893153,-23.8499174677022,239.96675393592264,165.3539991802576,240.4386743118918,477.7971970664667,21910276.56374193,0.0009825448574807643
LTFM,G10L,433,977.0300230946882,962.3649961728421,14.665026921846232,1.0176915183277515,224.60011538121054,151.77148753782998,224.81942353792317,412.3918797833186,21885453.79556713,0.000981431704794278
EDDF,B47,379,859.4300791556728,848.5077378618267,10.922341293846161,-17.00659860213932,239.9677472109355,122.72252756460931,239.89972737401123,302.00273341356063,21812162.214573342,0.000978145015747128
EGLL,403,196,1402.4336734693877,1448.6518263346877,-46.21815286530014,-54.9495844055233,330.9288693724022,220.49866140606588,333.3035999895723,562.697304258586,21773892.79413773,0.000976428861131809
LTFM,D1,353,1182.0509915014163,1181.401468630328,0.6495228710884563,-27.768189417535723,248.3490500253604,178.73792583589167,247.9978819240262,495.6457204794151,21710541.151897542,0.0009735879188865127
LFPG,E20,239,1189.857740585774,1249.1324035807568,-59.27466299498295,-77.36373630791252,296.07353374509177,213.07853922225453,301.34074857281996,569.9610975626241,21702692.973352175,0.000973235975019081
LEBL,200,496,897.0947580645161,894.4581054146298,2.6366526498862317,-21.474095619744674,208.97167469233364,137.80932369103385,208.7775612894346,353.1868931462144,21619682.768589955,0.0009695134638234663
LTFM,A3R,241,1203.7095435684648,1164.3992647081313,39.310278860333135,8.754305366693643,297.3786906459035,209.41598744232286,299.3533652071787,660.9384633373684,21596597.37986786,0.0009684782222140849
LTFM,B8L,321,1200.3738317757009,1197.5798232052637,2.7940085704374162,-15.90804468642068,259.7368006767632,196.97758418356966,259.3469613473025,531.7039910809222,21590731.681585435,0.0009682151807291376
LTFM,G4R,400,888.4225,856.1616803250798,32.260819674920235,1.5041699035084548,230.33711266252587,155.85020964263666,232.30003872606773,401.3503366994943,21585323.196853027,0.0009679726425372928
EGLL,307,292,1415.291095890411,1489.5799772011255,-74.28888131071454,-60.95757963010021,261.8478042292786,194.27802685316354,271.750439398765,545.1610588937015,21563703.98351918,0.00096700315012481
LFPG,B08,338,975.0414201183432,1004.3591503542638,-29.31773023592058,-19.243370106159887,250.7237649360296,163.0006514097628,252.0633891688378,461.61638070986334,21475151.829836972,0.0009630321156667929
LIRF,825,88,1749.8863636363637,1680.6578938112127,69.22846982515121,-20.502031040643942,491.784176279848,307.5787704613584,493.85822112538983,785.2593677803668,21462842.94643583,0.0009624801358662671
LTFM,B7R,274,1135.846715328467,1133.8638864071972,1.982828921269953,-19.25251344332105,280.1066764511962,191.1518321993945,279.60209646890826,497.870146797274,21420589.06384758,0.0009605853019546593
LFPG,U11,207,1159.855072463768,1143.973788333086,15.881284130682111,-8.35913979307179,321.64082227410245,184.97131610735573,321.2557574091009,597.410093021307,21363489.165378485,0.0009580247130255207
LFPG,F76,311,969.225080385852,979.1488699802427,-9.923789594390506,-33.58536004772168,262.2673538696117,172.16730183974656,262.03334817811225,473.029708577928,21353718.898361295,0.00095758657498623
LIRF,801,95,1510.578947368421,1483.2680900854853,27.31085728293628,-31.558615525945015,475.69913793713556,268.0776555995102,473.9763245512302,762.6810170523362,21342087.842333846,0.0009570649916892965
EGLL,542,217,1578.1336405529953,1566.9874978763903,11.14614267660528,9.475311629418002,313.90988008707933,189.66791249635136,313.3840306018784,488.0363658828178,21311472.48807255,0.0009556920761625631
LTFM,F1L,363,890.2424242424242,902.3635268916815,-12.121102649257399,-36.57517194057732,242.20365936787294,171.79763445153995,242.17334441924697,454.16828100960845,21289198.13523477,0.0009546932046617491
LFPG,F02,390,1014.1615384615385,1027.4077838503206,-13.246245388782052,-28.235414199800516,233.56221599889352,148.8750998492456,233.63838855931255,430.3992390769775,21288889.677350998,0.0009546793721705632
LTFM,D4,352,1063.0056818181818,1059.9819191936317,3.023762624550152,-21.26326349051584,246.0552633754952,175.37393624490824,245.72410966131326,437.83793625741026,21253879.00023348,0.0009531093527023624
EGLL,303L,205,1305.1365853658538,1283.8352084531346,21.301376912718933,-12.520931929052267,321.75985192247737,206.4946968922909,321.68016645866334,708.6596494008052,21213016.54603904,0.000951276916032018
LEBL,106,371,1251.8706199460917,1240.2527695466233,11.617850399468287,-32.300516757657874,238.81758378463923,154.94610486749423,238.77831298130695,486.236578193043,21152595.70032382,0.0009485674024816335
LSZH,GA6,363,404.1735537190083,416.96649607090575,-12.792942351897475,-34.518646488289846,240.50334187901217,144.4591999600243,240.51231334187636,369.59386192388337,20998160.751469113,0.000941641918708252
EHAM,B23,500,773.896,771.3655297348606,2.530470265139389,3.0857732812320933,204.9800684147387,130.6849157702232,204.79062007372087,381.33889237256744,20969599.035089545,0.0009403610965576084
LTFM,D3,346,1191.1242774566474,1190.8807034680597,0.2435739885876727,-37.30272456364884,246.3823435838585,187.47529205685248,246.02616267835808,492.4906268493972,20942989.96189432,0.000939167838774931
LFPG,E34,247,996.9352226720648,984.4049134029774,12.530309269087372,-37.72269871632682,291.34165577823893,169.16481200115285,291.02117702608234,418.08749294424695,20919251.392978646,0.0009381033059405693
LEBL,206,443,907.0361173814898,913.5579099094948,-6.521792528004872,-29.38765083630051,217.29498756050202,137.86721463269402,217.14755465955113,374.85131942596615,20888805.799117878,0.0009367380031524544
LTFM,B16,271,1135.3542435424354,1155.7477869792276,-20.393543436792193,-21.517190886436197,277.09052865502997,195.50773504515433,277.32965897412316,530.5442329155202,20843081.471356638,0.0009346875405317353
LEBL,226,487,865.7494866529775,831.7629015170139,33.986585135963416,11.506042964700441,204.25726649334308,135.51616629126573,206.85852512414866,394.5753528861838,20838948.865854025,0.0009345022178922526
EGLL,224,483,1098.6770186335405,1132.1074104384124,-33.43039180487215,-24.764329579798982,204.72474270247105,148.71915576801044,207.22701703118497,395.03811753684346,20741486.67183158,0.0009301316214163499
LFPG,F22,343,941.4781341107872,932.383767865076,9.09436624571114,-25.780083772163152,246.05160894136142,155.277856878147,245.8609286515696,356.91496458155734,20733525.509432383,0.0009297746108988356
LTFM,C2,397,1162.1007556675063,1169.3344696999134,-7.233714032407056,-30.76143564407812,228.03891003934825,170.64017964588854,227.86637388761903,460.04144370856886,20613464.4864308,0.0009243905921078862
LTFM,B12L,271,1100.4981549815498,1094.7972656849481,5.700889296601698,-24.51081528594318,276.23833101240876,199.87970674494122,275.78712396020836,536.497125455603,20611863.728147943,0.0009243188076731113
LTFM,F8L,357,1053.406162464986,1049.2487209418991,4.1574415230867245,-9.784880956255847,240.4430333594871,160.4672896466154,240.14203265652827,412.73642883624836,20587545.917882048,0.0009232282993286621
LTFM,G8R,409,891.0366748166259,894.4586373832758,-3.4219625666498277,-20.457193028863003,224.36935311543158,155.7654251235126,224.1210205056371,388.07353897828636,20544164.819487676,0.0009212829165300812
EGLL,543,228,1565.6359649122808,1595.6537261892108,-30.01776127693017,-64.72091746349292,299.25383862785577,204.01733980410572,300.1018997342782,553.5840337286569,20533942.251099996,0.0009208244954795599
LTFM,F7L,353,943.385269121813,951.640502874704,-8.255233752890947,-36.563933158776535,241.37686344751535,162.60163793436288,241.1760533197403,439.62525848919506,20532558.709294833,0.0009207624519046275
EGLL,562,192,1628.9322916666667,1636.6438024119961,-7.711510745329487,-22.76464252495623,327.6310709760334,215.6321934452611,326.86772941381673,734.4816948583907,20513762.406171672,0.0009199195501311341
LEBL,112,421,1228.1401425178146,1223.5667482773033,4.573394240511528,-22.10143038952947,220.72682279331522,149.29174622740143,220.51195202344684,467.19601531861576,20471344.33476538,0.0009180173533330582
EDDM,115,438,964.7762557077625,956.4861163463967,8.290139361365915,-7.970137389713273,216.23654764607056,136.27346429764438,216.14859926809376,424.1738301163409,20463455.030914836,0.0009176635652416617
LTFM,D16,279,1075.5770609318997,1081.938756265161,-6.361695333261053,-35.06869331455414,270.0415229605325,182.67972109626544,269.632202443581,451.62736183547423,20283725.36188677,0.0009096037645574258
LTFM,D12,292,1178.7705479452054,1217.2333169633337,-38.46276901812829,-50.61388064095638,261.1693562045884,198.8165021770067,263.5435889440895,557.3071779616488,20280925.195871115,0.0009094781938595494
LSZH,E20,175,1040.422857142857,1010.3651178369512,30.057739305905898,1.1304717579440648,340.000775120491,178.17579709079985,340.35778283189717,410.0843058002465,20272598.55849285,0.0009091047939751472
LFPG,F34,348,950.5431034482758,945.6978744381748,4.845229010101015,-7.906723299840394,241.54682406770598,151.4475946349984,241.24818505859236,454.87571214116434,20253839.00433456,0.000908263540172931
LTFM,D14,251,1115.2270916334662,1139.450641437865,-24.22354980439905,-46.81195329083471,283.34330682902413,184.6228716549407,283.8139453744954,457.6623271258244,20218139.2528483,0.0009066626198406786
EDDM,309,373,841.6139410187668,802.8265342723959,38.78740674637097,13.487945710959252,229.72071456607824,125.8310273271862,232.66841380926252,340.9915230076025,20192202.362625293,0.000905499505443947
LEBL,242,311,825.1382636655949,789.516258598958,35.622005066636966,-21.573231962202385,252.42800762228924,154.45126484460124,254.52689276768848,421.7443144980562,20147805.073154036,0.0009035085525534546
EHAM,D49,364,852.5412087912088,836.4658861351105,16.07532265609828,5.274681903633336,234.7818521418548,129.92434990606236,235.00957130377694,344.7392598961963,20103537.491996147,0.0009015234163050253
LEBL,212,427,895.1264637002342,929.6162999210608,-34.489836220826696,-48.39301682241887,213.82280278840756,135.12595055501816,216.33923996355665,373.23163525195037,19984738.70139999,0.0008961960010879874
LTFM,D6,291,1175.5979381443299,1184.964374573922,-9.366436429591966,-45.653240499817684,262.3376871515601,191.39285141388817,262.0539901169801,486.9958984907495,19983637.477243017,0.0008961466177710211
LFPG,D14,344,1018.4331395348837,1018.4722572786977,-0.03911774381397393,-17.014868151013275,241.27709630601305,157.5430764132909,240.92615079219178,463.7772451613773,19967621.086626425,0.0008954283784466586
LEBL,240,338,824.7958579881657,800.2842364388266,24.511621549339267,-13.677507092996905,241.59744204627728,152.2788946371527,242.48186176821608,503.0300294511357,19873539.210864127,0.0008912093690268796
EGLL,218R,469,1129.8379530916845,1175.6979229206963,-45.859969829011916,-58.99453976543225,200.77418228921312,161.33057133863252,205.73638399365967,398.8910964069773,19851578.598730907,0.0008902245669201672
EGLL,537,231,1550.5194805194806,1576.4125842710662,-25.893103751585752,-41.03384674556321,291.6968775711577,188.7772199311424,292.2142688495437,487.17976158402223,19724900.330352157,0.0008845438042521102
LTFM,G6R,384,950.5572916666666,920.7983578673669,29.758933799299843,6.747843296834901,224.85164459381383,153.21980716215728,226.5219505403164,453.10381396659443,19703882.525410388,0.0008836012814089599
EGLL,219,475,1129.7389473684211,1151.6774266196253,-21.938479251204377,-20.257645797242276,202.45504964866558,160.2415316692268,203.42825117118326,398.54914886750794,19656950.35291886,0.0008814966541762639
LTFM,G4L,417,884.1510791366907,888.5543971312828,-4.403317994592149,-28.363305322670726,217.3057104284171,147.28488017471693,217.08965736580868,359.96309524420553,19652342.362780157,0.0008812900133791506
EGLL,248,215,1259.6511627906978,1277.6521392665811,-18.00097647588357,-29.312220757413115,302.32574419407234,160.71620122002253,302.15851882409123,383.9961324904223,19629450.657063268,0.0008802634572941255
EGLL,406,222,1479.2837837837837,1492.4454959937445,-13.16171220996082,-14.756270568462014,297.2129369778014,195.65751976871076,296.8347230074248,489.11944223352236,19560609.317802604,0.0008771763349715991
LTFM,F3R,391,924.2710997442455,920.3737316417883,3.897368102457141,-23.618510634369727,223.5349529178554,160.71815460422408,223.28293615262552,434.7861443226376,19493410.40458254,0.0008741628656335656
LIRF,902,54,1839.6296296296296,1893.283009469179,-53.653379839549366,-137.91275081453443,603.962141450545,469.3149355848052,600.7444951933511,1122.410396050893,19488273.219276167,0.0008739324935983237
LTFM,D13,302,1177.4403973509934,1224.3620478586058,-46.92165050761259,-59.118874942916136,249.4770075077781,188.06554455267582,253.44492477641148,485.66396412402105,19398767.628266104,0.0008699187031787064
LTFM,A6L,267,1180.310861423221,1171.5866330218826,8.72422840133839,-8.621753183378246,269.73462748082886,199.17447181107858,269.37034758908754,549.7294572176731,19373622.57079098,0.0008687910977447282
LFPG,E38,218,1212.2935779816514,1215.0880869931307,-2.7945090114794264,-28.868402103446783,298.5858505095004,183.17765292330424,297.91334033487,503.1067111065529,19348014.120186657,0.0008676427119004816
LEBL,210,419,910.1861575178998,914.8398151991421,-4.653657681242165,-33.87036818292802,214.94131675836513,137.6870982360089,214.73510239260574,338.4669174219698,19320577.799616843,0.0008664123570208597
LTFM,G9L,446,929.5695067264573,919.5487217013628,10.020785025094723,-16.422835321537548,208.10888041133364,145.02020882670325,208.11683298348444,424.04588081799153,19317426.8122997,0.0008662710540858903
LFPG,B06,233,985.8712446351931,991.0916238874655,-5.220379252272312,-24.061726873176326,288.42507938320216,182.07176809152966,287.85281712813145,549.7423269888279,19306203.928564146,0.0008657677748749506
EGLL,216,525,1163.4571428571428,1193.5104206690526,-30.053277811909876,-25.641900797421613,189.48232144314744,151.25775785367884,191.67253828384673,397.2740975046653,19287640.014390662,0.0008649352943559208
LTFM,K12,134,889.5373134328358,854.4477588336721,35.08955459916379,-13.150339863738822,378.34517243879804,259.774553259397,378.56056260833657,813.4770942507994,19203285.341353603,0.000861152491799508
EGLL,538,224,1586.3348214285713,1589.6971940529966,-3.362372624425226,-7.122423269315959,292.14461369241826,203.6630539124465,291.5111676764675,627.6131158090282,19035242.437141854,0.0008536167726181893
LTFM,F15,293,1067.037542662116,1084.9740754408078,-17.936532778691852,-46.56011805751746,254.49351334313624,178.84072317465993,254.69122469496193,484.3254823600563,19006212.64142954,0.0008523149599090768
EGLL,523,297,1539.026936026936,1532.2003048208262,6.826631206109804,-10.108192139219227,252.6974864571325,170.4063447455414,252.3640606785608,524.4247758983832,18915222.87928518,0.0008482346132909841
LFPG,Q17,256,960.2890625,962.5175989540649,-2.228536454064846,4.683455695920259,271.93137637781075,182.84703316963953,271.4088901275335,529.1376941122962,18857673.12390644,0.0008456538509700634
LFPG,U15,259,1114.2548262548262,1106.7684479983618,7.486378256464384,-5.780767787418654,269.8334659590649,177.57014313378764,269.4160818068672,515.0555749366007,18799521.510266624,0.0008430460989058763
EDDF,B24,371,808.9676549865229,798.4088156324096,10.558839354113202,-9.572879522242033,225.13031476132093,133.95620427713789,225.07450783669583,360.69490988234054,18794316.142912343,0.0008428126693135857
EDDM,302,474,888.2658227848101,866.04348661052,22.222336174290277,-11.23731463914504,197.8347006239745,135.38493678429975,198.871391044134,412.3532211823473,18746619.503342874,0.000840673760304758
EDDM,209,365,832.2109589041096,809.0473583089176,23.163600595191987,-6.204927887214808,225.4013094055812,131.949768684964,226.28103950153616,365.88790713726536,18689134.725831956,0.0008380959118525733
LIRF,203,53,1196.3207547169811,1120.1908576806866,76.12989703629457,18.03723530007028,593.4722608331409,329.1394508156635,592.7559587643304,856.029035532151,18622060.212482896,0.0008350880211047129
LIRF,703,160,1524.475,1540.8894306801326,-16.41443068013267,-57.62360276512413,341.5700875531402,247.4887163731295,340.89642116949335,707.9849851465048,18593659.194586977,0.0008338144053199156
LTFM,F19,289,1011.0899653979238,1007.7419505936056,3.3480148043184315,-33.661974668698804,254.02602200465333,179.84486077460562,253.60825018297143,490.7262384718306,18587654.778091032,0.0008335451431527723
LEBL,105,268,1247.75,1279.6122929424641,-31.86229294246432,-56.79022746590556,261.71910664016764,170.18141818047022,263.16631828316986,463.26277479547576,18560744.9690966,0.0008323383991682157
LIRF,224,120,934.8666666666667,980.0636236675649,-45.19695700089825,-86.83524410488587,392.23156547685716,289.98683442152924,393.20010071709066,737.0271408862719,18552758.304471627,0.0008319802450284054
LTFM,B1,207,1228.7971014492753,1212.336953848287,16.460147600988275,-14.678243407858645,299.07054493222694,200.06793763397206,298.8009949710747,558.4323200026938,18481381.161310777,0.0008287794070677191
LFPG,C14,122,1260.4426229508197,1227.8155917338624,32.627031216957306,21.661087694412913,389.1148375464048,212.183490520219,388.88791632865986,694.7080955480101,18450524.9989065,0.0008273956927360577
LTFM,F9R,364,921.1813186813187,924.658841635572,-3.477522954253334,-29.692035045448222,224.79809957078936,162.49849493320292,224.51603184716402,447.3998448495634,18348311.27452842,0.0008228120185428332
LEMD,583,169,974.603550295858,914.7678314644899,59.8357188313681,7.007683289490615,324.8791765364394,170.83117605553815,329.3968081422618,446.13364362921004,18336881.469218396,0.000822299460136886
LTFM,K13,128,854.5078125,837.4199197843204,17.087892715679523,-41.597253059450566,379.57744452739365,245.40312692406107,378.47776024435234,752.9480651003229,18335413.119946424,0.0008222336134543047
LIRF,227,142,933.3028169014085,956.0867236472202,-22.78390674581162,-31.04873420301169,359.8556498760523,259.8173059002336,359.3094082644679,718.2361401756551,18332661.623165414,0.0008221102252805091
LTFM,G10R,423,941.2553191489362,933.5154278883058,7.739891260630397,-14.278985960066507,208.2036479472314,141.9448149860005,208.1013829831984,396.30326931051627,18318516.508596882,0.0008214759014947115
LEBL,270,329,953.4224924012158,942.869141616869,10.553350784346753,-8.351899684800173,235.98513552394797,154.46413221697628,235.8624386626449,432.86634133790955,18302628.600751787,0.0008207634238541891
LTFM,F14,277,1099.3249097472924,1093.6647680534343,5.6601416938583045,-21.036185348059007,257.3126699177113,180.0173253009869,256.9101452239214,539.4671513420803,18282781.893156458,0.0008198734177226378
EGLL,221R,487,1102.7494866529773,1139.3154362256796,-36.56594957270225,-36.47667848669823,190.42504044246272,142.5286350259315,193.71191331693623,350.0794569679853,18274336.7107623,0.0008194947018032962
EGLL,221L,502,1078.7669322709164,1111.6660247414723,-32.899092470555736,-26.028595170737958,188.1130968962286,148.52426207580035,190.7836376612741,387.9897135522985,18271994.9924327,0.000819389689742142
LEBL,252,309,789.4983818770227,781.3489927015972,8.14938917542543,-19.191771933926248,243.24479025521538,144.69065272733823,242.98756807503227,455.0643473395276,18244274.095856696,0.0008181465733307051
LEBL,113,411,1207.0121654501218,1193.8582187149382,13.153946735183348,-6.6107309820440605,210.47334950318,143.99901950117507,210.62828308598182,395.5128843914206,18233716.46429263,0.0008176731267007518
LTFM,G8L,409,868.3374083129585,864.6613979337724,3.676010379186159,-20.170652338208583,211.22597420028143,152.55992694540467,210.99961764616148,401.3847473458169,18209023.00655197,0.0008165657728138248
EDDF,A22,342,992.5760233918129,991.4846624630342,1.0913609287786596,-34.388516069854006,230.29565765118053,141.37065196742196,229.96131134456692,341.45932795485754,18085714.012636993,0.0008110361019536777
EGLL,531,153,1495.6928104575163,1490.41931337342,5.27349708409627,5.2141841936231685,344.73306415446973,183.86024431583198,343.64510396477476,485.4113212804134,18068069.49428101,0.0008102448508381128
LTFM,A5R,239,1201.5020920502093,1165.4472616679311,36.05483038227799,4.1633255133374405,273.0843688963556,186.81378261587074,274.8872382218149,543.0112470739888,18059555.503194824,0.0008098630492604817
EDDF,C14,205,1042.9951219512195,1059.6072569488344,-16.612134997614973,-59.474678680406896,296.680833212188,184.1145845139326,296.4221927050905,466.79996960766306,18012553.84725923,0.0008077553061109033
LFPG,B02,406,1037.448275862069,1027.7473397204647,9.700936141604318,-9.930204378673352,210.5477850433683,147.49859266314334,210.51197078971322,402.0670637951672,17992007.677382242,0.0008068339332795366
EDDM,207,321,820.5669781931464,818.4160763943474,2.15090179879913,-15.904919577210876,236.9502716204164,133.4549654577528,236.59067968564088,379.9050522564801,17968023.05823044,0.0008057583665637228
LEBL,230,484,826.5041322314049,804.8055178839797,21.69861434742514,-0.8214735545986969,191.6172560231027,128.98986571690307,192.64511606354523,379.1566356754307,17962276.119678218,0.0008055006507423676
EGLL,323,272,1509.3161764705883,1540.2329382344976,-30.916761763909307,-27.025830928910636,255.51159681998092,177.21226137825354,256.90854318449186,493.04403900855016,17952543.880640395,0.0008050642180305043
LTFM,F7R,393,919.6055979643766,928.118916405882,-8.51331844150545,-30.321542892260254,213.75390512215998,156.37273149464866,213.6514618283579,405.85593724104683,17939250.226567946,0.0008044680771553304
LFPG,B12,329,1013.355623100304,1015.5820808748043,-2.22645777450032,-17.492067102579313,233.8070657573871,158.40143066383348,233.4620822225975,429.0825153590421,17931994.921948876,0.0008041427201374861
LTFM,A5L,253,1172.0513833992095,1160.9005043059342,11.150879093275337,-20.310702416770596,266.50576397047564,189.1486526497969,266.2121932502509,544.2817587537089,17929839.75428256,0.0008040460737578118
LFPG,E40,240,1064.3708333333334,1060.234179172399,4.136654160934127,-29.21918181446705,273.82478766850846,166.75837407827208,273.28503347773574,375.7065036619796,17924330.285502516,0.0008037990070354209
EDDF,A17,447,792.7986577181208,815.4614553410897,-22.662797622968966,-37.19667657159391,198.43468029149938,125.76199563580647,199.50397121838625,296.0468747706093,17791420.03576229,0.0007978387772770777
LFPG,K76,127,1176.724409448819,1167.3932628730104,9.331146575808946,-61.75842244954538,375.38595785015815,219.2368968909267,374.0215551694177,553.5814974982903,17766299.71388142,0.0007967122810865571
LTFM,G7R,392,899.3265306122449,894.6124215759809,4.7141090362640385,-23.91062743873789,213.01664367432278,143.97017744903673,212.79698769817267,391.82578593514364,17750762.72557917,0.0007960155400886647
EDDF,A11,486,831.9814814814815,826.8064897899774,5.174991691504169,-10.517149729972687,191.23463466594296,115.73294533602794,191.1078693062071,284.80908665775615,17749797.80742855,0.0007959722692808307
LSZH,A11,549,716.4061930783242,698.642583463802,17.763609614522206,-13.003347709736545,178.916227494392,116.59471080598351,179.63366729251032,330.6686959430283,17715271.679301005,0.0007944239789367198
LTFM,B3L,258,1175.2480620155038,1164.5485538560395,10.699508159464335,-14.72730905142248,262.0877087130833,191.54876716997336,261.7980258728687,499.98213984144655,17682857.238540262,0.0007929703851409077
EGLL,320,227,1446.6563876651983,1501.335541276682,-54.679153611483514,-50.9381914681278,273.89940492142733,209.01410420193957,278.7116886320655,620.8925827777623,17633406.621291194,0.0007907528207237736
EHAM,B17,513,764.8635477582847,765.6914104469784,-0.8278626886938575,10.43014858269379,185.47851865879196,120.67744430681704,185.2995015214811,359.76741234003356,17614319.40048811,0.000789896873032328
EGLL,225,484,1088.6942148760331,1109.907732188954,-21.213517312920878,-22.27710897687092,189.59985232434298,135.14760997386657,190.58815381876855,332.3285493259903,17580740.678006545,0.0007883910681649611
LEBL,108,384,1186.9296875,1187.9512192740267,-1.0215317740268428,-11.228626874921702,213.95379801955508,147.13712229923013,213.67747257932854,400.4713322321225,17532695.918549646,0.0007862365480613037
EGLL,328,281,1351.7722419928825,1360.090588631983,-8.318346639100733,-10.607130109817263,249.76656338254298,169.18960993558963,249.46047045500245,447.50457223692456,17486777.895816356,0.000784177399379587
LEBL,116,360,1201.3666666666666,1208.3048926078077,-6.9382259411409555,-24.47120558557731,220.59168350528952,152.84175722917536,220.39433120038396,431.96259504550056,17486518.041095234,0.0007841657464495481
LTFM,F13R,295,922.7423728813559,929.5861323148494,-6.843759433493386,-20.321561155209224,243.77491444455978,163.58528483757004,243.45759626608813,401.4709788888651,17485122.34800016,0.0007841031579619406
EDDM,301,466,883.8261802575107,857.0254396712932,26.800740586217447,3.053233229178659,191.9102325819977,130.5274508840132,193.5685504508704,387.27263828943927,17460453.21522144,0.0007829968949040678
LEBL,104,291,1233.872852233677,1227.318309590595,6.554542643082118,-27.549929156381495,244.78973339147433,154.971576987754,244.45665879805824,506.8309931257023,17389885.886936687,0.0007798323722970333
EGLL,326,311,1393.6109324758843,1405.0100897998514,-11.399157323967254,-29.019621289247084,236.36043874964858,167.95506787352792,236.25529311895394,454.4383576424069,17358951.256810807,0.0007784451391573772
LTFM,A10L,277,1156.956678700361,1177.0568884052107,-20.10020970484973,-16.76544693994174,249.92254417259954,183.97324527941626,250.2794528866386,478.3973530204409,17351225.85681414,0.0007780987011735104
LFPG,F26,404,991.5940594059406,981.7991301180932,9.794929287847266,-11.061789931166913,207.15405042847172,145.29108844964492,207.1292385086864,404.66789434207766,17332618.663856074,0.0007772642798598446
LFPG,F66,363,956.1818181818181,968.8173958738205,-12.635577692002352,-27.546752055835668,218.41704760947866,144.36263830046417,218.48167658645576,400.262070338291,17327530.2104624,0.0007770360931594192
LTFM,B6R,285,1180.3368421052633,1211.5011019260066,-31.164259820743467,-37.99668623595903,244.90939416576302,181.22789296447368,246.45763156245542,494.49235737027396,17311288.784281883,0.0007763077623359633
EGLL,535,217,1509.2488479262672,1571.4978297128373,-62.24898178657012,-63.0776442879926,275.8501091849595,184.8475310412424,282.16583454009196,451.60699368788227,17277010.125430323,0.0007747705695087548
LFPG,E18,219,1204.1598173515981,1227.8516265481842,-23.691809196585947,-65.28992462142344,280.3861917463977,211.4004000780099,280.7467529183164,544.1584718937518,17261303.901045024,0.000774066239284747
EGLL,524,265,1607.411320754717,1602.4342367993706,4.977083955346319,-15.812964574446369,255.44737459818717,182.14747697806868,255.01351622017665,503.7823132836997,17233451.76556925,0.0007728172375936014
LFPG,F92,418,958.2679425837321,981.5651855072927,-23.297242923560653,-35.01522652458971,201.93271209778644,144.1821665063334,203.03208993047184,348.778441414263,17230808.348361716,0.0007726986961422472
LTFM,B8R,325,1199.44,1178.1661972473564,21.273802752643654,9.52994412945759,229.31544851371098,175.33842608053274,229.94857651569959,463.2688249508837,17184813.048518877,0.0007706360820443652
LFPG,F14,321,978.2772585669782,984.0246410364762,-5.747382469497947,-30.76715478940787,231.61657157057385,153.9268252842956,231.32692536780814,448.5086918489244,17177398.994439635,0.0007703036060627203
LFPG,F94,418,949.6722488038278,969.2293677679721,-19.55711896414434,-33.063069285412496,201.82775404572078,134.155609698452,202.53264523629423,350.33717232919116,17146139.457519636,0.0007689018027966308
EDDF,A62,122,1199.5,1137.319813327542,62.180186672457985,-26.30589735020726,371.0239577680307,212.79927245635193,374.69561275704575,676.6709066516952,17128409.870764114,0.0007681067368721447
LIRF,222,135,858.3407407407408,936.3427476127558,-78.00200687201495,-37.39320643143947,348.42181867960187,288.0117791895565,355.78481433831894,652.1179961671941,17088682.605356533,0.0007663252066292729
LFPG,F70,310,981.1387096774193,968.2589011185374,12.879808558881995,-21.087342055934243,234.78965405682473,156.63432091098056,234.76423221651692,470.2045546860721,17085415.86574531,0.0007661787128962341
LIRF,228,139,995.9640287769785,953.2655564879045,42.69847228907375,41.57463400497841,349.14531316862866,259.3138023723323,350.49766504554435,651.4272448159874,17075957.235130627,0.0007657545498856838
LTFM,G11L,431,1007.5150812064966,995.8567920770482,11.658289129448285,-4.043167951741111,198.7645302091359,139.59375597940843,198.87581506127628,371.87693838736936,17046735.210819684,0.000764444116873651
LTFM,F16,294,1034.7891156462586,1035.372566681255,-0.5834510349964117,-24.82122226808451,241.1003705927987,172.83915716178748,240.69069384982768,511.4633849800961,17032010.971137974,0.000763783822790302
LTFM,B1R,185,1206.908108108108,1171.2612080110218,35.646900097086416,-2.2067303241499303,302.0207521750909,208.7972023576169,303.3054135371961,724.4849216109599,17018922.167979367,0.0007631968682533908
LSZH,B39,448,849.3705357142857,836.5806055031137,12.78993021117192,-14.767393388207097,194.321768143988,122.52934444056407,194.52568996289565,299.0793689322708,16952429.33688219,0.0007602150624754581
LEBL,202,444,898.990990990991,914.2859115406059,-15.294920549614803,-37.79288321657765,195.01865133617625,129.21467476726232,195.39844085353982,336.05593114812376,16952164.505469467,0.0007602031863705668
LTFM,A6R,264,1151.1969696969697,1147.5961644447875,3.6008052521821172,-20.89484040423781,253.76767956337278,174.06392849983692,253.3121967808929,442.90706343890827,16940106.226021916,0.0007596624446584852
LTFM,G5L,396,895.7676767676768,892.9395855280358,2.828091239641027,-27.435905848812638,207.06308379435558,150.88538552664465,206.82081196955147,399.9287328185976,16938839.912442848,0.0007596056580683456
EGLL,415,311,1188.2636655948554,1210.6536817165875,-22.390016121732145,-33.142658797378544,231.5758162369367,176.84411960947924,232.28481709071596,434.0756318944523,16780389.47401975,0.0007525001036046553
EGLL,534,213,1622.1784037558687,1599.9644448764298,22.213958879438774,7.040993294453756,280.42290314672533,195.23987000829771,280.64439556718077,582.8625754564457,16776151.950576134,0.0007523100760230378
EDDF,V118,326,957.3466257668712,914.9869209966542,42.359704770216986,9.166613029420034,223.16517493158986,143.91191410908291,226.81329521540934,380.17546753849587,16770832.308990011,0.0007520715219149287
LSZH,A57,499,751.7134268537075,726.8833769233825,24.830049930324854,-1.7302999231200147,181.80396054259717,120.30228901212352,183.31113881242212,348.6304432964954,16767883.832740836,0.0007519393003901294
EHAM,C05,480,801.8625,786.6438573149841,15.218642685016041,9.601683713160241,186.31349392080867,116.62393428153128,186.74048018471524,348.63002750661576,16738563.331016652,0.0007506244512551109
LEMD,T25,361,1062.5595567867035,1056.9105403571984,5.649016429504892,-14.365081411364258,215.07756798212765,131.4501573645346,214.85374591487226,339.51866965461693,16664529.700248547,0.0007473044857138175
LEBL,UNKNOWN,251,806.9163346613545,800.0067465520574,6.90958810929719,-4.804398783209535,257.75499857972807,163.8510496112001,257.3338102750287,500.97831779347035,16621393.167576782,0.0007453700702251362
EGLL,552,194,1582.6701030927834,1611.6097602339903,-28.939657141206478,-48.70109543557112,291.34199423909746,196.79425377324995,292.0276267360003,468.52477749496717,16544346.146749774,0.0007419149721629298
EGLL,223,484,1090.9442148760331,1120.611184268528,-29.66696939249491,-35.266877212506415,182.2256489481032,143.0211879790886,184.43890148999046,353.73591061802097,16464570.857291853,0.000738337527570531
EHAM,H05,301,827.4152823920266,826.0805964837066,1.3346859083199567,-2.2056812410562543,233.92198255022146,122.50202677886095,233.5368985151909,333.2216072922056,16416384.373396467,0.0007361766519734681
LTFM,F8R,365,1061.5643835616438,1047.6413052778014,13.923078283842237,-4.972456850120238,211.86755163756226,148.62866617557805,212.03474033511515,411.96242273510103,16409936.85477759,0.000735887519326326
EDDF,C13,214,1052.6308411214952,1043.5653104597516,9.065530661743688,-27.893505894883788,277.24244479070956,149.9040617545478,276.7424477716012,434.73082332384377,16389485.833304122,0.0007349704133317702
EHAM,B31,475,757.5368421052632,752.4485374251128,5.0883046801503795,0.6893800250785489,185.44965620349618,128.5653133948422,185.3242091977003,358.4298602463985,16313904.694507664,0.000731581051311124
LTFM,A8L,304,1130.0361842105262,1119.519311067017,10.516873143509251,-4.950659081611548,231.63691032092885,169.37650033988945,231.49463053818127,461.9612396327271,16291288.24627475,0.0007305668388779272
EGLL,532,191,1569.2931937172775,1569.482727452339,-0.18953373506195792,-14.088044210727276,292.5166334115806,187.0871584730935,291.7499397036647,554.6695546188032,16257543.217564572,0.0007290535761708925
LSZH,A10,453,826.5011037527594,816.5815248567415,9.919578896018031,-7.034059086486877,189.27809239810023,120.78189959716617,189.32909914055395,306.46759322523,16238015.02496229,0.0007281778535317261
EGLL,526,204,1407.686274509804,1419.7157118962775,-12.029437386473555,-40.64259917589095,281.8670584405504,198.3925539150939,281.4325672803857,528.621797445815,16157675.144909877,0.0007245750904280075
EDDM,317,343,927.6938775510204,928.0564320251272,-0.3625544741067688,-11.943406574635901,217.09098161091498,138.9041954715216,216.7745946473645,363.6838615017952,16117990.13539351,0.0007227954551091221
LSZH,B37,477,851.9412997903564,839.7639118546772,12.177387935679178,-7.11693170529918,183.58432217329084,125.6608398764475,183.79563518748367,334.6277243610469,16113458.540163966,0.000722592240166763
EDDF,A1,442,615.8031674208145,596.1211952891176,19.681972131696778,-7.425871461539913,189.80039832954984,122.9934338411309,190.60448194628674,352.7230797096166,16057890.293801457,0.0007201003366737209
EGLL,544L,195,1432.3846153846155,1451.3730218792016,-18.98840649458607,-4.461028480587174,286.7419862634584,186.02572736662145,286.6354484087937,524.8982036843481,16021176.655479498,0.0007184539495809927
LTFM,F1R,376,890.4202127659574,907.6070114968552,-17.186798730897753,-33.848123868443736,205.93855724848098,154.82746950315445,206.38139699498672,425.52247089438345,16015073.665626468,0.000718180266988356
EDDM,255,290,869.6896551724138,870.5021739368622,-0.8125187644484303,-21.675214113935027,234.98108618103095,141.8856005135729,234.5770037051247,401.5040640821018,15957647.493509486,0.0007156050466375678
LTFM,A7L,298,1145.244966442953,1143.1742148922144,2.0707515507386893,-14.385441228071954,231.6589305526287,173.5912643004796,231.2791848349034,457.23389274104744,15940038.278693426,0.0007148153786746163
LIRF,509,126,1071.0396825396826,1053.9441997832873,17.095482756395153,-34.187865900264626,355.9826491660809,216.594201771983,354.979096302482,634.3187446229938,15877280.010277575,0.0007120010456963447
EDDM,110,318,1039.0440251572327,1043.2571913955073,-4.21316623827447,-19.599330862458373,223.4242304700966,148.9895089515506,223.11244132031015,498.79865340637235,15829773.348067014,0.0007098706560358003
LFPG,K09,186,1188.1774193548388,1174.9065025751133,13.270916779725427,-22.345660971546238,292.2074219881659,195.40686298592385,291.7228729517909,650.2698756963844,15829015.636203896,0.0007098366771906501
EGLL,303R,206,1270.2815533980583,1258.9878835941538,11.293669803904596,-8.26027648450281,277.4874030367687,182.1021173154179,277.04335944362026,505.9006232223892,15811122.740432238,0.0007090342878335493
LTFM,G11R,417,996.4508393285372,1000.211223654259,-3.760384325721814,-31.863253664559466,194.61401256616233,140.7850602360317,194.4168921806442,374.8244911978793,15761735.96148016,0.0007068195861822152
EDDF,A21,455,819.1428571428571,803.8474132874683,15.295443855388898,8.40223938899885,185.57808943885914,126.23510043596966,186.00399800301187,366.10740708254997,15741856.709262524,0.0007059281206190045
LFPG,E30,224,1149.7723214285713,1140.6868653931533,9.085456035418026,-17.418392514300194,265.31694515495195,191.51950969986552,264.87992009608735,501.0160412677213,15716147.343704557,0.0007047752093426641
EDDF,B22,272,951.75,952.9894677067953,-1.23946770679515,-22.245259397148573,240.61979131150323,136.70555841218243,240.18026643221106,345.94576281002725,15690744.424297826,0.0007036360403433377
LEBL,228,490,805.9224489795919,801.7274606371244,4.194988342467421,-4.477112027371334,179.02678843486387,122.96414912208074,178.89320706822136,382.9148245177109,15681361.972225226,0.0007032152934847724
LTFM,G5R,389,925.1362467866323,925.9104544797282,-0.774207693095943,-19.138199481047423,200.90495376616107,151.5243026269244,200.64804866450407,408.7323320449995,15660999.739387672,0.0007023021691294882
EDDF,V95,231,1118.7229437229437,1094.9450043828722,23.777939340071548,-7.046927375026144,259.7394376752386,152.8694183363458,260.2650791861737,374.55100158889815,15647457.543514395,0.0007016948826410874
LTFM,A11,176,1285.653409090909,1374.8653306499125,-89.2119215590035,-92.91253503621851,285.1499411776697,216.57014578298546,298.0054772774638,597.7714159680079,15630078.549776945,0.0007009155387165483
LFPG,E24,231,1191.1904761904761,1144.2883034636004,46.902172726875754,16.49135820621757,256.1883039240743,187.40868462802982,259.9002457223102,520.192426954617,15603619.814825479,0.0006997290227049235
EDDF,A26,457,817.9168490153173,824.3757326323116,-6.458883616994289,-18.688002252538467,184.65027438596388,115.07845214816928,184.56119120118427,288.67744376310515,15566714.817003243,0.0006980740542831381
LFPG,J31,242,891.301652892562,891.8706782860747,-0.5690253935127786,-41.68975824008339,254.0190863841395,156.34657141062715,253.49434890914415,413.51402652252807,15550771.152786762,0.0006973590763028406
EDDM,318,302,1007.1059602649007,983.2454735628615,23.86048670203884,4.540243823940955,225.9560143731465,158.66526641273413,226.83999483254118,415.5943148839857,15539827.743199445,0.0006968683298359011
LFPG,K71,179,1111.0391061452515,1093.9769224321496,17.062183713101646,-12.580456483885996,293.8426961704454,186.19969470203804,293.51708998944656,470.6664696564391,15421258.498741241,0.000691551208390224
LTFM,B18R,267,1165.5767790262173,1176.3544478454485,-10.777668819231236,-25.205806367888954,240.40348936484617,173.17758054485512,240.19479495401535,469.39960567850613,15404175.052641395,0.0006907851180095471
LFPG,Q14,237,1008.7088607594936,1003.8049780949418,4.903882664551882,7.385447535473986,255.1110798319151,173.3936555186361,254.61952977918648,463.936264235333,15364971.871958844,0.0006890270898320173
EHAM,C09,448,813.2366071428571,806.3533980030151,6.883209139842094,12.002772792667201,185.12641804956408,123.58552118929467,185.04774977070613,359.7970460941656,15340716.023450438,0.0006879393601017953
EGLL,557,204,1642.078431372549,1655.0426553574541,-12.964223984905228,-25.852326469135164,274.5393095534346,199.2566250948138,274.17227034567003,615.481980304544,15334768.500605829,0.0006876726492746308
EDDM,217,444,790.6711711711712,757.4858625098716,33.18530866129951,14.555395238286621,182.80109667857263,121.98178053639411,185.58621676703297,331.28572891985505,15292356.271131665,0.0006857707144522701
LTFM,A10R,282,1183.7695035460993,1205.0341155432916,-21.264611997192198,-42.39006021758058,232.07547911253644,173.8042702851093,232.637534090466,441.1039319000214,15261902.679489348,0.0006844050530114879
EGLL,231,248,1281.4314516129032,1304.8627389692442,-23.43128735634104,-29.220757659234437,247.17598361325588,163.2627751784851,247.78748434336654,407.3502382990539,15226862.074509101,0.0006828336914576437
LSZH,E47,231,943.047619047619,933.2046166013135,9.843002446305293,-33.07409693593843,256.86203687945147,176.31052260940032,256.49438820482806,475.69604415759005,15197344.742711447,0.0006815100156710801
EDDM,111,370,1018.5081081081081,1003.2592026498405,15.248905458267524,-17.31229234092814,202.35820313673327,137.4614740605199,202.65907072578432,462.6282674107653,15196158.610552229,0.0006814568247380518
LEBL,110,364,1209.5604395604396,1220.8172291240232,-11.25678956358367,-29.795277280261246,204.19866910332456,145.09895148171628,204.22844883129247,384.45822667799564,15182170.389581047,0.0006808295366917072
LIRF,223,112,893.4732142857143,946.9676108720608,-53.494396586346674,-63.26584747258579,365.64723573183977,247.68778406778577,367.92094287436163,729.2467444408358,15160971.863022637,0.000679878909564955
LFPG,F10,316,992.6613924050633,1000.685286730326,-8.023894325262527,-35.73703204693686,219.21789714519554,150.62142472966275,219.01778882137836,384.03617549601637,15158138.215185063,0.0006797518374076219
EDDF,C6,159,962.3459119496855,954.9785019037286,7.367410045957001,-46.532078536998824,309.59740053985,168.12031726481138,308.71021282324114,389.9311964665253,15153017.284717966,0.0006795221943047006
LTFM,G9R,410,942.0487804878048,929.0182598577046,13.030520630100394,-2.0002393665561726,191.8961607108802,135.48906696230185,192.10444033495176,373.11016051346434,15130687.558526069,0.0006785208396401452
LTFM,G7L,403,882.0570719602978,884.1782677516985,-2.121195791400723,-22.33785685334476,193.89602547523026,140.22001473161723,193.66692713572056,358.102117619368,15115272.102475572,0.000677829548636854
EHAM,G08,227,884.6651982378854,893.5853152111993,-8.920116973313728,2.923741276932901,258.3490968842172,147.66355934690722,257.93370618988456,447.4796805576368,15102263.871068882,0.0006772462072611128
EHAM,C11,445,759.7595505617977,747.8537126061436,11.905837955654238,6.006713199725198,184.0217850722349,123.5859552655042,184.20007449275042,401.54313356034794,15098702.012194987,0.0006770864791942655
LTFM,201,97,1089.8865979381444,1036.9552416442532,52.9313562938911,25.22815706790334,392.9234930459149,237.62058769488888,394.460342768648,571.0395659273911,15093099.31566445,0.0006768352317648644
EDDM,208,408,764.2549019607843,719.4331911454481,44.82171081533631,14.336647661745644,187.16770257379628,126.94473830173249,192.23650152232355,411.3763382216962,15077587.987157263,0.0006761396414553084
EDDF,A13,475,804.0252631578948,825.8119113494284,-21.786648191533665,-32.97416066602955,176.9837165873336,123.14212831614083,178.13464099349943,339.66609775665773,15072676.40289439,0.000675919386277537
LSZH,A15,549,731.0783242258652,710.5759895021027,20.50233472376236,-5.137648045969854,164.50647914802073,112.83933742465437,165.6304122288508,316.286105553612,15060954.966849376,0.0006753937499773829
LSZH,A04,484,818.5640495867768,812.1803939982839,6.383655588492918,-20.413037780518493,176.4007820899206,116.92775700135093,176.33404427634522,331.1620046780298,15049348.462692408,0.0006748732676849946
LTFM,G6L,381,908.3700787401575,910.0633920403665,-1.6933133002089777,-23.399032930040562,198.94165817822244,143.86997261098043,198.6876241041546,455.1927341086341,15040650.121390613,0.0006744831991028008
LFPG,F68,386,986.0051813471503,969.0506122690065,16.954569078143773,-2.7253627556390256,196.63101202010742,132.90885613739556,197.10668972049987,376.7400423053675,14996504.193173338,0.000672503518261146
EGLL,566,191,1592.738219895288,1575.8709979551334,16.86722194015457,-24.396372263110152,280.1534745986084,188.5120195188883,279.9277606816812,636.3633293536185,14966674.279249772,0.0006711658250358037
EHAM,D43,380,890.1026315789474,881.31300120664,8.789630372307364,-1.8074671482588087,198.2035533802561,127.39058207018128,198.13764286602256,377.5276845139124,14918239.697791329,0.0006689938237469209
LEMD,T13,395,1175.2708860759494,1201.300027913206,-26.029141837256546,-49.014129860031744,192.310050466431,131.03216095550988,193.82219556435422,350.17794992175357,14838982.179887775,0.0006654395981119193
LFPG,F15,155,1363.3225806451612,1359.1829183042946,4.139662340866436,-37.996534603067744,310.03450910678885,198.85031029264454,309.0605047515351,454.93414613374927,14805351.317577416,0.0006639314550850819
EDDF,A16,439,817.7722095671982,830.0142007542704,-12.241991187072246,-27.776940113948967,183.20773945209623,122.90614315364017,183.40797177862117,324.4803781078859,14767294.525144953,0.000662224835563966
LFPG,B14,260,1031.0653846153846,1046.3545984708862,-15.289213855501592,-33.05834471749097,238.25013135057327,168.2307512115781,238.28253279878822,470.3766787758881,14762427.013621451,0.0006620065567849542
EDDF,V328,106,1244.2641509433963,1190.9188542569989,53.345296686397255,19.69800154260281,371.051051724797,189.10090380007756,373.1296641624418,405.9836001066407,14757929.10546552,0.0006618048525063627
LSZH,A13,547,713.1919561243144,694.6675746961355,18.524381428179023,-2.2811767961145506,163.05877163388504,113.6550116895884,163.9594720321556,335.9172103849785,14704841.532577578,0.0006594241923816292
LEBL,254,352,770.0085227272727,778.2711345424115,-8.26261181513854,-32.51826796969283,204.2024253838655,134.30777167971962,204.07949252215946,387.83416043476905,14660250.622371953,0.0006574245567592552
LTFM,K17,126,894.7619047619048,888.845860879245,5.916043882659856,-7.001016913938827,342.3411674533844,227.33929016650416,341.0312827566124,702.8797916142835,14654094.313146187,0.000657148483111657
LFPG,K17,176,1220.596590909091,1212.5573854197667,8.039205489324207,-35.5992512762345,289.15555463456093,200.2864569605252,288.44497130563906,552.5039365192276,14643288.258985925,0.0006566638962140916
LFPG,Q16,240,942.9416666666667,975.613707094452,-32.67204042778539,-15.740511644301137,245.2059899134231,149.75946572910064,246.8661880633528,438.8991657532313,14626299.554143362,0.0006559020544121518
EHAM,D02,373,873.254691689008,864.7499001968703,8.5047914921378,-6.781445445199097,198.07353640408314,128.8512775367282,197.99059234970136,334.65640829454173,14621702.447801637,0.0006556959016882365
LTFM,B6L,294,1173.0646258503402,1177.9643885058967,-4.899762655556711,-18.548709743258087,223.10766739166158,167.1048995232415,222.781797490124,477.5548681070653,14591728.412121605,0.0006543517454641157
LEMD,556,262,907.7519083969465,897.569827544867,10.182080852079467,-20.650113194410096,235.94659196006768,132.2966759087615,235.71589908298714,321.30531899412523,14557240.091091257,0.0006528051505421881
EDDM,219,284,897.2218309859155,881.2562181157567,15.965612870158802,-24.824436615543107,226.14975599668793,142.2920970484406,226.31511093658742,354.67053085519433,14546062.360460121,0.0006523038961779186
LFPG,U10,202,1110.9158415841584,1062.8828845854127,48.03295699874571,10.242297681198522,264.21000250174876,171.9428988048242,267.89645675390113,531.2244819409358,14497239.33134155,0.0006501144753348029
LFPG,F04,391,993.230179028133,1001.0473111607967,-7.817132132663677,-26.61526650487383,192.43609843005126,137.93601350779423,192.3487702752393,377.6306566407268,14466237.32572114,0.0006487242208071931
EDDF,A34,443,797.471783295711,786.0669074851972,11.40487581051386,-10.431669400103601,180.41012657380196,113.58111266532431,180.56692277301423,311.06762171101485,14443755.224674046,0.0006477160330417434
EGLL,565,173,1590.5722543352601,1611.7337868416225,-21.161532506362253,-19.351187819191182,288.50718971524844,189.8934346896033,288.4494300980028,516.707908915851,14394131.754228227,0.0006454907171925782
LFPG,E26,236,1140.0677966101696,1141.6964940409966,-1.6286974308271458,-29.686878377239623,247.19894886449944,179.73307551135264,246.68004307532863,490.3057426144919,14360846.301788453,0.0006439980637325237
LEMD,T12,359,1192.7771587743732,1221.9378485045572,-29.16068973018401,-35.41201929256931,198.00836635056146,136.54860363313648,199.87107444281224,325.0173725484275,14341492.257213784,0.0006431301505908082
EDDM,117,402,871.6417910447761,850.9508630237061,20.69092802107012,11.002560451883141,187.84205992702314,129.5271948779851,188.7458111985044,389.01592322453286,14321242.460482555,0.0006422220683224069
LEBL,285,175,989.2171428571429,983.4494244765518,5.767718380591052,-41.00132424615413,286.4253997787949,167.8768690124007,285.664101727582,517.0273561016173,14280696.327769605,0.0006404038167785735
LSZH,E62,335,804.0089552238805,795.3453358764065,8.663619347474157,-3.179414421811998,206.59266765327442,124.18474794340348,206.46593922521615,312.23366852613367,14280441.660150468,0.0006403923964590344
LFPG,X04,366,798.1065573770492,780.7913277623398,17.315229614709263,-0.45786232621475165,196.99872820007513,131.37174083455753,197.48995402051005,375.38053369444293,14274835.189682482,0.0006401409797911109
LTFM,F13L,281,944.9893238434164,955.1331388397098,-10.143814996293427,-38.50739788903445,225.55335745180702,163.00827700909224,225.38004935840473,470.0906751036115,14273722.828311943,0.0006400910970367282
LSZH,B33,482,848.8547717842324,846.7956576241401,2.0591141600923355,-22.246301298148012,172.1981078502333,122.42269776108404,172.0317099704699,315.17669154016744,14264746.251445385,0.000639688551253595
EGLL,554,203,1608.6305418719212,1611.3122007876245,-2.681658915703426,-20.47461794806577,265.71384349201253,178.52543102677944,265.07213304631466,489.3690939798881,14263436.850697797,0.0006396298324616537
EDDM,201,259,929.972972972973,914.5544809437249,15.418492029248087,-31.83135465278974,234.4290009307515,146.7018232779467,234.4834692525212,446.7118251268652,14240466.814348795,0.0006385997637162775
LIRF,607,205,1263.9365853658537,1269.520430235751,-5.583844869897337,-11.74614735164937,264.0044602145181,168.746868089879,263.41894837125176,615.5816702747966,14224856.18400832,0.0006378997203134275
LTFM,G2R,375,882.7973333333333,884.6933066788687,-1.8959733455354217,-29.587772230118958,194.85491094446894,141.66674182309097,194.60416714599435,379.2426466955674,14201543.20146979,0.0006368542724826284
LFPG,W08,71,1377.605633802817,1301.660101625398,75.94553217741898,23.348151166379694,443.50885033604357,214.46995286352558,446.8751506135146,688.3095748368968,14178515.416745447,0.0006358216140680141
LSZH,B45,383,837.4151436031332,813.9090972285064,23.50604637462675,-2.2763862029626125,191.1003551813825,132.2550545074227,192.29282148437645,341.1544232679,14162010.681463726,0.0006350814754062332
EGLL,325,257,1459.4357976653696,1508.4714857931651,-49.03568812779547,-30.654736580896042,229.8239792556226,171.93279685899142,234.55924307348764,460.3366460599799,14139635.897380315,0.0006340781001647367
EDDF,A23,307,913.9381107491856,906.736079606093,7.2020311430928725,-21.058319755042135,214.64087485238852,143.55237275522512,214.41200285076243,397.2699416683798,14113559.638707934,0.00063290873592662
EHAM,D04,369,854.1246612466125,855.911543477258,-1.7868822306455217,6.064721023272227,195.79142775610305,132.72947267360607,195.53411258546353,356.2522728828095,14108194.409111766,0.0006326681374689246
EDDF,A24,458,835.8755458515284,842.1832407661688,-6.307694914640338,-20.61455451019225,175.0397090062682,117.64388647512679,174.96225188066964,324.22254906967976,14020199.629084937,0.0006287220978856732
LEMD,T23,345,1089.4724637681159,1084.7506631934295,4.721800574686268,-13.614913598964677,201.0493510021842,140.84221896559703,200.81328412118305,367.0595078037385,13912461.402439568,0.0006238906828080706
EGLL,545,72,1777.9583333333333,1840.1278770602455,-62.16954372691217,-68.95102866209209,437.9250175289789,251.0372588827793,439.29464525943314,752.6612369425559,13894544.545460006,0.0006230872189341084
LFPG,L27,123,1391.0731707317073,1313.1222289390435,77.95094179266407,-20.46614419253183,327.200031992306,224.8998481902112,335.0608972838637,728.3441954065622,13808694.001306146,0.0006192373355049832
EDDM,210,446,758.5336322869955,717.1109071630585,41.42272512393683,23.853056016286132,171.1988500356035,119.12012624540708,175.9521896989693,343.83230016966365,13807791.184698489,0.0006191968495799187
EHAM,G04,275,964.1418181818182,943.9608078339213,20.1810103478968,17.118768632860565,223.49539866926253,141.5861090839597,223.99961905931212,371.86439520787616,13798353.06814716,0.0006187736065024142
LFPG,L71,127,1260.251968503937,1223.5336497682383,36.71831873569879,-23.498940897521834,328.7633255466014,231.51963228109662,329.5185785508345,584.5740000745355,13789976.688490637,0.000618397975974343
EDDF,B41,421,935.7173396674584,934.6905331509541,1.0268065165042408,-17.17313403372225,181.16080128035887,129.8723345707325,180.94843138978575,336.02836338406496,13784522.960240506,0.000618153408881332
LEMD,T15,392,1148.938775510204,1161.6294656285163,-12.690690118312357,-32.37373751252835,186.7976379424204,131.13986728914693,186.99036737048925,325.3507803005764,13706435.815825406,0.0006146516674972282
LFPG,I16,53,1265.7358490566037,1211.890935634548,53.84491342205581,24.53832295357938,510.4436414134693,303.0596956823292,508.4642532892132,788.5078758289613,13702402.534266729,0.0006144707989425698
LEBL,250,244,797.5491803278688,787.2873252890506,10.261855038818224,-23.17750396895957,237.0046593441813,146.81408521506273,236.74100690116848,390.3251826073755,13675298.261053301,0.0006132553344008908
LFPG,X06,157,772.3312101910828,751.3595989232414,20.971611267841496,-29.570695138842552,294.98066378622224,182.67402231894891,294.78665808724,496.1911123669486,13643170.284440208,0.0006118145868087452
EGLL,556,202,1634.8316831683169,1635.9274361390599,-1.0957529707434637,11.835478395760674,260.4564573821008,185.26499383559042,259.8132739699857,503.10518248213396,13635593.340862572,0.0006114748062073471
EGLL,329,283,1389.9116607773851,1426.9908454803974,-37.07918470301219,-45.14344038507102,216.30895571702976,164.7734096040398,219.08696015984023,445.2813045313746,13583744.199718475,0.000609149682339206
EDDM,119,410,884.9170731707317,868.0078526205283,16.90922055020343,-7.24576169057525,181.26156674112204,128.54672899981907,181.82832927750385,385.63580146439693,13555231.944417832,0.0006078710782221232
LFPG,K52,132,1248.5378787878788,1267.1471054548124,-18.609226666933424,-53.14860963830131,320.9123200222112,190.38562995957562,320.23559016465254,440.56167026002004,13536709.983469635,0.0006070404790543232
LEBL,248,244,778.7622950819672,770.8215731962524,7.940721885714848,-25.89769392634122,235.85930975041157,142.81188852035604,235.50940286687495,379.24358587446613,13533381.636645729,0.0006068912226062711
EDDF,V114,325,949.68,918.8262423085984,30.853757691401665,8.094167400571678,201.5035066806283,134.86905035824077,203.5452854279556,354.83658072738825,13464972.046483073,0.0006038234616484786
LFPG,U07,112,1164.2767857142858,1141.2639480938417,23.01283762044387,-10.795212692849304,346.79707033582133,205.8323988112507,346.0115249571858,573.4962490518775,13409085.245158087,0.0006013172728706618
EHAM,H02,482,835.5560165975104,842.6008992993779,-7.044882701867488,2.202963062502704,166.79778332109535,115.64356546273076,166.77352888776068,331.12357078139854,13406063.589960191,0.0006011817697076992
LFPG,E17,235,882.2936170212766,880.3306307495453,1.9629862717313413,-26.73001807032415,239.13371816948927,157.84369781623357,238.63245447974387,387.46771446089775,13382180.357791353,0.0006001107495916708
LFPG,A14,77,1279.2077922077922,1254.4501066628975,24.75768554489481,-83.37989984524938,418.5511649793229,238.20390451223818,416.5607876646522,621.0313677948186,13361262.51612425,0.0005991727095035042
EHAM,D16,399,855.8320802005013,864.1766436679061,-8.344563467404868,-6.31865067966487,183.0275276412416,111.4423339804575,182.9883876924482,327.7686275045203,13360415.26208241,0.0005991347152271942
EHAM,C16,427,731.3091334894614,726.630983503729,4.6781499857325715,6.084534377634782,176.8868965099782,113.20836426307974,176.7415711091732,342.04455320482515,13338447.923125323,0.0005981496114626649
LFPG,F20,280,924.8357142857143,929.6250855952169,-4.78937130950255,-29.561607885092883,218.4382180276934,151.60954365703657,218.1003932763871,415.80750405392564,13318978.833248122,0.0005972765392272221
EGLL,546L,151,1432.5165562913908,1419.9679777466615,12.548578544729107,4.7545448508856225,297.61325939975154,171.68258214600695,296.89145914978155,479.299551885259,13309825.315929048,0.0005968660587230828
LFPG,K32,136,1247.1838235294117,1284.1634980455287,-36.97967451611703,-65.78643046593243,311.53951415858165,211.12887152840696,312.58712667322067,570.1312297830432,13288656.799607532,0.0005959167773759627
EGLL,220,330,1086.821212121212,1097.4446149562648,-10.623402835052865,-22.423810110685736,200.6684850457332,152.72817399126154,200.64564240987409,354.8959016004535,13285362.35996345,0.0005957690414621253
LFPG,D12,319,1010.9341692789968,1024.7228419273579,-13.788672648361025,-9.47078241176655,203.89967214064427,148.040244968319,204.0462555394704,391.6044272815726,13281524.933497556,0.0005955969558369596
EDDM,224,301,874.8172757475083,846.756608136041,28.06066761146738,4.92005885798028,208.42216803500023,137.99994887980037,209.95924109778846,383.1421525057808,13268947.75963014,0.0005950329448136792
EGLL,564,201,1529.0696517412935,1567.4384483376055,-38.36879659631195,-39.493323070370934,254.67763475513223,191.29158158598983,256.92444834753564,472.8151273202559,13268044.603895789,0.0005949924436808109
EDDM,308,357,855.6386554621848,810.0073432536653,45.63131220851947,17.53865060390251,187.51198421327203,131.75365745617435,192.72901026532523,365.0808398061175,13260576.289033104,0.0005946575344275648
EGLL,305,187,1390.048128342246,1473.9622626809999,-83.91413433875402,-88.23966765602677,252.8424217504061,198.31693351656753,265.7611790992146,494.6716701627464,13207623.8071303,0.0005922829323255291
EGLL,336,112,1460.455357142857,1456.8805300177191,3.574827125137832,-3.5355040797702486,344.85241834886904,187.5752321936261,343.3280583198399,510.66781869039613,13201905.430523196,0.0005920264973365822
EHAM,C13,418,753.8468899521531,749.5663418834786,4.280548068674499,12.167415296254603,177.86317113101163,123.02571407208046,177.701851938503,372.74328339622554,13199582.340232182,0.0005919223206315434
LTFM,K10,131,839.3129770992366,816.9864996507331,22.326477448503457,-21.684608780762574,317.6028040424073,214.94178735040674,317.17503206662474,590.9639255768363,13178600.12660684,0.0005909813938460614
LFPG,M17,68,1630.1617647058824,1605.888342038321,24.273422667561114,-30.0089244979481,442.5905459672986,243.6676977660094,439.9942138272486,662.7737841576363,13164453.75769918,0.0005903470138106561
EHAM,B27,500,746.17,760.6383753570153,-14.468375357015208,-2.9538824686320595,161.62472229316205,112.96681843863787,162.1099615696104,323.1622376508153,13139819.820050277,0.000589242329043852
EHAM,D47,367,843.3024523160763,842.9294459338004,0.3730063822758525,-9.042851608371166,189.42069806425943,121.0011496016439,189.16282344596252,327.7661375039415,13132204.575075757,0.0005889008308538861
EGLL,331,277,1422.0361010830325,1470.5003960232398,-48.46429494020724,-50.074339346285115,212.56669351347804,161.69841501295477,217.6471129571559,415.7854352619104,13121563.620668039,0.0005884236476927528
LEMD,T20,343,1131.8950437317785,1142.773977370241,-10.878933638462474,-30.618431885919563,195.45779633777164,126.08435577458316,195.4756254640398,321.90911417340413,13106277.011641245,0.0005877381347078345
LSZH,A07,247,714.0283400809717,620.9648039814467,93.06353609952492,53.50274942947999,211.13480753171015,144.49440155650456,230.34376776184138,483.37411594526327,13105388.082640115,0.0005876982715588604
LFPG,U13,216,1182.0185185185185,1193.9126735479597,-11.894155029441194,-29.308152748396594,246.20098417094178,167.87434245561587,245.91821990175427,521.0440185559306,13062766.510003876,0.000585786948947772
LFPG,K44,112,1268.9732142857142,1261.7377210750549,7.235493210659207,4.180578058210472,342.92598465450925,212.72080181861855,341.46829883364603,539.497315029707,13059267.100134548,0.0005856300213452689
LSZH,E23,189,948.3915343915344,918.5377979822072,29.853736409327265,10.483185534853646,261.62289221219623,147.9632008822863,262.6321235374576,369.4628538389672,13036394.507307138,0.0005846043223590219
LFPG,E09,278,897.7194244604317,908.2251010476896,-10.505676587257962,-45.92589680297891,216.58527857657856,154.3264701317751,216.4504887235846,404.51506281146635,13024526.31109266,0.0005840721047430469
LFPG,E05,290,925.6620689655173,923.6885296218073,1.9735393437098616,-30.100023481335768,211.9768687822559,156.80677774387163,211.62027847896965,439.179232805057,12987111.256419834,0.0005823942633221867
EDDF,V116,328,943.5548780487804,931.7973223717352,11.757555677045328,-3.755135079753302,198.75028975990827,123.07909453467263,198.7950850775769,319.7112498405454,12962391.359128343,0.0005812857237795413
EDDM,220,422,805.281990521327,773.0169424289534,32.265048092373625,10.832621962990515,172.4423491537444,119.91460086082559,175.2339344791611,369.4103943416054,12958325.216665803,0.0005811033816098872
LIRF,507,177,1010.9717514124294,1015.3309264680049,-4.3591750555754745,-5.025455594828713,271.28259354871426,175.98722377893705,270.5502934235865,457.04637693226766,12955950.645071205,0.0005809968962762948
EDDF,E5,203,1205.9064039408868,1199.6198300248545,6.286573916032171,-23.94487416609695,253.17212081776182,164.65718654774463,252.62600682406924,400.4303006498723,12955439.562746558,0.000580973977290842
LFPG,K64,126,1221.7539682539682,1204.0040195780396,17.749948675928792,-19.203703406009595,321.06858066611846,221.50949327066596,320.2841847211907,734.1696718214014,12925326.831797242,0.0005796236014134369
LTFM,A2R,129,1096.6589147286822,1111.641056269383,-14.982141540700633,-30.616052625556677,317.1322336172651,224.57926863424734,316.25572507102123,691.8433508348692,12902281.189585458,0.0005785901421973172
EHAM,D07,315,903.2444444444444,915.7806298116708,-12.536185367226283,-16.667465257200433,202.30769265417456,135.9448284901213,202.3749663720468,400.58107407168336,12901022.509437427,0.0005785336979209037
EDDM,253,282,860.4078014184397,833.2919680570634,27.11583336137634,-9.507110639405937,212.36868480133887,137.47356997831437,213.71896499842197,347.5806267736166,12880574.471999073,0.000577616725742475
EHAM,B15,500,760.956,760.3700175702058,0.5859824297941777,5.2690477221366905,160.66025851347268,110.47916224908133,160.50058754936904,347.7216492166179,12880219.301846337,0.0005776007984854142
LFPG,E01,308,917.1558441558442,940.9589110310458,-23.80306687520158,-36.00318031274492,203.34055774966123,148.97302586536958,204.400889602938,407.6841437175132,12868154.890505515,0.0005770597817945948
EGLL,243,186,1283.8978494623657,1308.4069728471416,-24.509123384775872,-34.53393663545751,262.02461504746094,174.04415207540424,262.46613668727684,393.31374073430044,12813255.960803237,0.0005745978931505492
EHAM,H01,516,843.3585271317829,845.2399352069232,-1.8814080751401003,12.726065145599364,157.72245764010478,113.78094995741885,157.58078345387779,342.20570354172685,12813158.909991968,0.0005745935410021294
EHAM,C08,489,758.6462167689161,757.9293073814241,0.7169093874921133,1.7704341871136648,161.86876137173462,110.01940127302984,161.70475588512076,334.61160466072204,12786581.329098716,0.0005734016954608386
EDDF,B45,281,1030.9430604982206,1050.6503186723041,-19.707258174083375,-41.801173015242966,212.56676185664645,150.9602342739917,213.10139577718311,410.34828634278983,12760829.5718936,0.0005722468831726701
LFPG,X07,224,720.7723214285714,700.430371698868,20.341949729703423,-15.97256247510407,238.2025547336796,170.53362901888127,238.53919256274375,443.5792345527455,12745811.991020806,0.0005715734344913885
LTFM,B1L,186,1180.215053763441,1170.5417578542238,9.673295909217211,-5.520968940345483,262.13388693677024,186.66584137401577,261.60717935037053,433.987435813053,12729526.829504192,0.0005708431423996917
LFPG,U03,208,1045.5,1082.4540670060094,-36.95406700600933,-48.19223283092646,244.98626567369072,177.19524687918133,247.17468329149733,464.7614629936879,12707827.40453242,0.0005698700529749973
EDDM,116,319,895.0407523510971,861.6507530089988,33.38999934209842,3.0990682898611794,196.36608616024967,129.70773833116135,198.88100773122093,394.6919313233348,12617616.020343322,0.0005658246119526828
LTFM,K16,122,857.9672131147541,826.3166852530701,31.65052786168406,-2.562605845671726,320.8241578608085,222.8177054917705,321.07043292732885,682.6320651894384,12576519.19381737,0.000563981665085062
EGLL,313,251,1396.8645418326694,1448.9840673889566,-52.11952555628718,-52.16120620681136,217.98306886008788,166.85429868303765,223.70461331313845,410.903729619244,12560982.258412782,0.0005632849264593136
LFPG,Q19,223,928.219730941704,954.57044722152,-26.350716279815977,-16.842478476145516,236.37008438811023,171.98523522113936,237.307048489416,453.98217310744894,12558163.66359504,0.000563158529339887
EGLL,409,181,1317.9337016574586,1334.29909943008,-16.365397772621495,-17.84369094642011,263.5741245886677,177.7075868471745,263.3539936171581,398.63074615021424,12553313.99769321,0.0005629410508302718
EGLL,238,231,1256.857142857143,1313.1506102608012,-56.293467403658305,-45.69036954338094,226.66614301166845,179.51898267007664,233.07526952759392,441.0854433360846,12548862.772298288,0.0005627414399942996
EGLL,573,134,1552.2089552238806,1509.890049712911,42.31890551096975,-17.871589616022902,303.9555537084681,213.67608783960506,305.7619963371675,626.225325945893,12527713.386148065,0.0005617930165209436
LTFM,A2L,105,1147.7142857142858,1148.328640068255,-0.6143543539692375,-47.50806038842029,347.0267480640319,234.77196901378775,345.37083276304173,646.5418961927094,12524506.27296088,0.0005616491966763945
LEBL,125,190,1239.9052631578948,1215.1390514534432,24.76621170445135,-23.741911509458305,256.14569981576125,169.62020870087716,256.66839643032847,406.02874213285963,12516946.48796209,0.0005613101855346311
EDDF,B20,263,1001.9885931558936,1015.7450880933884,-13.756494937494976,-39.90018175358023,218.09652590583275,155.13094845287918,218.11574012397034,455.6820974981837,12512087.211624596,0.0005610922760544568
EDDF,V153,288,546.15625,532.3503267941225,13.805923205877471,-28.698271146753342,208.11470684592504,122.43004648000692,208.2113031647346,366.9220713816058,12485360.668480424,0.0005598937504471625
LFPG,K65,182,1147.923076923077,1187.2420867841283,-39.319009861051356,-57.06291919417555,259.3931739036153,191.67316302154458,261.6507336094774,564.7010144256609,12459921.364504743,0.0005587529498175366
EHAM,D56,373,727.455764075067,726.4149218726227,1.0408422024442192,1.7606775419125142,182.8212624115719,113.61281725081805,182.57899604840293,330.28018124308306,12433988.49466994,0.0005575900157111698
EDDF,V111,316,1004.7120253164557,1005.54916151092,-0.8371361944644347,-16.85246305525982,198.62923495383174,138.64613089758714,198.31646602414833,371.0446160410235,12428096.940033067,0.0005573258147233737
LEBL,277,180,1003.8444444444444,1011.6554191080126,-7.810974663568148,-17.530591981609064,263.32184903912014,167.11589862073913,262.70552752931803,393.09656670056813,12422554.95500231,0.0005570772898416195
LIRF,612,180,1169.5,1213.022897226704,-43.522897226704075,-48.62522230708265,259.69732704619554,202.5510443121312,262.6066689594402,493.06648702587086,12413207.264755141,0.0005566581018430126
LFPG,F30,390,947.5538461538462,965.3746615595645,-17.820815405718403,-25.266160054518878,177.45549030896183,129.46479256758082,178.12155331755977,365.95258956591545,12373642.224941514,0.0005548838464477507
EGLL,402,210,1464.4857142857143,1514.448222800807,-49.96250851509241,-42.06386300441591,237.9917703742823,171.8130550054389,242.6244430043442,440.3363006448544,12361990.272065334,0.0005543613260521366
EDDM,215,449,771.2472160356348,750.0256419034399,21.22157413219496,1.9843543185976387,164.6557560703336,118.93691203858113,165.83573564140406,362.56503286626577,12348169.55586082,0.0005537415495927231
EDDM,121,318,880.6698113207547,877.8320356783294,2.837775642425166,-5.496277048169873,197.34487507976104,126.3030689958173,197.0547744619852,329.85509543377987,12348125.755967906,0.0005537395854294952
EGLL,239,220,1227.3863636363637,1258.464393726831,-31.07803009046757,-28.311856854380835,235.30777629011706,179.60395249436172,236.8204232260868,481.5115250192368,12338460.828536231,0.0005533061712405738
LFPG,E32,215,989.4558139534884,964.2754204231117,25.1803935303768,2.3006264941114978,238.7128959321124,168.04089658717785,239.48456684152185,519.75120721905,12330864.41738334,0.0005529655176348619
EDDF,A18,455,832.6395604395605,833.0725537982112,-0.4329933586507475,-15.510911330330373,164.7862264110652,113.63256000050781,164.60561253297416,289.37813247431353,12328228.493196808,0.0005528473122006836
EDDF,V106,359,964.175487465181,941.0727447312579,23.102742733923083,-1.7052391831425666,183.77286153100343,123.13454082266597,184.96520656457562,332.0765480003881,12282153.82257193,0.0005507811387979475
LEBL,129,187,1295.0106951871658,1267.658443552491,27.352251634674662,-7.209374164389374,255.23500803646613,161.00611282224676,256.0169652538375,397.45882006785035,12256856.375085725,0.0005496466995834242
LTFM,K52,80,1003.8,941.8868047378801,61.91319526211997,40.652159511449156,388.91717697390294,230.91647404182407,391.40657526553974,613.3287868153336,12255928.57288789,0.0005496050932040802
LFPG,C08,199,1143.824120603015,1148.0918897022807,-4.267769099265686,-21.86727780710089,248.65888227572253,186.16975220564365,248.07003817528258,456.4603729986809,12246210.024216946,0.0005491692744232888
EGLL,244,190,1230.4736842105262,1228.1469367134816,2.3267474970445625,-4.760627468814391,254.52991514768112,175.2039828566934,253.86987860034307,441.6114991135122,12245483.899505056,0.0005491367120729469
EDDM,214,395,813.9493670886076,784.3217719095957,29.627595179011905,5.466896599970028,173.72469908304203,120.75431823526576,176.01607801004096,383.1273327292663,12237755.588624546,0.0005487901435533498
EGLL,590,171,1297.0526315789473,1323.5558989859207,-26.503267406973304,-35.80484210515033,266.9612755549938,181.898357013736,267.49574204564806,474.5045540821677,12235729.214146372,0.0005486992727778456
EGLL,327,254,1478.9448818897638,1507.6885342480914,-28.743652358327566,-29.449786750122485,217.99631178055697,163.33014269489692,219.45727025898066,437.730609409774,12233019.341258913,0.0005485777511867213
EGLL,236,239,1262.7405857740587,1290.7841228585908,-28.04353708453216,-11.289784044192174,224.69972259324743,167.83240492093327,225.97599478842116,421.6581315518659,12204570.902727354,0.0005473020088700407
LSZH,T52,54,1007.4814814814815,974.2941277432653,33.187353738216274,-4.057395096726168,478.4759071619456,182.62057306307383,475.18520545552155,323.45099662646123,12193252.892125536,0.0005467944637881072
LEMD,T1,225,1451.9377777777777,1459.6226926629695,-7.684914885191611,-39.69924150731322,232.79412017498632,165.0889462735066,232.40331768716825,450.13396920027856,12152542.966200642,0.0005449688670983731
EHAM,C07,462,786.7186147186147,767.5088909908422,19.209723727772435,12.684591642742191,161.1987816402784,109.67977518771923,162.1660136930467,346.34460650474074,12149590.990657156,0.0005448364886511534
EDDM,186,171,1001.2456140350877,946.4382704066682,54.80734362841973,7.091756932532576,261.38590428511617,173.81863293906136,266.32102537915057,535.8083468723291,12128497.94358937,0.000543890591648678
LFPG,X05,320,774.175,784.3583932903215,-10.183393290321458,-8.569730387854747,194.69042778068453,135.27225601725053,194.6525443835486,400.8307600604466,12124676.171196591,0.0005437192080150636
EGLL,544R,185,1343.8,1375.1270185012256,-31.327018501225382,-31.76517919971502,254.4238851626825,181.11112974208712,255.66187701207033,460.82140719799884,12092154.14110697,0.0005422607894813483
LEBL,101,239,1255.5690376569037,1246.8908691912063,8.678168465697558,-14.444226568371732,225.17034025212297,147.90640857613863,224.86629762542168,462.2690370448371,12084999.58205577,0.0005419399502996589
EGLL,321,223,1394.4843049327353,1410.8231166771504,-16.338811744415306,-28.18692964772322,232.5159401476021,178.5480886136959,232.56865920381182,467.0618400534564,12061664.417380504,0.0005408935077326996
EDDF,A30,453,813.1523178807947,808.8370040317342,4.315313849060557,-19.63155372502945,163.15527621694028,115.24317386859948,163.03221485233195,322.060784361621,12040514.89508459,0.0005399450781540235
EGLL,544,61,1691.2295081967213,1748.9014320165165,-57.671923819794934,-52.06250295630866,444.05246638549755,287.96880767403167,444.15778972918963,895.3364645597553,12033844.672804259,0.0005396459585796664
LFPG,L53,124,1221.6612903225807,1284.0245613316922,-62.3632710091115,-67.96130673971567,306.38626933428975,223.51616533532544,311.4557543953145,625.9639792090217,12028581.181298355,0.000539409922466819
LFPG,E42,152,996.7302631578947,1022.552241848606,-25.82197869071106,-77.1874930024349,280.99501667053886,188.42647121970816,281.2570214929107,483.6539850984693,12024037.845137674,0.0005392061810139215
EDDF,C4,151,1103.4900662251655,1075.0049473841698,28.4851188409956,-10.83883821929362,281.39299043533066,166.38212526680843,281.90252367757853,480.50820847381317,11999823.961223949,0.0005381203331447787
EDDF,V112,353,920.2464589235127,914.9112398627522,5.335219060760515,-5.999695988635949,184.54426673537273,124.72330402537585,184.35990172891664,358.9433305089464,11997966.398020018,0.000538037032545256
EGLL,545R,148,1368.2297297297298,1384.022540344239,-15.792810614509348,-28.981844698574832,284.9817418833634,181.07004587788882,284.45607538350083,454.42246942134335,11975458.305742417,0.0005370276792285728
LTFM,140,66,1113.2575757575758,1114.5377604587632,-1.2801847011873744,-89.63562893447806,428.8363913822231,261.5575325991611,425.5771562866774,561.0241798059491,11953650.452901632,0.0005360497274624655
EGLL,301,246,1335.959349593496,1410.7566973096127,-74.79734771611655,-75.04172009068054,207.46648485306363,171.15511402986115,220.14090190458097,432.9978752103721,11921656.106075138,0.0005346149723670028
EDDM,205,412,761.9563106796116,740.2638897207117,21.692420958899948,-2.8219058663542,168.69430061160847,119.77230878450979,169.88012225023573,390.2658485613765,11890013.445531076,0.0005331959882978547
EDDF,V110,373,923.0321715817695,921.2926894776996,1.7394821040697885,4.811922931022025,178.36739597860787,125.59695595692887,178.13663023977423,326.3132857232488,11836281.819376905,0.0005307864462362439
LTFM,B3,113,1230.4070796460178,1246.096955961262,-15.689876315244211,-59.82814054009327,324.5840329442554,228.57757767127617,323.52530557515274,641.5737236732674,11827554.438267043,0.0005303950753923469
LFPG,B18,119,1189.361344537815,1139.2489648263454,50.11237971146981,-1.9070850983754326,312.5545730126494,195.9458861655559,315.24702109166867,488.3114120443408,11826301.432553347,0.0005303388855803742
LEMD,T14,369,1170.6558265582655,1190.634120987952,-19.978294429686237,-43.21016884032338,177.9002821044288,127.39410959461904,178.77884186995115,316.36792518531473,11793931.61683321,0.0005288872929507288
LEBL,217,117,1178.3418803418804,1216.7366425858152,-38.3947622439348,-93.90423728003725,316.42582327894536,210.33337502683267,317.4014612390071,536.6208179472434,11787011.448808862,0.0005285769648046899
EDDM,212,361,804.9778393351801,794.868015882884,10.10982345229595,-1.531819287309645,180.65284485629644,126.30191117109658,180.68551678355396,365.98783718510106,11785659.407097727,0.000528516333820571
EGLL,322,223,1463.798206278027,1506.7901597058008,-42.99195342777366,-43.574041194257234,226.124651163224,168.66778177947066,229.67667020974304,470.45803805247465,11763556.14301562,0.0005275251346271591
LTFM,K14,133,830.2481203007519,803.4356660354034,26.81245426534856,-27.60650762522664,297.191064238865,202.61017419053115,297.283294526076,552.0257147828985,11754188.50816893,0.0005271050522325533
LSZH,E58,382,791.9947643979058,773.298512534135,18.69625186377054,-2.0479147062400784,174.64215021334832,130.63084588757633,175.41262168225526,315.6821733978603,11753982.556958849,0.0005270958165525851
EGLL,340,234,1448.2222222222222,1485.065037232852,-36.84281501062976,-45.53998516417687,221.17647243203865,173.6100237445531,223.7573893377867,423.90887646278173,11715764.412283275,0.0005253819613484211
EHAM,C10,473,741.7272727272727,756.5120004276641,-14.78472770039133,-3.1561586221736206,156.65640831548149,111.12386794666931,157.18757658202637,347.18479073802916,11686852.891608479,0.0005240854525673325
LSZH,E53,264,877.6212121212121,876.5155429749002,1.1056691463119264,-28.983858938945332,210.78362697332267,148.0448602016107,210.3869421909101,372.61373488608893,11685343.677332517,0.0005240177733337379
LEMD,312,344,1043.6976744186047,1053.5845460980456,-9.886871679440787,-30.572113096985618,184.27597919146126,131.2744555877381,184.2733639975249,393.70532218344806,11681095.40156372,0.0005238272635746462
EHAM,G09,251,1099.3107569721114,1140.1809239640909,-40.87016699197948,-25.759984964030537,212.23957471568016,156.6028239383958,215.7233017916731,478.36130970821796,11680672.276911218,0.00052380828896471
EGLL,555,184,1581.1521739130435,1620.3635948709157,-39.2114209578721,-35.87936605040329,249.51703483714448,184.38080119304058,251.90856164897312,431.7459185471141,11676257.911498025,0.0005236103310784572
EHAM,C14,441,749.6734693877551,728.110341742196,21.563127645558914,23.62099711768201,161.43077117210302,115.2449751566183,162.68303422664937,312.38220013337127,11671404.404708423,0.0005233926803279977
EDDF,B10,383,611.5639686684073,605.007719647982,6.556249020425396,-18.87989768676607,174.65774767560077,115.7971858438198,174.5527566273401,294.68991203175705,11669498.636095911,0.000523307218004219
EDDM,204,279,872.9641577060931,867.057708920031,5.9064487860620645,-31.440954211202893,204.59528224935974,133.61265223030435,204.31368670562773,368.3084926281593,11646599.038493466,0.0005222803080153285
EDDM,202,376,803.0718085106383,770.6375026638665,32.43430584677172,5.984290236754475,173.20990391525027,123.97595793608936,175.99392981689587,348.0144664513631,11646172.612980321,0.0005222611853815352
EDDM,213,337,768.9347181008902,748.0825547399376,20.852163360952655,0.7550859835226902,184.9820732720563,121.24000898508042,185.88071972791957,340.41185427617296,11643903.342733882,0.0005221594221835954
EDDF,A28,463,811.3174946004319,818.6698071995091,-7.352312599077164,-17.57164813648228,158.2848155096689,115.21638071007432,158.28463864693393,303.8074114551913,11600014.42302638,0.0005201912666364237
LIRF,323,70,1165.7,1152.5299615761191,13.170038423881007,-25.073609115507338,409.2835220017698,236.45250673516125,406.56292061299877,805.1868941483152,11570538.589216007,0.0005188694517863882
LTFM,K11,92,813.6847826086956,815.5848776847073,-1.9000950760116357,-71.36332768953235,356.42320018283414,235.92933019058313,354.48591738508117,543.9710390581864,11560744.437439516,0.0005184302426584988
EDDF,A20,340,1056.1,1085.619073626461,-29.519073626460994,-28.225790493014756,181.95591292506575,132.77461997603146,184.070512630714,382.12128315214875,11519864.23084551,0.0005165970098992116
EGLL,411,213,1354.0610328638497,1379.560767487343,-25.499734623493232,-14.093169863340336,231.66461652368372,174.1236360549614,232.52261449543542,456.5208271798381,11516221.211631881,0.0005164336422765511
EGLL,319,223,1318.340807174888,1368.2697910747627,-49.92898389987501,-39.67107735751074,222.14891986368903,165.48950568153705,227.2041921752338,418.1707712315399,11511649.122066127,0.0005162286114054115
EDDM,216,283,901.9187279151944,904.5501961603175,-2.6314682451231786,-40.34123361293189,202.00082486225085,138.4265409420783,201.66078683528815,359.25408052904066,11508781.64400879,0.0005161000221650621
EDDM,162,131,949.9389312977099,955.8103294258805,-5.871398128170639,-20.114927914165378,297.42641067005553,172.06897953656932,296.34719005132916,519.0167984880331,11504637.073722737,0.0005159141629766041
LSZH,103,133,497.5338345864662,558.6676389850717,-61.1338043986053,-63.1552383225237,288.60925942875895,222.48098809801692,293.9495980305785,580.9229164449714,11492046.702251043,0.0005153495601197074
LFPG,Q06,54,1184.2592592592594,1153.6233379259445,30.635921333315178,-36.372074807535796,464.61868676069224,227.2162115283898,461.3149482352157,604.382815583342,11491819.999124024,0.0005153393938403828
LTFM,A3,111,1245.2702702702702,1269.0714205525296,-23.801150282259318,-59.08050394435577,322.2125932463718,209.65650256887218,321.63974580292535,521.1547219184904,11483185.994898917,0.0005149522103912754
LEBL,246,142,750.8732394366198,765.1472826446752,-14.274043208055552,-52.662824516630565,284.91383205550125,168.94463410783206,284.26744237939937,466.14115253062187,11474732.98916337,0.0005145731436418643
LEBL,121,253,1220.399209486166,1237.629428506189,-17.230219020023092,-36.245417645629004,212.6689522692336,150.6338253142874,212.94646411543079,385.442922654976,11472587.734553907,0.0005144769418034994
LEBL,118,299,1235.5418060200668,1246.9635789382432,-11.421772918176266,-34.85093184406378,195.8701988148371,141.40642999974366,195.8756753473669,382.0737509090502,11471816.777643336,0.00051444236899719
EGLL,539,207,1565.927536231884,1550.5381459485343,15.389390283350117,13.473120348303837,235.33302507800948,162.87745587354803,235.26776639899802,401.1828738364898,11457640.834619315,0.0005138066627395502
LFPG,D03,111,1059.045045045045,1033.4581482941235,25.586896750921795,-25.44524279409643,321.54761911355115,179.30491623696443,321.1169465061099,485.0659151607275,11445886.360008273,0.0005132795448573149
EHAM,B32,412,668.0169902912621,682.7528862076562,-14.735895916394163,-12.561589463213807,166.15053579914436,106.96950271442753,166.60174764721572,286.0247210771665,11435530.635471899,0.0005128151525499381
LFPG,F09,150,1264.9266666666667,1267.3592184096985,-2.432551743031854,-58.821226511809925,277.00492303695796,197.21809054125166,276.090745671507,607.5959267202034,11433914.976817317,0.0005127426999226111
LEBL,222,202,831.8316831683169,799.3040959426161,32.52758722570083,6.0276057390522055,235.82440299208088,133.89167829933774,237.47816817184378,392.48029562183376,11391967.832367413,0.0005108616213818928
LSZH,B41,380,846.2210526315789,837.3410160375104,8.880036594068555,-10.245951358715729,173.09639777162562,122.6147985362401,173.09641720135969,316.78581939223085,11385700.466219924,0.0005105805674955921
EDDM,118,403,876.2481389578164,865.6105158569387,10.637623100877608,0.7835447403904254,167.88791810874528,121.26665849174638,168.01657879336815,357.03478141183706,11376517.012019522,0.0005101687445013791
EGLL,242,192,1321.2447916666667,1340.4006320528229,-19.1558403861562,-35.110583795351374,243.15830882394454,167.86331188869073,243.27959562256854,381.5331021183358,11363512.63608585,0.000509585576020543
EDDF,A36,323,804.953560371517,786.8114648918414,18.142095479675593,0.7039859330001264,186.7515551917364,117.72218179498378,187.3427429041981,327.7156755913929,11336428.971994514,0.0005083710356747257
EDDM,223,301,768.9202657807309,743.7784480810908,25.141817699640086,-0.14429587639017427,192.65396169283107,127.99727346645422,193.96997829965937,372.0844625590439,11324930.09695267,0.0005078553799044159
EGLL,553,196,1558.9030612244899,1549.3286541519783,9.574407072511715,-8.036533211460323,240.61719702861885,179.57320849406403,240.19349237483564,459.9898694851801,11307811.100727163,0.0005070876953132301
EGLL,421,251,1181.8247011952192,1212.146382050177,-30.321680854957563,-19.024078631365,210.28638957072303,165.01310321455853,212.04620537285538,418.07347821457677,11285861.896469817,0.0005061034047815195
EDDF,B28,236,963.042372881356,989.2803965143006,-26.238023632944728,-64.74529433164383,217.21470473124137,144.86684113808988,218.33629368690328,337.1762766476398,11250293.965260347,0.000504508395800258
EGLL,232,246,1300.260162601626,1328.369965773124,-28.10980317149804,-31.18624674633645,212.1894777161971,152.91040165768985,213.61533085291506,371.175172581713,11225351.35554849,0.0005033898689376125
LSZH,A44,455,843.4747252747253,835.3312864406471,8.143438834078248,-9.85567941672241,156.9114428620846,113.8178735599866,156.95032324800334,321.84211429269084,11208198.805281997,0.0005026206796483768
LFPG,L59,118,1215.822033898305,1243.9805287851023,-28.158494886797,-60.10136076312881,308.0962609239174,206.59423095198363,308.0775422406152,499.4539503565934,11199589.099896125,0.0005022345858568766
EHAM,B16,424,716.3372641509434,705.522185198757,10.815078952186388,6.672440586998675,162.33116851813938,106.92018999200918,162.49992202273262,325.438790605344,11196239.25473513,0.0005020843653369888
EGLL,237,142,1324.5704225352113,1342.3084808918413,-17.738058356630034,-28.075867207275678,281.13848908180984,185.80611811488137,280.7078145286368,494.8745092444327,11189156.553516986,0.0005017667485493269
LFPG,K21,172,1184.4825581395348,1220.619968293967,-36.13741015443197,-52.1744300313178,252.8971582562199,178.1032827848653,254.73720223491762,456.5041135581594,11161259.25882541,0.000500515721737452
EDDF,V113,311,989.8617363344051,985.2466793713703,4.61505696303503,-9.139326464060673,189.51454868919714,135.70782685713567,189.2658927102499,357.6973072986202,11140510.802599832,0.0004995852775732354
LFPG,Y04,141,949.8581560283687,948.0813611071874,1.7767949211813323,-37.078342958977714,281.99939504668674,174.48747158683832,281.003235260201,428.04652226513133,11133757.369964683,0.0004992824265121498
EGLL,332,233,1345.5321888412018,1368.470793201553,-22.9386043603516,-41.901307194160836,217.78135862684584,167.9909318051319,218.52080678152473,402.1168540435564,11126062.918172494,0.0004989373763701512
LSZH,B38,377,896.3580901856764,905.8417626947698,-9.483672509093465,-46.046064291395055,171.4269365753246,128.5171568066393,171.46190396003772,345.4108452445946,11083492.560119653,0.0004970283504268113
LEBL,238,371,793.0269541778976,795.3182004402781,-2.291246262380651,-14.791654372995254,173.05011501086136,122.25722741251167,172.83192474458943,317.96732861944395,11082094.332251105,0.0004969656482697742
LFPG,J21,260,925.9846153846154,919.3204351591685,6.664180225446814,-19.980456907851135,206.58625875344995,152.8906593533085,206.2962624543854,380.52263619726733,11065118.454688653,0.0004962043816946268
EHAM,B24,412,701.1310679611651,681.7099053336948,19.42116262747021,12.607761568211174,162.79463069188037,108.69432463608476,163.752703411021,307.5558096279818,11047758.524260137,0.000495425892645475
EGLL,407,187,1392.6631016042782,1395.9669049752506,-3.303803370972581,-9.661742136663179,243.53737475032847,173.9642037505211,242.90780106795307,415.28709282476336,11033785.366277967,0.000494799280084095
EDDF,V107,342,1027.421052631579,1029.2109756142643,-1.7899229826851972,-22.692721486908226,179.67886934957173,134.4734021753349,179.4249168974253,345.7233162719518,11010108.87484761,0.0004937375310536615
LSZH,A09,237,731.9535864978903,644.8721486082788,87.08143788961151,63.06907723677523,197.4992735977884,146.7059048307218,215.46358804659116,489.92691885494526,11002620.19241694,0.0004934017084368106
LSZH,E67,148,1046.2297297297298,1032.6946467843377,13.535082945392052,-9.822777600239078,273.17694791693526,180.59397710164072,272.5887305325116,410.27104737907626,10997083.169972278,0.0004931534060973613
EGLL,547R,83,1411.9277108433735,1386.9996661632701,24.928044680103486,33.88074776176154,365.3147094320311,226.27005608846284,363.962023757215,802.1962987250816,10994873.443208145,0.0004930543130684705
EDDM,313,353,817.8980169971671,793.5996818016544,24.298335195512657,-5.231695262293101,175.00778134269683,117.2367367472017,176.44083579048578,335.03743521571255,10989373.092659144,0.0004928076552442053
LSZH,E27,199,995.608040201005,1007.3424138832703,-11.734373682265295,-15.453790932400352,234.9189964727351,172.00488978649588,234.62162975426747,502.24259931784104,10954414.520561166,0.0004912399723744883
EDDF,V93,212,1154.051886792453,1131.0363933830554,23.015493409397337,1.0570615010237816,226.2259518693542,138.82406133101708,226.86226596882776,363.90042559547993,10910895.396748362,0.0004892883999614272
EGLL,342,238,1402.626050420168,1442.6849611578293,-40.05891073766136,-24.176510751792307,210.70613446740626,160.27595917969006,214.04496980616585,411.28496168563424,10904029.285638742,0.0004889804959446968
LSZH,E56,337,832.9554896142433,811.0875076416188,21.86798197262455,10.307193496428113,178.69036240986625,128.1653867265216,179.7601339296518,419.76194978651654,10889718.837886943,0.0004883387579544952
LEMD,T24,349,1039.3209169054442,1045.005078216859,-5.684161311414781,-27.71131076343113,176.6066152158293,124.01644401963487,176.444996802833,361.28237559570204,10865360.07696636,0.0004872464132181112
EDDF,B25,251,927.4780876494024,950.5488920587734,-23.07080440937092,-52.17622716761639,207.15803486020675,145.22629002294323,208.0282180696875,305.30203616531026,10862210.617825616,0.00048710517881271327
LSZH,A08,486,821.1111111111111,815.1930770740802,5.918034037030919,-3.6371789393455174,149.503363631571,112.44489587849786,149.4666806545021,293.8791085647258,10857380.27217521,0.0004868885667008189
EDDF,A14,483,871.2443064182195,858.3630659608469,12.881240457372574,3.9856749241920397,149.50550682103835,110.32729197115715,149.90512235065603,309.5460414453321,10853756.57646417,0.0004867260656216747
EGLL,410,229,1426.8122270742358,1478.4738052599025,-51.66157818566695,-59.491515663394466,211.8888512044031,173.38195241579558,217.64592267677315,411.7354551491062,10847672.213641677,0.0004864532183399484
LEMD,T19,276,1154.623188405797,1150.7287219666807,3.8944664391163797,-16.279599532212558,198.5675900579939,124.89191846263982,198.24579611290403,347.48433001127194,10847185.206697198,0.00048643137899130015
LFPG,E22,188,1201.212765957447,1264.5960990355936,-63.38333307814668,-78.33398510977213,232.3063823605586,175.84436903582215,240.2012648762588,429.9133404563206,10846969.757853072,0.00048642171739925086
LEMD,T21,320,1116.915625,1118.5695536951946,-1.6539286951945698,-14.150166820337972,184.2333102994096,127.9051283395299,183.95265593912396,372.5777115636571,10828345.480658468,0.0004855865299597579
EGLL,592,153,1334.9738562091504,1326.3973737477866,8.576482461363607,2.151747731504429,266.65888768305314,174.29393855275617,265.9243633886641,461.6666019235297,10819512.35768094,0.0004851904172255431
EGLL,547L,128,1366.8828125,1393.5810075018587,-26.69819500185868,-27.898034001813585,289.4254188118,189.02498597880543,289.52622750366794,485.61409789314035,10729655.860800728,0.0004811608907764343
LSZH,A02,468,831.9871794871794,827.3154512852167,4.671728201962808,-16.466047967591976,151.42719508340423,113.77785915733159,151.33745177972355,268.50905268598535,10718615.37763231,0.00048066579113998406
EHAM,D52,390,747.3717948717949,727.905378480578,19.46641639121705,15.656125765174806,164.61807661951272,111.30449617488502,165.5553309822418,299.5537688656776,10689341.370489456,0.0004793530270088519
LTFM,K15,134,813.9626865671642,829.3647214310748,-15.402034863910544,-58.603915221017985,282.9994954444008,214.3939062735921,282.3619310856859,536.939023123931,10683586.856942642,0.00047909497149429566
LFPG,L65,139,1174.8776978417266,1194.788288422098,-19.91059058037148,-55.159147894873286,277.42894329325736,206.0242679524929,277.14532663354606,495.8907269446451,10676524.958399277,0.0004787782875821758
EDDF,B44,303,1056.8217821782177,1081.0049492069213,-24.183167028703508,-46.04775705791758,186.3997890537374,133.56934383775652,187.65670078996064,356.06613965434394,10670156.317465961,0.00047849269212745996
EGLL,533,173,1601.8381502890174,1560.8589820903658,40.97916819865127,36.207528960899026,245.6284793667268,171.2707752941064,248.32215852621633,413.4558857452694,10667853.73381564,0.0004783894350226051
LEMD,T9,289,1214.8615916955018,1230.9019197410855,-16.04032804558367,-34.55503793689013,191.64962959686622,131.8257230950828,191.98901185821114,338.13981306868664,10652476.614870485,0.00047769986320919243
EGLL,405,206,1435.2524271844661,1500.389486978777,-65.13705979431091,-54.672245216320334,218.16859038493104,177.2496351240941,227.17683508607732,444.74992961134376,10631518.766343717,0.00047676002905265265
EDDM,163,144,965.4861111111111,956.4948035331571,8.991307577953993,-0.6860686410151402,272.51263625102666,160.94373514331872,271.7135703270248,571.6330575267228,10631270.059179703,0.000476748876023876
EDDF,F213,145,925.7862068965517,891.9987780557951,33.787428840756554,-28.450445920193943,269.226152488778,155.6206433013207,270.4152930139655,397.6090399522081,10603042.450895179,0.00047548303662297875
LFPG,E14,184,1201.945652173913,1223.0898933736262,-21.14424119971301,-55.1440260381994,239.68380683037566,180.96892135864206,239.96497040763907,451.43416586702506,10595306.412183993,0.0004751361215563964
EHAM,C18,439,732.9157175398633,730.1417743570723,2.773943182791156,11.815861519347322,155.49562043412394,107.58137729832431,155.34318633725593,303.6482189592371,10593730.932679612,0.00047506547072364257
EDDM,310,374,822.8716577540107,790.4210250742481,32.450632679762805,13.57214343327189,165.12094775605132,116.32818061229837,168.06269685389714,370.74066049099685,10563656.207603041,0.0004737167991823151
LEBL,126,145,1234.9793103448276,1240.2847392228155,-5.305428877988014,-40.861610336612785,270.2698585683023,175.78311582965543,269.38852966052133,474.7476621532532,10522676.087335348,0.0004718790858923516
EDDF,V108,368,929.8994565217391,931.3169498501552,-1.4174933284159887,-19.432615583212453,169.23524705334296,119.85585099702693,169.01109578903566,283.550397656917,10511828.183930296,0.0004713926223064596
EHAM,G03,271,1002.1254612546126,1004.5250475221737,-2.3995862675610953,3.4539357510827813,197.27392209189873,130.34467894135489,196.92423209061616,420.0018102409492,10509150.512993772,0.00047127254478023336
EDDM,356,230,946.9652173913043,938.4938995562321,8.471317835072117,-2.791337514328518,213.85312930576418,146.6197291500214,213.5558107607246,394.16615366755974,10489399.391224196,0.0004703868251012637
LSZH,E57,258,886.031007751938,888.3813759649577,-2.350368213019716,-36.96826734570499,201.9806448361567,141.7406017986923,201.6025307059431,401.1521750145577,10486043.739856511,0.000470236344207733
EGLL,546R,116,1407.4568965517242,1425.6439320661268,-18.187035514402442,-39.839788307950585,301.0701898823179,189.100164885052,300.3208618950274,590.048723741653,10462343.930367168,0.0004691735495018203
EDDF,B42,264,1003.1780303030303,1020.0922154595359,-16.914185156505766,-44.12192811826884,198.50152906899598,138.90494730688462,198.8459037945314,345.8818695571969,10438479.072348107,0.0004681033533565128
LIRF,204,68,1161.6764705882354,1082.7935155553496,78.88295503288568,19.016662887708094,386.6203484641319,259.82995305432974,391.790311716955,837.485569269942,10437976.088158276,0.00046808079752397124
LEMD,T27,317,1024.378548895899,1040.8075081768702,-16.428959280971235,-22.879081118856902,180.95225014151512,121.79617810145763,181.41205872878373,317.85077002200313,10432576.21155237,0.0004678386453551144
LFPG,F16,312,934.8205128205128,953.2891447982428,-18.4686319777299,-39.73221050774521,182.18911476844553,141.46809387601095,182.83209918404916,358.9356450761061,10429403.86551835,0.0004676963846094406
EDDF,B26,249,928.6947791164658,970.2394814997666,-41.54470238330079,-52.02350762677929,200.77847876368327,141.65867115424476,204.63641967730842,374.0267024260884,10427140.00032853,0.0004675948637959622
EDDF,A54,115,1212.3652173913044,1219.0632952719961,-6.698077880691701,-57.180052076044376,302.3435078391971,188.96673138963666,301.10061031150127,465.33685613525654,10426081.415945234,0.0004675473926178148
EHAM,B20,416,703.0528846153846,697.5211834929986,5.531701122385897,-3.046920802543241,158.07819386819585,108.19170321536338,157.9849551906467,315.94469296549903,10383046.363701709,0.0004656175279193808
LSZH,A17,506,711.9664031620554,705.8983772052949,6.06802595676043,-4.130827892091986,143.12039500742821,104.10860629445851,143.10760736109646,258.1959046833962,10362772.36601658,0.0004647083603829443
LSZH,I01,248,487.3467741935484,486.5610604332708,0.785713760277509,-23.965336865740937,204.8215435826891,123.45310259411016,204.40968988012176,302.47733861628916,10362263.686588112,0.00046468554915301327
LFPG,X01,159,875.1194968553459,842.0246955125182,33.09480134282777,12.240445514953194,253.5149368671189,184.6840554952996,254.8742363716653,533.2708910737636,10328779.342200281,0.00046318397657867056
EDDM,312,353,843.2379603399434,812.1260693721732,31.1118909677701,9.375717424599657,168.43991573885398,117.22951162929634,171.05432184325167,335.0694660053108,10328632.10050292,0.0004631773736692035
EHAM,A32,228,739.9035087719299,731.7186627247463,8.184846047183484,-16.035764085130324,212.95493843312238,125.97266582044868,212.6449972391547,436.46699054584053,10309680.025991542,0.0004623274864806245
EHAM,E17,181,945.1049723756906,968.6747991827874,-23.56982680709659,-9.706889743755255,237.94342726989322,162.78500099313612,238.4529509140906,470.8900056053535,10291625.573734423,0.00046151785228142777
LIRF,206,57,1097.6140350877192,1081.0329734965208,16.5810615911985,-19.295201913714436,428.0269602539636,263.14506376714485,424.57961683555436,590.8454172436325,10275267.50883689,0.0004607842909091352
LFPG,F03,162,1205.641975308642,1222.7627912665926,-17.120815957950704,-35.65375250549687,251.97678997388954,181.67617775187207,251.7806530102272,484.0291416617602,10269746.551301543,0.00046053670898478375
LEBL,291,128,948.59375,951.9778441393526,-3.3840941393523476,-44.52727794825347,284.21232186168317,170.19080158328057,283.12016611449593,499.5195014416488,10260099.642969571,0.00046010410284471096
LIRF,210,73,1059.2876712328766,1055.9003412638463,3.3873299690305325,-41.55765918119198,377.4083790986203,206.13074962958044,374.82978227223515,511.9694222416275,10256307.69451234,0.00045993405663622767
LFPG,J16,261,876.5785440613026,898.3822892330406,-21.803745171737948,-34.58264616531778,197.23589829817007,140.97839707543775,198.0614881146506,396.2332509940252,10238600.152363557,0.00045913997928050403
LEMD,348,341,953.4046920821114,931.4764307061954,21.928261375915888,-7.288171362034632,171.79622652525603,111.40561553960268,172.9399923137508,343.18357297273053,10198710.161044743,0.00045735115175378477
LTFM,137,85,1209.6823529411765,1131.8254046969312,77.85694824424546,6.680000749796136,339.4228742789303,234.60058620805978,346.28630504385734,803.8013891477747,10192707.430178829,0.00045708196517706644
EHAM,F08,199,959.0502512562814,973.6779928460865,-14.627741589804986,-20.665663941405455,226.37075381591123,146.5748897760034,226.2745741034075,462.02465725030567,10188836.394250013,0.0004569083723685085
EHAM,H03,425,830.7858823529411,830.7523891675256,0.03349318541562217,5.340059101951738,154.89342559443816,110.11186985152558,154.71109434138458,288.14549347618265,10172597.15273124,0.0004561801395140651
LEMD,328,223,980.0807174887892,975.4941457537255,4.586571735063696,-18.329564543769266,213.9888024329023,117.84520063401966,213.5577263153489,348.3100001486314,10170339.250582866,0.00045607888610733037
EGLL,246,219,1246.9360730593608,1301.3124739344123,-54.37640087505161,-38.88351387102034,208.9930284786741,165.86286885244405,215.48882943196784,442.71832299385835,10169360.39858118,0.000456034990449615
LEBL,236,393,801.3256997455471,784.1166488803023,17.209050865244816,2.11708169806559,159.88440688515263,116.48453251703849,160.6055077984906,292.87911376351764,10137092.750137934,0.0004545879794112708
EGLL,335,226,1403.0796460176991,1445.9727476037617,-42.893101586062706,-38.61454910091618,207.6296725012291,156.68396899486322,211.56357554237172,389.03024195646407,10115567.108157659,0.0004536226831143408
LEBL,244,204,768.4950980392157,748.018765845639,20.476332193576603,-12.615861300889094,221.65111754421181,135.73861857777385,222.0533012345184,398.2452011877221,10058764.392186144,0.00045107542104275605
LFPG,E27,118,1165.1949152542372,1151.9605127942677,13.234402459969642,-18.000594412205146,292.63393236459757,198.16139521563812,291.69170484400115,557.3255371449898,10039917.979626387,0.00045023027216073815
LEMD,T4,245,1296.534693877551,1336.9031221033792,-40.36842822582809,-59.98367971032212,198.69536169598163,146.23976347164734,202.35689888227034,374.61872129535794,10032337.0586861,0.00044989031319841386
EDDF,A52,208,1110.3942307692307,1132.8357618169427,-22.441531047711813,-56.979180957858375,218.85681334907892,159.37608410513525,219.48040175328683,450.13830985127305,10019702.524787113,0.00044932372992079065
LFPG,K01,160,1202.3375,1241.6363652664877,-39.29886526648766,-69.31374834320098,247.7433601249777,183.02873181555046,250.0751256506939,459.7663801331557,10006010.955073655,0.0004487097449090697
LFPG,J30,241,878.9419087136929,881.0501132334992,-2.108204519806262,-19.460443633559862,204.12694808694008,146.05732190073178,203.71391700256115,401.0478041760258,10001345.755306855,0.00044850053860230973
LFPG,J38,203,963.9310344827586,943.521529837633,20.409504645125555,-16.927741862857374,221.4943204808463,144.95324657223284,221.88872958896047,398.3207641525604,9994625.488676373,0.000448199174838166
EHAM,C12,454,755.7400881057268,749.4631932733923,6.276894832334627,5.773954501563651,148.34059110142886,109.77387796908872,148.31001775373795,296.5643182935847,9986121.060215786,0.0004478178020870986
LFPG,Q12,176,973.7670454545455,993.7887108141927,-20.021665359647255,-18.69115532426838,238.00759723651137,174.8940492153279,238.17351231734563,426.54538711381866,9983885.466646219,0.0004477175490866946
EGLL,249,206,1262.4029126213593,1309.1791368914462,-46.77622427008692,-47.300276548180136,215.37896528195643,161.95088293530281,219.88844648551765,413.46804574191685,9960291.352949757,0.0004466594942049211
EHAM,E20,205,1035.760975609756,1041.7737915233704,-6.012815913614063,-35.117973698497735,220.74275283892302,145.1980729601578,220.28577446761145,409.28625628322106,9947793.598723052,0.00044609904467751406
EHAM,E09,199,1034.356783919598,1024.829147493134,9.527636426463959,0.2753946706628767,223.8473584756628,158.59039529806063,223.48740136078604,488.6389315846389,9939377.094832417,0.0004457216148175279
EGLL,572,145,1452.1655172413793,1467.2969834313226,-15.13146618994323,-33.8997916382973,262.1557219443922,187.3726757786459,261.6880089086348,536.4669522550499,9929689.030952033,0.00044528716309726214
LFPG,K59,176,1095.153409090909,1138.1004103536534,-42.94700126274431,-53.7053545257923,234.16227093632318,173.55714206122758,237.41286563362596,531.066646820572,9920216.903233144,0.00044486239482231506
EDDF,A25,285,879.1578947368421,896.090386854214,-16.93249211737183,-40.772221040293516,186.05127515901802,140.13651959312662,186.49485211961277,368.86930198220233,9912394.01212813,0.00044451158494533775
EHAM,D05,200,819.675,775.7325125319325,43.94248746806752,44.43110578643484,218.71476488172644,140.46910120124224,222.54866847560288,385.88544029239307,9905581.968052762,0.0004442061055117161
LEBL,96,237,1275.3164556962026,1304.4195762806432,-29.103120584440695,-31.825037146516934,202.72384941914353,149.81619193544125,204.3784378554949,406.1340030229355,9899619.368879817,0.00044393871860139795
EDDM,311,374,817.1229946524064,809.6986035875275,7.424391064878945,-5.0598561144833525,162.65061994176796,121.77246378248746,162.60261331426955,333.10459304628205,9888414.08637957,0.0004434362287005879
EHAM,D54,390,747.7846153846153,735.0517884364135,12.732826948201849,5.240932126276903,158.8730948474738,105.94495477094614,159.17935012682554,282.00678106884436,9881845.54765142,0.00044314166902537186
EDDF,V109,329,975.531914893617,983.4040977610094,-7.87218286739235,-16.74223988554604,173.20069266994543,123.08482564727404,173.11634935600762,328.81791631360636,9859889.966321569,0.0004421570925201011
EDDM,222,250,883.576,880.1333571985732,3.442642801426835,-6.980643699453424,198.9616555380153,141.24434219506222,198.59317511533058,418.93234440345407,9859812.30059709,0.00044215360967688063
LEMD,T10,310,1176.016129032258,1202.5652035835315,-26.54907455127356,-35.96176617112519,176.49238984893466,131.9802741186945,178.19633714151084,344.1295406170891,9843719.716901809,0.0004414319535486534
LEMD,T16,325,1133.8061538461538,1165.0712625204208,-31.265108674266767,-37.06615848071715,171.3326173348551,132.38491544285037,173.90241550749093,336.7985937983593,9828666.288785506,0.0004407568973329046
EGLL,233,213,1281.2112676056338,1324.174135617698,-42.96286801206432,-37.64406261576755,210.95375756533767,157.74514588068567,214.79843734497263,409.4137863650412,9827472.530084373,0.0004407033643950862
LFPG,B16,182,977.9175824175824,972.1870456155999,5.730536801982464,-16.915846974582337,232.89389693217618,169.30279093415896,232.3238831462205,457.50650277363263,9823338.375785248,0.0004405179723013433
EGLL,351,113,1439.58407079646,1430.7661989565208,8.817871839939187,-26.98491753205394,295.90566652069225,189.39731660580298,294.7253800395994,503.4342829098041,9815524.609261949,0.0004401675716072814
LEMD,562,324,806.1512345679013,816.0514352243038,-9.900200656402511,-23.994502397017868,173.70516480279505,118.55480802675807,173.7192281076121,305.76754559980384,9777791.949434679,0.00043847548749485597
EGLL,548R,72,1417.9166666666667,1402.392630056005,15.524036610661804,-26.083789198774355,370.06079709907016,219.05639011110395,367.8097000664724,566.8558151816374,9740446.233335162,0.00043680075549429147
EDDF,A69,227,1036.5814977973569,1069.2779232582225,-32.696425460865704,-58.735615022265165,204.72399561631988,149.35631560881612,206.87275469469427,392.9770512700091,9714768.416138452,0.00043564925897326127
LEMD,T2,240,1341.8916666666667,1363.489103134077,-21.597436467410194,-36.2782678395273,200.39980893336477,142.8895306082895,201.14472153545086,368.71006945906413,9710207.760377776,0.0004354447408398933
LFPG,L33,122,1273.377049180328,1319.0301676759166,-45.6531184955886,-50.06894367926242,279.53400344261087,171.09988856222355,282.1045561114824,463.6830647112971,9709123.630620496,0.0004353961241045108
EDDF,C15,115,1013.2,1041.007306092634,-27.807306092634214,-90.22342893728012,290.4747815136078,178.23976649803492,290.5428438445644,408.1391563985874,9707741.572568,0.0004353341470670111
LEMD,330,284,1001.5316901408451,989.8720091532401,11.65968098760504,-15.992660891507683,184.71131900748924,122.14523407153001,184.75411976969798,349.78811511873033,9694080.075212758,0.00043472151062069194
EHAM,C15,429,725.1048951048951,714.9865238065037,10.118371298391382,18.618371187317393,149.95193940702734,103.237291703218,150.11845862729683,311.6657340623326,9667751.6452526,0.0004335408380085669
EHAM,H04,378,843.8862433862433,841.0407352265494,2.8455081596938867,-0.7710299075603757,159.9848812337517,112.90598558891392,159.79845766054973,324.7611729075814,9652436.79272101,0.0004328540584713843
LTFM,K18,95,867.2842105263157,898.7297004074669,-31.44548988115131,-21.7206773677824,318.64268296179904,218.25019720616635,318.5172022669391,639.2460095506068,9638054.773296027,0.0004322091109197139
EHAM,E02,190,1097.2894736842106,1083.176114744585,14.113358939625625,-6.026778288796891,224.71792812995417,163.4040893542356,224.56970944753778,491.2031933322844,9581995.336256793,0.0004296951804626554
EDDF,D8,271,1118.3726937269373,1140.4763364616479,-22.103642734710693,-37.58886465398416,186.7953453048151,138.21389542849371,187.75600505270404,349.0341729852761,9553378.024438128,0.00042841186518908727
EDDF,V115,303,985.2508250825083,983.6940278075093,1.5567972749989973,-15.692398794071323,177.70581869765678,126.53846575208696,177.41916275626158,332.12121509228035,9537700.47187925,0.0004277088207250068
EDDF,A19,328,880.219512195122,890.425309193815,-10.20579699869325,-43.03870531454788,170.20139469519117,126.89815976353913,170.24792041613148,332.25451554072527,9506868.245173719,0.0004263261797662737
LTFM,A5,80,1252.8875,1281.3545700241243,-28.46707002412446,-36.54258300558462,345.3668813114647,224.5272050973852,344.38013625749477,601.7418414061063,9487814.259898452,0.00042547172248946736
EGLL,235,206,1230.5776699029127,1307.3908223956576,-76.81315249274462,-61.735899202649705,200.73430427485633,158.11959804624496,214.47358368869143,431.8911523642951,9475777.128655646,0.00042493192914788025
EGLL,316,221,1315.8597285067874,1363.4933644536693,-47.63363594688216,-26.17617978879548,201.40575742479004,152.02558128090268,206.51802251391373,431.851099201152,9425582.290695682,0.00042268099088308184
LFPG,F96,149,958.8456375838927,952.6444135133424,6.201224070550257,-13.509231874994384,252.02027126299643,161.0845033474386,251.24968138057463,373.42152969529906,9405833.956682201,0.00042179539621829936
LEMD,T22,357,1066.829131652661,1094.504429471511,-27.675297818850044,-36.692272590856305,160.08317020217484,118.55329872116634,162.23674133244208,326.86379232088854,9396511.40502659,0.00042137733553516873
EHAM,F03,198,1036.641414141414,1023.9407267111706,12.700687430243505,0.2677020119036797,217.9527263028266,151.35292017030892,217.7723174518853,474.95284635426754,9390106.885176212,0.00042109013112561617
EHAM,D18,353,863.4985835694051,874.5331580110209,-11.034574441615662,-14.464911700415769,162.88408635821867,104.37298035676488,163.0270779428097,262.79554307761873,9381973.334327545,0.0004207253900172068
EGLL,536,219,1574.75799086758,1568.254644054289,6.503346813290676,-0.8789458534397454,207.28234989422938,157.7731407505016,206.91078860668875,431.74724289773343,9375844.302763363,0.00042045053960958163
EDDM,345,234,592.2350427350427,565.3192369793146,26.915805755728105,6.805484128225771,198.55545832414913,115.52940929966448,199.95062101263574,298.0245682170028,9355378.697341252,0.0004195327796121564
LEBL,151A,73,925.3972602739726,875.5806772901956,49.816582983777074,-18.993355045482417,356.5986991154509,189.12738636746963,357.63440869847756,598.3364377109106,9336873.030813005,0.0004187029111516335
LEBL,214,240,908.6375,937.2568530176846,-28.619353017684624,-39.21104532775951,195.44346386910362,140.8374760416904,197.12446826332763,396.0263086834097,9325933.437143918,0.0004182123358058034
LSZH,E35,217,899.221198156682,905.0650102060999,-5.843812049417965,-21.172645319737967,207.31819944483078,153.24009160086396,206.92249175108205,424.29224603890265,9291271.117567427,0.0004166579380897748
EDDF,V324,123,1343.6829268292684,1313.781305126232,29.901621703036422,2.348523696643724,274.22139847026943,157.70343946394166,274.73645841792245,390.6930334738872,9284054.95483481,0.0004163343363514284
EHAM,B28,403,714.8436724565756,699.3131483630104,15.530524093565315,11.906485766524042,150.98282468545864,102.2564101905993,151.59302502077168,272.98893033629275,9261119.429684166,0.0004153058152268855
LSZH,E64,293,777.1808873720137,766.5288349665964,10.652052405417272,-12.673287415470895,177.6902749938425,121.31912354734571,177.70632943940683,314.9122902353345,9252805.080188308,0.00041493296638051485
EHAM,D10,347,810.657060518732,798.4136295617019,12.243430957030062,12.547018284453998,162.89468542938224,113.14095344007272,163.1199292805676,314.72420579249393,9233014.630988589,0.00041404548310152253
LEBL,274,174,793.1321839080459,758.5764394707761,34.55574443726978,-5.1004515985630405,228.34750091543128,148.68549105850795,230.29765661245406,410.4925450275625,9228439.851566678,0.00041384033160642245
EHAM,E04,210,846.2095238095238,872.4837972359421,-26.274273426418457,-7.166749276138489,208.35371275434852,127.47208505087664,209.5110658917352,382.53055421269886,9217926.213529112,0.00041336885782300523
LEMD,T3,253,1352.498023715415,1403.496599385943,-50.9985756705279,-61.33351223688942,184.23143516605114,147.74245364291795,190.80859885568586,367.85027886757376,9211204.11350932,0.0004130674118423165
EGLL,420,213,1199.281690140845,1217.4794975808015,-18.197807439956474,-26.04388882253602,207.5240292717354,167.57874692050223,207.834535344135,383.21890305856505,9200576.339404762,0.000412590819738948
LFPG,E10,157,1040.031847133758,1036.2069806566647,3.824866477093097,-23.143893397127954,242.4004817999717,156.0612071573367,241.6575437354846,455.41715476963884,9168543.845750023,0.0004111543539863964
EDDF,B46,259,1046.019305019305,1052.187106693082,-6.167801673776961,-27.744915620075744,188.32596357245419,138.69891459811265,188.0632164692253,376.5653810580657,9160253.30768643,0.0004107825729403455
LEMD,T8,333,1181.3843843843845,1221.1529429071597,-39.76855852277536,-59.9912008041365,161.16295187831608,129.19398712229136,165.7619884516585,303.4017016768601,9149853.259544108,0.0004103161929843435
LEBL,61,66,1080.3939393939395,1079.9877496393124,0.4061897546270212,-51.46562020047361,375.13700904015536,240.4681129835767,372.2844363093914,553.1398188093547,9147316.300201287,0.0004102024255314921
EDDM,249,276,832.9130434782609,789.5196904377704,43.39335304049052,4.902984201261404,176.77381071699176,126.48543773664599,181.71060040875827,417.5250380315433,9113172.875051552,0.0004086712971269713
EHAM,A52,296,741.6790540540541,723.4512399147832,18.227814139270922,11.647954976544952,174.54907695778292,120.47357009346096,175.20474632946045,354.18109950019556,9086224.128365694,0.0004074628070198423
LEMD,510,245,788.0571428571428,785.7823551240297,2.2747877331132105,-25.96792981479541,192.81555732845806,130.69574217401527,192.43509951377987,401.02003622582197,9072660.543595199,0.00040685456136732925
LEMD,501,107,898.7009345794393,931.7635776115727,-33.06264303213341,-53.83631285814806,290.45244647241884,177.4286138507187,290.9765047060097,427.1939088193143,9059403.913129134,0.0004062600807794617
LEMD,T17,301,1131.5382059800666,1156.1463464472763,-24.608140467209886,-41.20877433372584,171.95656930249993,126.17959353279515,173.4254485883488,363.8000457778887,9052992.251639072,0.0004059725561100838
LSZH,MFG,63,960.6825396825396,909.1552513104126,51.527288372126925,32.31216660071516,378.42830079124764,293.1370451446033,378.93257680683695,718.6373243301105,9046163.559224572,0.0004056663300980266
EDDM,251,314,816.5700636942676,801.3156899370265,15.254373757241051,-4.684485883518448,169.19544824880072,119.90252600519543,169.61316729395608,350.80360806979775,9033348.727119084,0.000405091661524214
LIRF,207,67,1123.5671641791046,1134.6192511480037,-11.052086968899111,-119.6068338470518,368.2818444324373,265.07596234132313,365.690189321293,779.1932986677809,8959864.075911488,0.00040179631443273663
EGLL,318,188,1530.9468085106382,1561.3976747233403,-30.450866212702003,-28.88331451212855,216.49616132978855,163.10651370863127,218.05625761722243,398.05292031275087,8939123.919373354,0.000400866242459861
LEMD,70,226,1361.08407079646,1417.8492336168574,-56.76516282039741,-64.87892037875838,191.01285938247193,150.9249551102495,198.86365698389903,403.4488046980596,8937566.419596227,0.00040079639791033687
LEMD,536,125,941.176,941.4104062210256,-0.23440622102561337,-35.1313388832034,268.3612847351457,160.50391624368686,267.28578686083705,373.10227548479884,8930211.4822271,0.0004004665729595607
LSZH,E46,231,938.5411255411256,906.7305353900047,31.810590151120735,18.854440035287098,194.284467167787,152.7567563739669,196.45600847230952,395.55038546949464,8915436.514185466,0.00039980400401267785
LEMD,522,266,846.8157894736842,849.0793611829847,-2.2635717093004213,-14.495949878828583,183.08470606833228,136.3041665884897,182.75425652865414,357.1625039584195,8884165.46230474,0.00039840168436947135
LFPG,F84,276,931.6268115942029,955.3704386290407,-23.74362703483782,-29.47211782144251,177.97541517816842,136.47814555278075,179.23237107126843,399.45425871507405,8866291.023792766,0.00039760012271007367
LFPG,E21,205,917.4975609756098,928.3444073875097,-10.8468464119001,-28.7940602491675,208.03872816343602,152.91950499269092,207.8139648660643,397.8543521288991,8853262.018637532,0.0003970158497559591
EDDF,V143,253,862.2529644268775,864.1873496363371,-1.934385209459483,-18.76530777821756,187.31959655201047,127.21923497594997,186.9590405849425,352.29146612888525,8843281.76267987,0.000396568294968642
EDDF,V117,284,962.7429577464789,952.6362862975233,10.10667144895557,0.07373556072491283,176.35007173304672,125.95430939698592,176.32920308971035,334.2080172573797,8830124.55287966,0.0003959782728029983
EDDM,248,233,842.9141630901288,806.8654177375696,36.04874535255906,5.933254709980247,191.59592468994896,132.7403944170329,194.55323448895714,403.35672207411034,8819273.924676828,0.0003954916870262231
LEMD,350,317,935.968454258675,923.5824471528459,12.386007105829139,-4.845745341249426,166.13730872853063,113.34621596140249,166.33684863351075,283.78954349992955,8770739.266624806,0.0003933151979006811
LFPG,B07,89,983.1910112359551,987.7413398657611,-4.550328629806274,-53.19607251353807,315.63280167650146,187.48643428611012,313.8875586295046,516.4543007286406,8768760.552152772,0.00039322646439139545
EDDF,D1,148,955.1283783783783,996.2187546952215,-41.09037631684295,-64.00796784083786,240.52034223375856,170.44450720032336,243.20274554175657,424.2243758644968,8753841.164979164,0.0003925574191102213
LSZH,E34,226,946.7433628318585,947.0427958689281,-0.299433037069727,-8.47906149882624,197.17483075861628,149.6081118380747,196.73834750043343,382.3142378445506,8747550.887247493,0.00039227533777640524
LFPG,C06,235,1047.7617021276596,1025.3133079587667,22.44839416889271,13.806147860515466,192.01630247483732,139.46195552899292,192.91784803821358,392.54270372533495,8746064.581548387,0.0003922086858554652
EDDM,245,153,895.7647058823529,857.1429877656084,38.62171811674444,-5.7554376551269115,236.53115160981784,151.5131432878395,238.89946885472938,426.44204341013796,8732162.301517988,0.00039158525174629787
LSZH,E43,256,917.7734375,916.315022150371,1.4584153496290622,-15.71853171096268,184.87103451466328,138.46993325521737,184.51536874218027,374.8415812777682,8715755.853328066,0.0003908495206727244
LFPG,N10,84,1256.9166666666667,1304.6190812092068,-47.70241454253996,-35.88638970925399,320.42495212952,225.17944223780086,322.064252597245,584.8247367075543,8712932.155285852,0.000390722894704203
EGLL,241,209,1165.0047846889952,1174.426052313796,-9.421267624800818,-21.558024618386753,204.13330860483475,149.95926792848735,203.86217899491027,398.2742655752202,8685995.69713154,0.00038951495566421566
EGLL,545L,148,1326.8716216216217,1338.0142866397098,-11.142665018088229,-15.469358539861673,242.22093608908523,165.33574495791618,241.65826141544522,392.2908372754529,8643009.865929678,0.0003875872982351068
LEMD,T30,268,1037.30223880597,1050.386624982223,-13.084386176252858,-39.79792803819191,179.41916622299047,126.74595060256958,179.5614708477728,321.56938400466214,8640942.24588817,0.00038749457784277867
EHAM,B36,457,719.4617067833698,706.7988630602537,12.66284372311615,10.317755622001982,136.9318842276254,101.13881578510967,137.3668786021683,264.86470569971397,8623434.316964598,0.0003867094519463096
LFPG,J18,230,924.4565217391304,939.6697141823493,-15.213192443218823,-28.108168439556096,193.33904749321638,150.9286387278123,193.51720033642547,392.64790960052284,8613248.569991093,0.0003862526821159835
LEMD,404,189,708.3756613756614,701.7218767117577,6.653784663903611,-23.264550849269312,213.86221941672386,131.7815827582635,213.39945355250612,371.69264714972184,8606932.760760054,0.0003859694558471259
LEMD,569,167,1036.4850299401198,1060.3155147875102,-23.83048484739058,-29.18091979164683,226.03543112411947,155.43911931664036,226.61413882461105,448.1101030277051,8576112.641841754,0.0003845873578502328
LSZH,E52,252,843.6785714285714,842.1963787770069,1.4821926515645023,-20.51155669509916,184.68204068088545,131.85407419609908,184.32120332967142,377.04298081114354,8561525.111218315,0.00038393319435048393
LFPG,U05,86,1044.360465116279,1042.0506188858308,2.309846230448234,-11.382927230957307,317.0493069408104,179.38986077909738,315.2090705443716,560.8495745354444,8544681.201196412,0.0003831778457302261
EHAM,D48,382,724.3534031413612,725.4054442023034,-1.0520410609420991,-1.7747406906276524,149.6625990298481,103.6929791226331,149.47027962701395,305.9950162474754,8534401.235859098,0.0003827168507698077
LEMD,541,152,968.5921052631579,976.7752596465396,-8.183154383381861,-43.43766160090314,237.44179099625995,133.7989844960515,236.80087892155126,377.5548464900176,8523347.751218915,0.00038222116809511126
LTFM,106,69,1126.2608695652175,1125.0160346836356,1.2448348815817099,-50.83604459951732,354.02944837781547,209.63533468012872,351.4568591463358,614.7044554457586,8523012.745029503,0.0003822061450712041
EHAM,A44,266,743.921052631579,740.4522638958797,3.4687887356992686,3.2053346628823647,179.29808735143348,118.92787354689905,178.9943580582343,341.81024118253674,8522368.737636717,0.00038217726519147635
EHAM,G06,269,946.5315985130112,935.5672551038551,10.964343409155962,2.3133202525431216,177.9461939601988,126.96747882016322,177.95322863586455,323.4648234912663,8518517.575538708,0.0003820045636053638
EHAM,F05,216,955.0555555555555,927.8283285140843,27.22722704147133,10.02166218990044,196.71938849984133,132.7028459645695,198.14307936295756,404.272280294524,8480306.858278025,0.0003802910414763339
LEMD,324,262,964.1832061068702,954.9421454263013,9.24106068056893,-20.48508239625329,179.58660562450083,127.55405086434132,179.48161290402405,327.8741614098833,8439976.135105042,0.0003784824497619933
LTFM,302,77,1058.2337662337663,961.2960765211176,96.93768971264865,19.94711724278841,318.1293758603291,219.06023649074226,330.5886385561811,721.4829351674057,8415241.291567057,0.0003773732399695868
EGLL,558,127,1524.6692913385828,1569.1893221266575,-44.52003078807478,-19.129171873633595,254.2776761665185,180.08380873793473,257.1576528634358,506.0148917038509,8398517.420131385,0.000376623274361965
LTFM,109,67,1122.1194029850747,1120.0032905644746,2.1161124205996846,-24.823095287440765,356.52162381267584,224.83225458982983,353.8573396172494,609.0021890265343,8389406.125666825,0.00037621468730031365
LEMD,529,185,931.8864864864864,926.9056335646216,4.980852921864933,-14.548145353427572,213.31928108087823,152.9454361119127,212.8002607573991,438.10549717814155,8377530.931007153,0.00037568215584592976
EGLL,591,159,1348.2201257861636,1326.2297094787941,21.990416307369426,-10.5423372751427,229.17092783752676,168.140151407471,229.5050814759827,471.64281766803975,8374940.605304295,0.0003755659952310174
LEMD,T26,330,1019.3484848484849,1036.4229459415271,-17.074461093042256,-30.66415161085581,158.5367446975008,121.21776736401435,159.21455118589125,318.9039009526645,8365260.1920771785,0.00037513188659679176
LFPG,K58,130,1138.6615384615384,1189.5406994335867,-50.87916097204836,-73.4349067003742,249.3737481400553,195.82761413653398,253.5696979057495,474.8295015208409,8358686.920481699,0.0003748371146807836
EDDF,B23,233,976.931330472103,1010.2811798928553,-33.349849420752285,-33.20214846046997,186.73720948029893,127.09838513821212,189.2969567575788,368.1762884726755,8349167.716179595,0.00037441023530264655
LFPG,Q01,154,922.077922077922,935.4729089314357,-13.394986853513627,-12.142964134821227,233.17364089321487,162.08022581015953,232.80103281033416,469.69856845378627,8346233.415143976,0.00037427864945139265
EDDM,344,234,567.4871794871794,568.1007011607202,-0.6135216735407361,-25.521083862989286,188.97473110979806,115.9509295965044,188.57150467914897,298.85012718291824,8320855.696208243,0.0003731406105424654
LEMD,549,179,974.3072625698323,966.2098780423892,8.097384527443158,-10.444961263028176,215.92694359085786,151.2880466728516,215.47515134018187,376.47964670785166,8310887.811268297,0.00037269361052130127
EHAM,D12,221,812.1674208144797,797.8796515301634,14.28776928431626,18.89025307545694,193.77347828334266,124.94665701743965,193.86180659600583,341.28285523955856,8305710.412523444,0.000372461435153862
LFPG,N08,87,1414.9885057471265,1426.4260631609413,-11.437557413814801,-15.86424747489059,310.5356839886167,230.47738824463852,308.9576188286719,655.0126922108368,8304568.490208615,0.0003724102267679334
EDDF,F235,123,987.2520325203252,983.3778947097895,3.8741378105357134,-6.016601961785,260.8104418362961,158.21133522706043,259.77696283648226,418.35872355097445,8300540.661727292,0.0003722296027511792
LEMD,525,181,945.7955801104972,936.8418741296487,8.953705980848552,-10.283604193377073,214.35056059346172,143.21227670515884,213.94505246455262,367.92024453950944,8284819.870804891,0.0003715246193051055
EDDF,V151,283,534.8056537102474,516.9934707501781,17.812182960069343,-11.894655820337107,170.3799469940875,117.23967325940784,171.00883917108737,349.8599565872526,8276058.530123919,0.00037113172557755796
LEMD,358,292,920.027397260274,905.2733219651167,14.754075295157273,-7.647573727648592,167.78811810912214,112.48518058002287,168.1491047782356,328.9284587470526,8256043.459814839,0.0003702341693852803
EHAM,F07,192,959.3125,946.2742955296226,13.038204470377316,3.170624524583843,207.21889765982777,132.8783187417714,207.08940629719106,389.7946587492023,8234116.262500431,0.000369250865733336
EDDM,250,180,1006.8111111111111,1019.3229927677299,-12.511881656618762,-59.13232711960808,214.09951737829348,154.23229502569512,213.87026819255175,408.58362503748964,8233288.491015721,0.0003692137451331872
LEBL,320,121,668.2231404958678,669.2435507790626,-1.0204102831949189,-46.18279854712705,261.915202534042,179.77446056393478,260.83265886987346,539.9505625499679,8232074.787908463,0.0003691593178080425
LTFM,202,101,1115.4455445544554,1068.5415853059287,46.9039592485268,-10.46748054406521,282.49717342006403,186.67571829386534,284.9815595865828,416.80767563644235,8202663.4197445065,0.0003678403938566767
EGLL,563,170,1566.3294117647058,1590.8458983148096,-24.516486550103757,-12.863758104294106,218.89491751282074,161.39552934038971,219.62283618348283,393.166331873546,8199812.329457078,0.00036771253950979173
EHAM,H06,258,803.8294573643411,840.3144948290671,-36.485037464726055,-24.808901221039207,174.4779004870873,120.66037928852586,177.92049175063443,416.0722538471421,8167170.957275193,0.000366248769197029
EHAM,A54,265,740.0301886792453,737.8929468640216,2.137241815223652,5.238606732694848,175.6621344675053,119.02535403815935,175.34340899753468,408.25184906090186,8147507.435902333,0.00036536697787190996
EGLL,567,116,1421.7586206896551,1468.59770554005,-46.83908485039437,-63.989483702948974,261.8003808462264,183.86140966799937,264.8442599803664,472.4484083777005,8136527.917167559,0.0003648746121256775
EGLL,253R,155,1025.8129032258064,1069.5743919744004,-43.76148874859402,-48.281961010632926,225.6019211394287,162.0653771616396,229.0915362155601,401.03212296018694,8134854.454668819,0.0003647995673416676
LEBL,128,182,1239.8461538461538,1255.1463883985516,-15.300234552397749,-20.514756355091663,211.3843628132848,158.9690231671427,211.35735878746132,417.6703461257752,8130291.826677322,0.00036459496076554333
EHAM,A51,266,716.4586466165414,689.4228283254818,27.035818291059698,16.98194195958726,172.93119224405854,120.70395171333602,174.71035220628377,345.2828295351528,8119306.106699631,0.0003641023169306559
EHAM,E24,189,949.4603174603175,961.9716375845506,-12.511320124233183,-28.343727036969312,207.221178748651,137.50187397570065,207.05060014860663,405.0677429556077,8102420.743138756,0.0003633451093671108
EDDF,B27,348,769.683908045977,745.6517235651764,24.032184480800616,7.164315358692022,150.77296418175902,110.0134075198628,152.4621572107277,297.6117268971864,8089158.864709329,0.00036275039343947475
EDDF,V322,136,1357.6911764705883,1354.0930441535918,3.598132316996314,-29.59112139030583,244.65071436331914,173.98610977114464,243.7761593328517,407.91647607448664,8082046.956834323,0.000362431466907939
EHAM,K38,263,349.9847908745247,349.24091722410753,0.7438736504170969,-21.061812239758666,175.29812832826227,115.41685259953393,174.96612583527428,291.6763015048209,8051257.184918726,0.00036105072979261026
EHAM,E08,198,1027.1818181818182,1022.3999004461917,4.7819177356263936,5.556321100735829,201.5187861047401,133.2929425883065,201.06612788713147,430.8602202830982,8004662.3811378125,0.0003589612315287671
LEMD,72,233,1328.5150214592275,1386.211093838,-57.69607237877219,-44.44932872777213,176.1956957910227,143.88266758372177,185.0419411090892,369.07550260329356,7978041.152874776,0.0003577674286639985
EHAM,A34,220,759.1681818181818,759.242000096762,-0.0738182785801655,-18.67529758980004,190.74690568458516,116.6721224281329,190.31291055182894,429.1251154576925,7968180.862995857,0.0003573252536377903
LEMD,T28,304,1025.3092105263158,1030.0220240478704,-4.7128135215546605,-13.647788784592763,162.0773228389878,123.1213465494286,161.87914570147373,319.1993237094966,7966276.775163844,0.00035723986668696414
LEBL,122,219,1227.109589041096,1231.09765390591,-3.988064864814004,-27.521908968448997,190.9738230547651,138.80555055665076,190.57904266197883,328.3498330089251,7954161.35892844,0.00035669656273168524
EHAM,F06,199,986.6884422110553,987.2266650074508,-0.5382227963956079,-8.73764165065245,200.297570372112,127.62497085150083,199.79440127105013,412.8713967353076,7943642.753072223,0.0003562248661713143
LEMD,356,342,896.6111111111111,904.8291730883192,-8.218061977208063,-25.346366699131124,152.28997637926105,111.76750616710065,152.28906687629822,310.55479950446437,7931650.282398341,0.00035568707558912647
EHAM,G71,88,572.9318181818181,644.2095076367893,-71.27768945497118,-33.363605467560774,293.2839651972014,187.46744885666166,300.19750926892567,521.2971964594096,7930431.922271471,0.000355632439424506
LEMD,320,314,1004.7324840764331,1004.7279925627688,0.004491513664168156,-9.82752955084726,159.1129938552933,114.67843838618522,158.85942723359588,338.4020218617023,7924203.73298965,0.00035535314238631176
LSZH,E26,207,910.6425120772947,939.1620060848558,-28.51949400756103,-42.45554604420818,193.70900346898205,149.71508519289134,195.33373536583113,371.08710999290327,7898140.51159749,0.00035418436279223637
LEMD,585,185,873.3945945945947,868.2961353858356,5.098459208759011,-11.414967020256881,207.05544967563424,143.73332578047953,206.5580141424298,443.4974848964213,7893249.443195883,0.00035396502762813635
EDDF,E9,216,1251.8194444444443,1251.5699087863425,0.24953565810218895,5.395387005688917,191.55163481849388,145.32577486033594,191.10787677636685,358.1230739966052,7888799.64224974,0.00035376548067017226
EDDF,D5A,256,1036.734375,1029.7377656867768,6.9966093132231375,-17.67345013470424,175.49010297915333,125.01842899872962,175.286704796211,361.6698476228971,7865709.7928483905,0.0003527300390260059
LEMD,71,220,1299.5681818181818,1357.236287425207,-57.668105607025,-62.111875886647,180.4003731638985,135.05666159667996,189.00258313046254,338.1241117728692,7858834.814597229,0.0003524217373710122
LEMD,35,119,1330.235294117647,1333.579090801693,-3.3437966840460756,-52.18900169545668,257.9275385492462,165.74596292308718,256.86328840896914,416.76995747890413,7851471.122940044,0.0003520915198427764
EHAM,G02,326,863.7239263803681,861.9697280176564,1.7541983627118178,18.181615882496317,155.27069726479448,115.4164361940957,155.04229321603583,323.5595522073022,7836424.7355340365,0.0003514167793607736
EGLL,576,123,1392.8536585365853,1390.6920373053147,2.161621231270813,-22.978477205432455,253.3595613924292,176.52277716107295,252.336801436054,391.1462162205769,7831884.947154361,0.0003512131970046347
LEBL,119,201,1168.9651741293533,1172.0923096002248,-3.127135470871508,-30.663220682285328,197.80674761062465,139.87860509290718,197.33885616034777,412.8065143976901,7827467.454285561,0.00035101509887070333
EHAM,C06,358,784.9217877094972,782.716452520313,2.2053351891841633,7.001999779095627,147.97059104387637,111.91065407190429,147.78023979205722,294.70867883870983,7818361.739733259,0.0003506067620347431
EDDM,324,140,876.8785714285714,847.4305146900884,29.448056738483,-23.87565628500704,235.27374426275986,153.62314008738753,236.27428756748833,444.1353183060444,7815575.4551733835,0.0003504818138371327
LIRF,815,50,1542.14,1574.1990180951464,-32.059018095146136,-41.033906535775714,398.02575921478814,260.46512359113643,395.32745356193425,702.7213458307714,7814189.776988163,0.0003504196744583325
LSZH,501,113,769.9557522123894,777.5537985875459,-7.59804637515664,-9.57480958120152,264.0065956155653,198.0091765907426,262.94562794870967,666.6495169544132,7812865.56807956,0.0003503602916089379
LEMD,T11,298,1164.6677852348994,1224.850743507777,-60.18295827287776,-70.97570345012309,150.3096410099907,131.21762347608552,161.67609981208787,280.668777005332,7789470.052633562,0.0003493111426708722
LEMD,378,163,901.5582822085889,890.4304307538199,11.127851454769017,-7.3639532667893945,218.5857021951845,126.57490332148984,218.19810088960216,323.02382038344206,7760497.030788127,0.0003480118759301219
LTFM,B5,66,1274.090909090909,1276.6274829331473,-2.536573842238044,-20.91726771040112,345.20749044866363,266.00469793302653,342.59169094882895,684.3694956985971,7746358.402673744,0.000347377843022997
LFPG,N05,82,1380.6707317073171,1429.8859748610332,-49.21524315371602,-4.253379133115573,305.0333816448484,201.96166068821375,307.13645911288245,733.9981042686998,7735289.970344744,0.00034688149003385995
EHAM,E03,171,1043.9122807017543,1057.0553445017129,-13.143063799958359,-18.582375727014096,212.78304460980058,146.8824798506044,212.56666864795486,467.9189062549816,7726564.654035294,0.0003464902117839117
EHAM,E06,235,1009.8765957446808,986.2425015563186,23.63409418836218,9.882276757535237,180.08983343074308,128.55279515138824,181.25371312411923,350.9522437892905,7720433.502500921,0.0003462152663083031
EHAM,G07,237,958.1308016877637,969.612387089607,-11.48158540184315,-2.1931125228747987,180.48423672989887,126.25129122831771,180.4686707207162,362.70526113559964,7718839.043473444,0.00034614376435745584
EDDF,V160,240,517.1125,522.8694080836193,-5.756908083619275,-26.50931252326879,179.54362506260085,119.32676093186858,179.26164951233653,296.13209954826425,7712337.356612109,0.00034585220258862237
LFPG,J14,244,851.8688524590164,883.9222011411058,-32.05334868208942,-46.359281793144646,175.1545611451892,132.14956339465976,177.70988535292682,367.9065815008583,7705716.017924696,0.00034555527515103254
EHAM,A41,250,751.372,744.7294016877038,6.642598312296283,4.5946589256441825,175.6600190444901,120.24936898057533,175.4341489958164,332.69184187349634,7694285.158471576,0.0003450426694730725
LFPG,I52,85,1420.3294117647058,1484.1832499786328,-63.853838213926956,-74.11482231194202,295.19800677145093,211.3613212571154,300.32312176367327,508.81701131780596,7666488.08459964,0.0003437961369655331
LFPG,J12,285,819.0526315789474,828.0021922594692,-8.949560680521715,-20.790673345509617,163.7612645567025,122.10002684976082,163.718505462748,298.66228613618665,7639068.473822415,0.0003425665314201668
EDDF,F216,135,975.1481481481482,966.5944725814868,8.553675566661331,-21.705763497038333,238.5821688569399,153.09651826508005,237.85074370749217,454.0146275712766,7637351.7980979625,0.00034248954878144403
LEBL,204,244,913.1516393442623,961.8633461744414,-48.71170683017903,-55.56908451528176,170.28332741075036,128.4991297780869,176.7778386109282,318.6213672365437,7625098.630644136,0.00034194006750791543
LEMD,329,262,709.4809160305343,697.4544223944587,12.026493636075573,1.1244352703013192,170.48675465788872,116.35296732933433,170.58555668280644,402.6658997183177,7624051.222981139,0.00034189309753882496
EDDF,V163,242,504.6942148760331,505.15041813549976,-0.4562032594666581,-23.563317896014837,177.8125217972317,112.71064193299136,177.44534668063625,300.23955354908304,7619817.956183907,0.0003417032608423385
LEMD,366,249,880.1204819277109,888.2073916313942,-8.086909703683279,-23.528912025004615,175.0914887260992,118.40726473635618,174.92657583334665,297.8501262274628,7619227.426262113,0.0003416767791073335
LFPG,B22,154,997.2922077922078,1027.6363361942817,-30.34412840207413,-21.434208440933787,220.93157581473628,157.77372985388826,222.2938917867763,374.2914034294634,7609844.446159495,0.00034125600856978004
LEMD,346,345,930.3072463768116,918.1518730073233,12.155373369488444,-9.61807311771338,147.97958709555064,104.87830340978597,148.2640851862696,304.8868866731518,7583872.439861886,0.00034009131942713345
EDDF,V158,255,515.9372549019607,515.6010832843474,0.33617161761347625,-11.073921616783593,172.3363469673815,109.62359455104294,171.99842914644717,262.0110565548452,7543782.205355577,0.0003382935121911191
LEMD,406,196,743.530612244898,732.732597011826,10.798015233071997,-35.53421028733419,196.33279515061398,133.29112698282603,196.12877766727917,390.03727098003833,7539433.49613516,0.0003380984985924194
EDDF,V173A,151,458.4039735099338,425.2146004517833,33.1893730581504,8.877029077910095,221.26647650921004,120.04447992824973,223.01604716269492,304.7691035798231,7510159.751103077,0.00033678574621538764
LIRF,205,50,1270.24,1204.7008026611227,65.53919733887716,20.985092017041495,385.05588431263163,263.7362215510924,386.7790839106109,699.1046578973915,7479902.987536569,0.00033542891133656733
EDDF,V97,256,1021.6953125,1016.155824746541,5.539487753458898,-6.366793279701881,171.05792933758354,131.3583068692872,170.81335151123108,360.9041745041518,7469363.469951844,0.00033495627701024685
EDDF,D4A,175,1035.8685714285714,1005.7098661095197,30.15870531905187,2.328728935963909,204.9278920232853,121.60358699605888,206.5551124699226,327.62847487579427,7466377.535305915,0.0003348223757003937
LTFM,102,65,1091.6615384615384,1109.2843857351038,-17.62284727356561,-69.46577810748931,340.71537429981305,229.00187038337748,338.5433173211944,541.848631855474,7449752.550684531,0.0003340768445749459
EHAM,S77,77,1101.2857142857142,1085.4289721098469,15.856742175867518,-12.793242842977406,312.48531123467683,185.35317005022586,310.85424598522206,512.7947658196424,7440537.893022153,0.00033366362229209263
LEBL,340,65,743.9846153846154,771.0644448114098,-27.079829426794387,-86.17856550687463,339.7695094161531,187.3227050812202,338.23155621704245,360.8264653929753,7436038.065365153,0.00033346183193535883
LEMD,T29,288,1016.0555555555555,1033.6294567638683,-17.573901208312734,-28.26731196579192,159.99540471938957,112.35400695516407,160.68132359395705,309.07332601403806,7435724.472548911,0.00033344776917316386
LEMD,338,276,870.5,888.7194785834879,-18.219478583487895,-32.75737721625791,163.40865992408752,118.8117909192576,164.12675512446017,316.84787472582053,7434775.322360925,0.000333405205464145
EHAM,B35,330,753.6181818181818,753.5226985510726,0.09548326710915703,2.0597785861641285,150.3063246574727,105.436843260544,150.07844538640737,274.53078863859383,7432768.123968285,0.0003333151946213838
EDDF,C2,149,795.3758389261745,752.995376761827,42.38046216434745,-15.187395079412568,219.99989199247602,150.9920399156651,223.31866055963172,465.8049531640444,7430812.398968054,0.0003332274920524074
EDDF,A38,170,837.3823529411765,792.8914169459617,44.490935995214656,2.112989710434931,204.52464289163183,130.0319161141097,208.71921850567878,351.8898072376473,7405831.069515618,0.00033210722884098164
LEMD,15,79,799.3037974683544,821.6332189398704,-22.329421471515886,-47.0422303175194,307.06680118709625,146.96088424367912,305.933128138509,303.8761607958263,7394011.232516456,0.00033157717984657486
LFPG,E15,107,929.5046728971963,940.6806482760842,-11.175975378887976,-66.88522123645248,263.7523411283578,181.93490455275185,262.7547466926721,473.86046015344806,7387286.0893197395,0.00033127559739760243
EGLL,414,165,1245.9515151515152,1281.1268860988696,-35.17537094735438,-58.655101036971246,208.84712481852267,172.5499758429283,211.1636381460264,390.9086125387166,7357363.5423858855,0.00032993375013579113
LEMD,408,194,757.9381443298969,738.6492074592178,19.288936870679137,-12.307209028175066,194.2127210667565,128.6524888353004,194.66951079810255,316.1771591843937,7351866.376268279,0.0003296872351142277
LEMD,342,327,935.0764525993884,918.3066483212144,16.769804278174043,2.258157164980389,149.09885003308744,108.4244539703957,149.81225029001592,308.4821964875622,7339093.280185389,0.00032911443815140343
EGLL,548L,116,1397.1206896551723,1379.360171598684,17.760518056488223,4.527303995384273,251.7754574632767,180.32218536467997,251.31622285593363,567.6324685230014,7326541.888986502,0.00032855158332659927
EDDF,V167,133,671.7669172932331,642.6989961856661,29.06792110756706,-16.826514831463328,233.7720185690676,153.1467613679395,234.6985370317249,391.2405182133722,7326092.636882649,0.0003285314370567396
LTFM,K53,85,999.6588235294117,1017.2637248599253,-17.604901330513638,-48.33686397837005,294.6237352945756,208.17224171462632,293.4141517965754,574.2022595719856,7317808.480332822,0.000328159942183413
EDDF,V96,240,1093.0625,1083.6260502891323,9.436449710867745,-9.014531782850554,174.71132554641557,119.07479594080404,174.60214868959153,310.427209221468,7316618.478485335,0.0003281065777180107
EGLL,253L,105,1066.6095238095238,1113.1240136284398,-46.51448981891597,-84.89791731865387,260.33502065742783,176.06962742098875,263.23459309358265,417.59120099008777,7275707.355120123,0.0003262719585264497
EHAM,F09,190,885.3105263157895,912.0421407910806,-26.73161447529106,-11.487614612417246,194.30137056877481,132.14165042343197,195.624389323997,414.1434429422509,7271091.322693484,0.00032606495708082376
EDDM,343,229,571.1484716157205,547.9947044620806,23.153767153639876,-3.9536643042301876,177.04794384742044,114.3058871052776,178.17179734636704,310.3091482157474,7269648.365646388,0.00032600024908765606
LSZH,A49,263,714.0494296577947,697.0719318067331,16.977497851061564,-4.455406185262291,165.6457105238807,120.9803074302335,166.1999035665352,323.3119816720216,7264693.289673233,0.0003257780435668044
EDDF,V94,229,1079.6200873362445,1096.6618211033494,-17.041733767105008,-26.404170925359495,177.55650058393962,130.80641963337828,177.98612898058224,332.74873143426754,7254505.223073773,0.000325321169715128
EHAM,D27,205,805.4439024390244,810.5644183140923,-5.120515875067858,6.870626577585369,188.36302983492092,111.69428211036494,187.9728024012935,272.3988496324071,7243423.7607321255,0.0003248242324078568
EGLL,305R,110,1276.0272727272727,1255.5518321894338,20.47544053783894,-17.207766710376973,256.8796882244926,170.7276406149177,256.52784348976644,461.05589954995014,7238718.79340611,0.0003246132427639177
EGLL,408,188,1336.0478723404256,1376.6669571803516,-40.61908483992613,-16.869577236054624,192.0360573096111,149.98519425883705,195.78457191,394.146543556534,7206340.53642061,0.0003231612715940084
EDDF,V144,248,874.9112903225806,880.5810267086431,-5.669736386062502,-27.63295345470749,170.68000251130914,126.15847096379017,170.42987644144463,368.4592375443717,7203493.010393828,0.0003230335770828954
LEMD,322,276,1003.2536231884058,1012.7952707105085,-9.541647522102593,-23.052814987463762,161.38787729714272,118.47321582695791,161.37757043848845,364.9551904258696,7187790.786413688,0.0003223294262531323
EDDM,512,119,795.5378151260504,761.9841966928507,33.55361843319979,-3.9295712575967627,244.0220831278636,173.68805892617374,245.30028389615617,397.9427408803342,7160495.284264643,0.0003211053862374403
EHAM,E18,206,1023.8883495145631,1027.8159560303397,-3.9276065157767035,13.631408332013564,186.74882472702652,132.34231253839368,186.33639717905297,418.91751682854283,7152578.100215974,0.0003207503478859107
LEMD,579,149,1033.7718120805368,1054.3071914929046,-20.5353794123677,-4.532911817580043,218.83413144321554,167.9633771061236,219.063188117478,456.3831067475799,7150313.377840841,0.0003206487886327979
LSZH,H11,288,411.1423611111111,425.9751175264621,-14.83275641535096,-24.702426033964656,157.12801587805774,111.70123774045109,157.55474477567054,328.44130237947525,7149167.309182085,0.0003205973943081437
LEMD,T5,227,1240.9823788546255,1270.276794367429,-29.29441551280339,-47.33391038622176,175.27672393517366,137.72622465225734,177.32668675416716,348.68848647211826,7137959.120592788,0.0003200947740866211
LFPG,A10,64,1182.25,1209.3999791066292,-27.149979106628972,-63.31732804306961,335.1376247288269,202.63390710244556,333.6156354167834,528.2910232655836,7123161.100450824,0.00031943117139091417
EDDF,V166,133,636.1278195488721,648.7857454869701,-12.65792593809773,-52.04427921569334,231.8230392634792,157.78527778702383,231.29649808074444,434.1767562026465,7115243.313247304,0.00031907610599149705
LFPG,D02,143,1057.3566433566434,1077.428232648308,-20.07158929166482,-9.873725111759086,222.70586673519034,168.79331283068692,222.83162543028038,413.4805289057597,7100512.460741811,0.000318415515362553
LEBL,100,114,1247.0263157894738,1274.8212956046552,-27.79497981518157,-50.78581305974046,248.73487412607128,163.51883965557477,249.1964840306568,416.239371389665,7079273.192469518,0.0003174630612136113
LEMD,308,122,986.3770491803278,979.9738162990766,6.403232881251292,-38.38320194972823,241.66048764815446,150.05789528194555,240.75320531162214,387.960033350278,7071376.915874051,0.00031710896043630934
EDDF,A66,135,1061.5481481481481,1097.054101095569,-35.50595294742071,-66.69712174417145,226.9152746290607,160.79235831245472,228.84449552808005,384.8535785390662,7069923.423022695,0.0003170437799753357
EDDM,188,212,913.8632075471698,894.0720574764603,19.791150070709616,7.424953227251024,181.95918301666458,135.22718660641618,182.60519898493075,382.3997584580378,7069067.643621146,0.0003170054033876334
EGLL,334,119,1352.3193277310925,1396.6120651953522,-44.29273746425974,-47.54712282327682,239.64070388549288,174.75884368405448,242.7074949691177,479.36503673966115,7009924.445587931,0.0003143531846941156
LEMD,T18,240,1172.9,1193.2252403144926,-20.32524031449265,-42.47710666080252,170.03466682193414,132.29438723507965,170.8930587592218,338.2359413758046,7009065.00769988,0.00031431464404517526
LTFM,203,70,1136.057142857143,1157.9897645239923,-21.932621666849418,-33.261749725049754,317.7967378431463,212.0364686177761,316.27997738895647,615.9671989100436,7002311.686801116,0.0003140117979947982
LSZH,I02,241,486.7551867219917,491.30525437381993,-4.550067651828145,-19.298444552338765,170.4375404365829,114.35336063966854,170.14441872107298,296.15440856788496,6976738.696485566,0.00031286500233241346
LEMD,T34,254,1084.5826771653544,1071.1304628447435,13.452214320610803,-3.904741916991725,165.46020929038457,120.54484553045613,165.6811973207532,350.7250499659661,6972365.822992141,0.0003126689051105971
LSZH,H13,265,463.3056603773585,473.07622956043474,-9.770569183076265,-50.266428194792525,162.13612189495097,120.7306616989272,162.1245989504092,294.4517773049745,6965362.17998022,0.0003123548336106334
LTFM,139,86,1101.5697674418604,1158.0047022987278,-56.43493485686729,-65.57916711255103,279.7460532496618,202.15394044071374,283.7829824548322,579.0757862079176,6925819.177262526,0.0003105815664473191
LSZH,D17,166,659.8855421686746,684.6065126686246,-24.720970499949978,-40.76932637135735,203.0731672096891,125.77560669487112,203.96424111031075,295.27482661515955,6905834.334183026,0.0003096853657654976
EDDF,V157,263,502.68441064638785,503.38045335766014,-0.6960427112722692,-13.695206655074571,162.2925892084459,112.8660954217378,161.98524975312364,281.8020073748073,6900915.159184024,0.0003094647701886113
EDDF,K4,55,1268.2727272727273,1226.6704759256434,41.60225134708423,-32.03433666647379,354.9655843986482,226.90979144209456,354.1756542181402,704.97478022433,6899221.672246618,0.0003093888274282943
EHAM,D24,244,806.3729508196722,831.5903745605052,-25.217423740833176,-31.601261913332507,166.49023625623215,111.37537596211953,168.05152416687812,339.37623417811466,6890880.80505384,0.0003090147894218204
EHAM,A63,268,725.5037313432836,721.664368237908,3.8393631053756367,1.368620748735907,160.5594532225393,96.63581254268884,160.3056055426724,228.97647713149868,6887033.76113197,0.00030884227251127666
LEMD,352,316,932.3955696202531,916.1992145750736,16.19635504517983,4.759668692207697,146.70950988186817,111.02714227702464,147.3699063384994,290.4397130671094,6862853.0169729125,0.00030775791076192034
LFPG,Q21,183,911.7213114754098,923.7924253056141,-12.071113830204279,-12.016311366020318,193.46284412546242,144.3235161784175,193.31078592564938,392.6947077746874,6838537.97180018,0.00030666752641536144
EGLL,353,77,1385.2987012987012,1433.2227344385165,-47.924033139815116,-72.00921662237147,296.04618170072155,195.7396219602652,297.99635809030474,541.9143594565004,6837740.866501554,0.0003066317810102426
EDDF,V177,161,499.527950310559,465.5638162734284,33.9641340371306,15.960356832649666,203.85430438171224,131.88762361022935,206.03889057207974,394.3136061617474,6834775.932935925,0.0003064988214732324
EGLL,575,129,1437.0077519379845,1446.929923286778,-9.922171348793537,-15.863782994221765,230.59786263907193,172.2586318402044,229.91653166848616,495.7807942751397,6819147.887946113,0.00030579799712751745
LTFM,103,76,1064.7368421052631,1111.1391391715492,-46.40229706628588,-77.02019238893143,297.6517918135564,212.5082679312087,299.30589327393596,455.51853330372114,6808385.348886666,0.0003053153616219577
LTFM,305,76,961.5,929.562532803791,31.937467196209102,-17.942474051983936,299.4625541309265,187.92178785443784,299.19534054574115,486.0155053621285,6803356.737125434,0.00030508985846083186
LTFM,F13,77,1090.4675324675325,1025.0516472656814,65.41588520185111,16.501461288029418,291.5173216209231,207.0516315103136,296.91399423769263,541.1446273782905,6788159.838011904,0.00030440836842896425
LEBL,95,159,1254.6540880503144,1274.104645633677,-19.450557583362375,-14.197775334464268,206.33138086695408,146.7685655132098,206.59915410262954,455.23042748695866,6786630.465671609,0.0003043397852267505
EHAM,D03,179,940.8379888268156,922.6880967057424,18.149892121073233,20.867979655336512,194.40796983945765,129.66829343279605,194.71192848288598,441.0426534686244,6786379.581740887,0.0003043285345830063
LTFM,B7,72,1298.736111111111,1236.717359890804,62.01875122030716,28.13536753701112,302.4771364455529,221.42305763387006,306.70509540346086,524.027011127812,6772897.119344113,0.0003037239267837579
EHAM,A42,282,721.3085106382979,712.3208667976348,8.987643840663157,4.055281974889738,154.78049390489596,114.52426175601022,154.76700271683964,286.0658838196324,6754696.6866470985,0.00030290774623494774
EDDM,184,142,962.5422535211268,930.2469966465261,32.29525687460059,22.95452649892195,216.04880298814038,154.09145171266715,217.69556040739045,412.6476561622098,6729572.696994465,0.0003017810855668006
EDDF,A40,305,775.0524590163934,780.7207636944925,-5.668304678099003,-7.669187645612055,148.61135938983625,106.66440796581799,148.4757720284892,306.00859030849233,6723741.738234048,0.0003015196019416367
EHAM,S96,57,1086.298245614035,1161.5636838359621,-75.26543822192716,-36.99511566198066,337.9201830133208,191.9765472621902,343.2952112489032,486.47733996566825,6717541.317786457,0.000301241550169571
EHAM,E22,162,987.0679012345679,974.0691983648586,12.998702869709206,15.743763405900154,203.8020908504528,133.98077047224788,203.58749425861714,351.3389451056131,6714554.586597399,0.00030110761313952255
LEMD,515,112,955.2857142857143,965.6145601556708,-10.328845869956542,-36.95051714845823,245.70905299826623,175.53033707247428,244.82765302667198,468.1821033767661,6713344.9248934295,0.00030105336704714357
LEMD,73,218,1313.0504587155963,1373.1646363754364,-60.11417765983994,-62.94347897816692,165.01647413270376,136.6868774707129,175.26905268944355,360.5779738844368,6696794.501082776,0.00030031117952810537
EHAM,D25,203,835.3546798029556,823.8212132583311,11.533466544624558,-4.100973808239928,181.62301897228514,112.85991348211694,181.54185391599992,306.5060573734587,6690361.2788214255,0.0003000226879870912
EHAM,A43,265,758.0377358490566,748.0168416460541,10.020894203002552,4.730175356127802,158.77175604524476,107.52916940686232,158.78842065616166,311.11306438880234,6681647.071636708,0.000299631907914943
LEMD,T33,283,1043.6219081272084,1067.258679884425,-23.636771757216522,-39.31117591608552,151.92971616091,119.52377773811794,153.49192662045178,307.67701358380947,6667415.345157256,0.0002989937001029705
EGLL,305L,100,1176.38,1229.177718969496,-52.79771896949601,-44.49247377414497,253.78143212518165,182.06195908433358,257.9700840542852,596.3080695582432,6654856.426697497,0.0002984305077255371
EHAM,D44,325,742.3815384615384,733.7549605782172,8.626577883321369,8.621262969693475,143.02523125767323,109.83209364259716,143.06534317165128,285.32881328390994,6652000.035467263,0.0002983024156630725
LEMD,354,323,912.2786377708978,908.2016388032806,4.076998967617237,-6.275720761339585,143.21974229433812,102.17038529423336,143.05597570826808,284.26887519427993,6610198.9360278025,0.0002964278863675705
EDDF,A50,247,962.0242914979757,974.4161547411046,-12.391863243128766,-15.576388525879338,163.43084777319658,118.17999953121803,163.56975293756898,321.11234974213187,6608500.826786168,0.00029635173632455513
LEMD,T6,139,1212.8992805755395,1219.6467788439572,-6.747498268417691,-33.61387979589222,218.1851549303616,122.54277776850417,217.50358678403137,242.8751637460772,6575785.626684694,0.00029488465527116706
LFPG,N09,84,1205.0,1247.692938204255,-42.69293820425492,-20.5024549280688,278.03765646550806,196.2949231521524,279.655732105525,495.33126852838603,6569415.593956082,0.00029459899740275666
LTFM,116,65,1246.8307692307692,1185.1748515788897,61.655917651879314,14.327857215484528,314.2941496315798,218.59340219275686,317.903381338661,801.760254618766,6569066.391326018,0.00029458333775339574
LEBL,220,215,831.3813953488373,829.8675547073801,1.5138406414571222,-31.806601259113677,174.94890383023153,114.91354483757053,174.5481365471718,337.94321070890516,6550416.173999378,0.00029374698705413016
LIRF,230,73,841.6164383561644,917.6153300183848,-75.9988916622202,-72.60008948264522,291.6855230802661,232.94574367731627,299.48420721152576,647.8573372877187,6547427.696945475,0.0002936129717324856
EHAM,B95,245,729.0326530612244,711.2553572402951,17.77729582092949,-4.138074572753567,162.7558279084307,108.4690593713618,163.3933031734541,319.48832404848145,6540856.022873409,0.00029331827145584764
LEBL,310,121,611.7355371900826,671.8478227041513,-60.11228551406882,-60.57340064255891,225.4952378400904,152.03919442085694,232.4679696387552,398.64731279078285,6539004.18586379,0.0002932352276418912
LEMD,326,252,991.7142857142857,981.0436815831061,10.670604131179559,-4.139561608315944,160.9472681935008,114.08061168724129,160.98164860896455,332.2163448824138,6530602.979592755,0.00029285848378864836
LEMD,340,273,890.8351648351648,880.9590731380877,9.876091697077262,1.7529867650993083,154.44823513738598,113.47760623802695,154.48111953328953,310.02594730281686,6514985.647786566,0.00029215813986514284
EHAM,D51,241,764.6804979253112,737.5060125476435,27.174485377667743,31.806081604977862,162.40089880683055,118.71601318936942,164.3261047085017,319.25823849772144,6507739.55396934,0.000291833195896671
EDDF,V136,294,554.0170068027211,561.1212428352322,-7.104236032511145,-13.649689822450796,148.76532059042907,109.21759334960518,148.68192512721689,266.373403913496,6499256.568703386,0.00029145278474463005
LSZH,I03,215,493.30232558139534,508.2473669987123,-14.945041417316974,-37.042306665616366,173.45029978525218,119.85156346943796,173.6906171783294,266.36749300370747,6486212.556594629,0.00029086783881840725
EDDF,F212,137,980.6496350364963,938.9019724097619,41.747662626734346,26.661488114987037,214.25024653642296,150.2111335661159,217.51086376143857,444.9643423711691,6481603.692031851,0.0002906611588086041
LFPG,A18,84,1184.7857142857142,1245.986901072924,-61.20118678720993,-68.35103972743406,271.63644943643425,207.25078816304443,276.8637514574458,488.5464567602413,6438897.097171587,0.0002887460234592902
LTFM,B6,50,1276.98,1217.0659273872154,59.91407261278462,-36.96893675973058,356.64534673882383,223.97499373079611,358.10847711342547,595.4846676668984,6412084.069024839,0.00028754361951690134
EGLL,303,113,1365.575221238938,1430.506141307657,-64.93092006871899,-57.385838988580645,229.96123202618296,173.9793770881216,237.9710251822269,455.12577988017335,6399213.597369648,0.0002869664558420672
EHAM,G05,219,907.566210045662,933.0359309915564,-25.4697209458942,-22.465487442760036,169.12361738110752,128.29462661512764,170.64846397718298,363.42797455530433,6377476.718452049,0.00028599168683191646
EDDM,355,235,882.9063829787234,888.7827473957896,-5.87636441706615,-27.827005470966924,164.8803128317032,124.16727232826416,164.6340370786001,324.5824840791738,6369526.048727501,0.0002856351468481031
LFPG,D09,82,1039.9024390243903,1048.2075733457996,-8.305134321409298,-62.95810676659954,280.28689817365216,174.97941697596085,278.6963628656471,376.46643086926883,6369076.339312315,0.00028561498007056535
LEMD,362,277,889.6859205776174,879.2963202520037,10.38960032561358,-7.280947128927892,151.4629852186724,111.91325078657131,151.54590084235622,303.72303276000434,6361626.33720759,0.0002852808920349843
EHAM,A81,244,717.4918032786885,704.4674933054993,13.024309973189128,-5.002423898064819,161.18152474457332,109.52244868719781,161.3773319723476,311.94852925766963,6354404.95898124,0.0002849570564129381
EGLL,412,145,1304.5310344827585,1310.53897768546,-6.00794320270105,-25.065393499552783,209.94747687236023,167.97300890193424,209.30851060693442,370.78688789798207,6352457.628811511,0.00028486973030189983
EDDF,F231,144,795.6111111111111,823.2566001628949,-27.645489051783663,-27.217897798831416,208.86446717785597,129.11495228407847,209.9659299284647,325.97181165310354,6348339.609224393,0.000284685061753488
EDDF,V168,112,648.6160714285714,642.6266694538016,5.989401974769976,-22.14937777229511,238.99862194502242,144.6873639438791,238.0046452916172,498.3981116746472,6344375.652203514,0.00028450730198971647
EHAM,S90,71,949.112676056338,980.4661283187769,-31.35345226243911,-15.37802707910123,298.93678437716756,165.13329972471405,298.47546530322086,561.4234694609145,6325219.840546168,0.00028364827840870235
LEMD,74,171,1339.0994152046783,1362.986687510403,-23.887272305724668,-30.223472160867004,191.10105182547736,143.73670667578398,192.03293676998229,383.97419029105026,6305906.945570186,0.0002827822105803702
LIRF,208,71,1025.8309859154929,1032.9337080783403,-7.102722162846953,-22.296482986614365,299.2312300203287,230.40231830858028,297.20138016413716,600.3103706343084,6271334.886374227,0.0002812318605025568
EDDF,V172,218,412.77064220183485,401.79827568876067,10.972366513074217,-7.39833162017743,169.48382258387173,112.82872388586385,169.45026987983087,273.4282289141801,6259519.883791759,0.00028070202830282376
EHAM,A53,249,743.285140562249,741.5927784237952,1.6923621384539163,2.288857268255015,158.69222932866447,117.64763107684016,158.38229160652529,312.5986332429148,6246152.623339068,0.0002801025866217392
EDDF,F234,136,902.4558823529412,871.4599336414904,30.995948711450705,-2.6588368718850006,212.55209052253812,139.28785630416317,214.0255731663615,392.8704956333211,6229744.65180978,0.00027936678723550635
LSZH,D06,172,671.5813953488372,721.8927990838694,-50.31140373503218,-65.45114099848757,183.93344051538602,138.71051990836557,190.1737443941632,336.439156886818,6220561.125786202,0.0002789549610204535
LEBL,300,81,641.6543209876543,648.7045761149081,-7.050255127253864,-54.821221654463784,278.68793205678764,178.47421226249708,277.05201347496717,642.5761009933079,6217383.2718132045,0.0002788124532766599
EDDF,V170,104,677.5480769230769,672.1740374802946,5.374039442782303,-28.16830925918174,245.17556567487787,158.31518337236153,244.05316503086536,518.5393771823586,6194442.525604611,0.0002777836980188953
LFPG,Q03,101,1093.7326732673268,1069.3979626279342,24.33471063939254,8.464505353184677,247.30951814826673,160.3071523106254,247.2824530254963,420.3522004702254,6176009.769004986,0.0002769570991325934
LIRF,202,59,1051.6440677966102,1133.262710047172,-81.61864225056189,-95.52013961308603,315.74486011404264,251.69756225260542,323.52229721539345,661.5495704822202,6175333.9309359975,0.0002769267918374188
LFPG,B20,176,916.4886363636364,935.8968038394868,-19.408167475850316,-25.860572094750864,186.82931218011043,140.93601722844366,187.30601672275537,358.6667520057259,6174703.726495939,0.00027689853093756483
EDDM,189,185,912.3891891891892,899.9857109433095,12.403478245879777,12.215435784249394,182.49223714297386,129.72584986660513,182.4205153535123,316.78398033800306,6156290.218040587,0.0002760727952154095
EDDF,V269,99,708.7575757575758,692.418338800762,16.33923695681379,-17.86846795734732,249.75852565706842,142.7146764416921,249.03051549922625,377.0791810593647,6139603.567331226,0.00027532449873474374
LEBL,40,58,971.8103448275862,1041.9077579148498,-70.09741308726348,-44.28547995586695,320.40695816009423,206.25233579894032,325.27566076993895,595.9960469045811,6136646.818380584,0.00027519190622876313
EDDF,C16,138,1045.355072463768,1095.9424965144885,-50.587424050720415,-52.56776218033826,205.19320975841327,154.1615086342884,210.61395375910078,406.06382608464287,6121436.777489608,0.0002745098268667787
EHAM,S79,69,1122.7826086956522,1166.891215610725,-44.10860691507336,-42.150462438455975,296.6341946432735,194.1136318375289,297.7619359470937,583.6229137654532,6117689.7644283185,0.0002743417957420426
LIRF,201,55,1140.7636363636364,1131.6226654899917,9.140970873644818,-13.912874078305322,336.4344010794624,255.69972467161224,333.48717817990655,493.1769224914445,6116753.39057182,0.0002742998049750751
EHAM,D22,304,841.6381578947369,851.6551939556289,-10.01703606089196,-15.391341583818757,141.6182766271483,107.02870675513005,141.73956564627656,274.05818251398284,6107391.758756924,0.0002738799917805408
LTFM,A11L,114,1247.201754385965,1228.7502520850521,18.451502300912395,-10.982578503112109,231.3317576408797,161.03927998377566,231.05284163163367,422.00013131599934,6085937.381370018,0.00027291789127438656
EDDM,342,201,553.2885572139304,534.1056903256563,19.18286688827411,2.5119533881879192,173.2434661166994,116.99899722925413,173.87340521450383,348.58626462545516,6076624.169218296,0.0002725002494121453
EDDM,183,132,973.8409090909091,924.1217443460152,49.71916474489378,51.696917669945265,209.2223833290997,155.45611627482927,214.27640974601553,445.23946299679926,6060698.13012079,0.00027178606181301715
EDDM,161,132,926.0,932.4098331338643,-6.4098331338643675,-39.65909439585073,214.41278885728923,151.60286635881133,213.6952289241824,466.10627495147793,6027865.914174551,0.0002703137332988688
LEBL,276,104,707.3942307692307,681.1537047719204,26.24052599731038,-3.088790686158859,239.9895626237636,129.87318969197756,240.27017582416036,301.1389301647206,6003894.768619586,0.0002692387707932868
LFPG,D11,59,1094.0169491525423,1037.9917801147515,56.02516903779064,-27.0981885271093,316.6633023022813,198.3784268598487,318.9277023919173,565.3746584554831,6001177.8818262555,0.00026911693467043465
LTFM,111,68,1137.4705882352941,1086.8164673297163,50.654120905578026,10.657875549227128,294.8573605191378,189.96340048973775,297.0322556782668,560.7098937504651,5999514.942105709,0.00026904236177008946
LTFM,B18,61,1266.4918032786886,1206.9799675528816,59.51183572580698,24.925918978223535,310.23207348765413,233.37908648822219,313.38128296566913,651.846322313959,5990677.539305735,0.00026864605711143585
LEMD,344,294,932.9319727891157,922.0604623637729,10.871510425342654,-4.3022606103809835,142.44887058496428,103.80781060961411,142.62135586105674,297.01224097738975,5980210.237407979,0.00026817666122675045
EGLL,551,116,1450.5431034482758,1463.3541280151521,-12.811024566875998,-15.003073724915112,227.6552064698276,172.84830497418335,227.03354779116933,432.70365915310504,5979130.89142684,0.00026812825901511585
EHAM,S87,113,981.8672566371681,995.6679392935554,-13.800682656387307,-20.054145039421883,230.46719867118014,154.07981260737117,229.85983361577712,471.3917995390661,5970416.37141562,0.00026773746491457005
LFPG,W05,50,1014.86,967.0605768374937,47.799423162506315,-24.08530281299278,344.9292073352514,205.99483847039636,344.7918499125737,910.9599755384454,5944070.988306737,0.00026655603205512227
LTFM,135,73,1054.5616438356165,1052.8922696123477,1.669374223268817,-39.487741566337945,287.27237110456207,200.78447635603848,285.30285114349635,540.3942172277262,5942033.331554386,0.000266464655337101
EDDM,511,122,837.1229508196722,826.6885490261872,10.434401793484838,-26.94604884226385,221.34423767633675,154.09652990175866,220.68204299456062,354.1753020941381,5941468.820230878,0.0002664393403806107
EGLL,247,113,1329.2389380530974,1315.7495166366884,13.489421416408772,-18.64155007418026,229.91693939972512,177.95758610021866,229.294483103955,387.6322112717516,5941083.47795582,0.0002664220600843247
EDDM,187,186,941.4516129032259,923.1237758828656,18.327837020360114,4.659213072947068,177.8115931380495,128.88323354868828,178.2775605452121,320.4218517764727,5911617.27847503,0.00026510067727634763
LEMD,T35,234,1096.5299145299145,1108.8467115729877,-12.316797043073095,-29.6956738437965,158.80127335299207,121.62641011970479,158.93954618672095,304.0225244699342,5911256.3660375485,0.00026508449251216095
EDDM,322,150,852.4133333333333,840.6294315409809,11.783901792352506,-10.194884926100599,198.79793407702255,137.6487609691395,198.48427681839703,444.20544579912973,5909401.22161831,0.00026500130038066485
LFPG,I14,58,1247.8103448275863,1236.5243177633126,11.286027064273458,16.391373761615796,321.6499142004268,231.33297689632673,319.0646824486952,710.347644181598,5904531.751993028,0.0002647829337924997
LFPG,J13,134,913.9328358208955,905.4202031714598,8.512632649435705,-1.5832528811357633,210.39230569088733,145.6542712696405,209.77857842866737,407.2239825344965,5896944.963652041,0.00026444271171234725
LTFM,136,72,1085.8333333333333,1058.7287954944452,27.104537838888024,-7.982572909433088,286.6064484338143,197.30319070367844,285.89689347001746,538.5923622279778,5885066.426098069,0.00026391003034914796
LEBL,120,178,1202.5955056179776,1190.281722827943,12.313782790034356,-9.988047792963357,181.9186778141792,138.9157527204114,181.82439593950758,324.47243352309977,5884699.750660493,0.00026389358714887587
LSZH,E19,138,935.8115942028985,936.9130636525775,-1.1014694496789672,-19.154924779028647,207.07084605177354,157.97408003288737,206.32216542344602,451.8204062233684,5874499.3604127355,0.0002634361606552817
EDDM,346,215,566.3441860465116,547.9381183197393,18.406067726772406,-2.3628834933118696,164.6295042380928,111.1230979513025,165.27430870322212,317.8954523905393,5872853.380225512,0.00026336234828857024
LEMD,360,272,895.1911764705883,894.4723105246003,0.7188659459880247,-3.792689522563194,147.1103808972646,112.3493339672702,146.84146801734016,311.110119306949,5864977.350420609,0.00026300915545872806
LTFM,115,62,1143.0806451612902,1143.535555838368,-0.4549106770779025,-56.53647681968033,309.94050505599637,218.6120988107645,307.4311606041898,495.86644168886573,5859862.947647227,0.0002627798050838274
EDDM,120,211,850.5924170616114,864.1358730369034,-13.543455975292051,-27.718903791348794,166.15735915996953,118.22254927578811,166.3155083890783,283.4116922868641,5836438.997781409,0.0002617293810321003
EDDF,C5,154,982.1883116883117,993.622590420463,-11.434278732151254,-50.33305854665639,194.73685017710926,141.85003662331633,194.44005228175664,362.47620448842423,5822267.825425168,0.0002610938887103767
EHAM,H07,195,844.774358974359,839.7170182722988,5.057340702060108,8.44196617879527,172.93260663702713,121.23644938616695,172.56274406342237,348.5185785625559,5806690.624546152,0.0002603953444189299
LSZH,H12,272,431.8014705882353,436.27503866695577,-4.473568078720485,-21.97746115801135,146.13686346675064,103.73295038742646,145.93656509721163,263.71047029172763,5792914.84080537,0.0002597775829117717
LEMD,T32,270,1011.325925925926,1024.3609555467056,-13.035029620779648,-8.455796351309573,146.12863177796314,110.2355460131565,146.43907163116754,315.4643684266152,5789988.459053518,0.0002596463521930291
LEMD,565,147,1035.9591836734694,1043.2718424040022,-7.312658730532639,-6.840601564109647,198.53563854836588,138.74314220400422,197.9942826890341,407.0634163160667,5762655.188699136,0.0002584206184992211
EHAM,A33,223,740.5739910313902,728.0008614055962,12.573129625793845,-17.033851363276085,160.4839170384693,111.93426525282199,160.61655440864118,298.31726200943245,5752882.09367319,0.0002579823536406522
LFPG,B05,119,975.7394957983194,976.0473908913915,-0.30789509307215046,-20.393817110015448,220.54070215642747,152.7554450276645,219.6123214355284,447.0492641820216,5739319.035429919,0.00025737413159973604
EDDF,D4,149,922.7315436241611,975.3636533306434,-52.632109706482076,-65.81903360608408,189.64960184327637,136.05175383097733,196.20326547011766,304.35312716571076,5735862.485789482,0.0002572191260221497
LEMD,372,225,869.9111111111112,861.0957981701614,8.815312940949635,-23.591760903345516,159.71522132886878,115.18460303973843,159.6035355081886,362.97816988414195,5731489.9230105635,0.00025702304273402053
EDDF,V175,176,469.4431818181818,452.4277397784381,17.015442039743757,-5.040153994186426,179.86558315376445,116.21419812528306,180.15919960649077,305.90891391891364,5712491.347701843,0.0002561710702628042
LFPG,D05,88,1109.4431818181818,1034.4110474720421,75.03213434613973,45.193923911537524,244.61638587574927,173.98193107041126,254.53296350697846,501.64817342582626,5701258.597024744,0.00025566734857855074
EHAM,D29,187,824.9893048128342,821.9188759894665,3.070428823367915,-13.887898469172455,175.0347162864105,129.481236696383,174.5930823420446,342.7394978704507,5700273.203117145,0.0002556231595554826
EDDF,V164,98,649.6224489795918,625.314414476073,24.308034503518776,3.7235401889997775,241.12770050807615,161.5418751174234,241.1227010963905,432.659203764788,5697735.384433889,0.0002555093535663525
EGLL,355,112,1373.232142857143,1349.3553675806809,23.876775276462155,6.153830009236117,225.0052812582281,165.29877600962686,225.26750063765402,474.89606775975096,5683490.046475971,0.00025487053536098165
EDDF,V134,296,539.0608108108108,544.5318949084125,-5.47108409760171,-16.653300764015427,138.40641084446779,98.09788692730645,138.28069271432847,286.8540751057039,5659978.793356143,0.00025381619628047714
LEBL,410,98,553.9897959183673,577.5440560631087,-23.554260144741303,-41.186373621234935,240.36741660969685,153.0866063670517,240.295114531044,363.58878875889945,5658690.72261378,0.00025375843401169435
LEBL,281,158,935.5822784810126,938.1457827881695,-2.5635043071570434,-6.9226534401731215,189.7454923251741,131.32129060405526,189.1614498160244,332.0457154664321,5653564.54724705,0.00025352855570639446
EHAM,F04,207,1009.8164251207729,1008.888189759661,0.9282353611119977,-19.82482989045434,165.56252221925268,118.13864108558668,165.16473698144506,320.2548194940065,5646833.800825035,0.00025322672198628055
LTFM,A11R,114,1271.3859649122808,1258.9281761025254,12.45778880975545,-4.836208037573726,222.96046314194066,162.16438908110763,222.32971010152102,480.8654858783367,5635076.999296207,0.00025269949975570004
EDDM,348,184,583.4728260869565,566.9581773383627,16.51464874859389,0.6718917777429851,174.45484328391544,109.17932393109403,174.7621844644964,290.17286264413275,5619695.085859692,0.000252009712938026
LFPG,I50,89,1381.6404494382023,1366.4106865222109,15.229762915991403,14.576455215712713,252.04672975386165,195.12831516540928,251.08904180937384,473.9285858095643,5611067.9155907035,0.0002516228359509763
EDDF,V270,77,759.3896103896104,698.4658043116791,60.92380607793132,15.220713900520536,264.6608374049323,152.49258333292116,269.90255467068135,380.3629625172585,5609248.95436753,0.0002515412664194103
EDDM,233,194,736.1494845360825,696.894676751295,39.25480778478749,20.49549976280349,165.77745217236708,119.50618950450819,169.94541166391434,321.9020697903776,5602999.931449759,0.00025126103511725065
LEMD,533,142,897.2112676056338,954.0135616300952,-56.80229402446132,-51.060884031397904,190.62024091715622,150.9293552613356,198.25914605096895,348.0921412671955,5581549.836986041,0.000250299126674585
LEBL,62,76,1098.9605263157894,1099.1942614462832,-0.2337351304938693,-17.851624468933665,272.59828980475396,187.57293520227367,270.79904236731574,473.12467548282666,5573241.222376199,0.0002499265350035516
EDDM,254,134,801.3059701492538,759.0664989857169,42.23947116353679,7.172277052261109,200.06039236254426,131.24160322526473,203.73916106339638,388.9723594460771,5562292.5306094205,0.00024943555166245617
EDDM,234,301,687.687707641196,669.5067191240862,18.180988517109746,8.129566424526502,134.9020253217614,103.22148808309119,135.89939094413685,289.8680366696593,5559061.982155191,0.00024929068088634746
EDDM,515,157,704.6305732484077,707.2881075453366,-2.657534296928904,-9.50533208729837,188.64257021604456,140.39537774541722,188.05961619379403,369.5898591764145,5552527.821144266,0.0002489976628461343
LEMD,577,114,1033.0,990.7953099211843,42.204690078815844,-4.7275680696854465,217.29771099258895,163.97899091742585,220.42081456912095,503.4457788511513,5538728.246465887,0.0002483788344577195
LFPG,C12,108,1188.25,1211.6809682250148,-23.430968225014574,-36.587143167579654,225.73441900728793,167.5492831327282,225.90534106820922,443.9826702976466,5511588.097299545,0.0002471617610941282
LEMD,332,208,915.9086538461538,916.5565594488991,-0.647905602745121,-21.868773684901953,163.01554319644222,119.85321008516915,162.62449743579614,347.6915645142682,5500919.250579014,0.0002466833271295905
LEMD,31,118,1256.8305084745762,1248.5329458261149,8.297562648461268,-38.101522304595505,216.5364571950706,148.7745745353964,215.77657563377565,439.4091306947024,5494024.609884144,0.00024637414373159845
EHAM,A64,269,731.4312267657992,720.22385579734,11.207370968459307,5.50550448646959,142.69581601205297,102.32353375724165,142.87059021209092,277.75273112389476,5490829.492291275,0.00024623086181770813
LTFM,113,67,1091.9402985074628,1096.1368108885345,-4.196512381071907,-40.079781994516225,288.39922538106435,191.0659946057677,286.2696617560611,418.4883260431128,5490671.389209286,0.00024622377184010296
LSZH,H14,220,500.0863636363636,501.3249790361818,-1.238615399818154,-23.28856216058267,157.96262498837464,118.32237192017381,157.6080772416564,333.3465001341682,5464867.322598623,0.00024506661378796067
EDDM,521,126,771.4761904761905,737.7623160412492,33.71387443494132,24.714237530261357,205.80074661212618,151.25608660374874,207.73644407418305,397.4261150106523,5437458.204769859,0.00024383747878857403
EDDF,V176,172,434.09302325581393,427.6673997412617,6.425623514552237,-19.42097911352451,178.18366663501203,107.53745253958333,177.7810958661701,286.4661739691087,5436252.304148734,0.00024378340135826536
EGLL,548,98,1554.530612244898,1576.4837761341746,-21.95316388927611,-25.83462248514286,235.29295083838159,181.48581639318775,235.11654103188147,428.09078154020074,5417419.210946048,0.00024293884976974835
LEMD,368,286,822.3846153846154,842.4250821513884,-20.040466766773058,-31.918116013293286,136.3721390004684,103.18216439163,137.60070809590346,277.0518044622145,5415111.092389293,0.00024283534445744442
LEMD,T6W,129,1297.0697674418604,1321.8795761605106,-24.80980871864994,-35.45909791064241,204.14399396887222,156.92004003111748,204.8590653291676,383.75567537285093,5413773.52753268,0.00024277536267366416
LTFM,205,75,1174.8133333333333,1158.1678202138676,16.64551311946574,-34.3855054356909,269.92132773164076,195.2295301701373,268.63202085609595,547.0974342598847,5412237.197192248,0.00024270646744676042
LSZH,F70,200,395.43,432.4097946787483,-36.97979467874828,-29.66682016126623,160.68795567169764,118.08566432719599,164.49626505468777,326.0210510338728,5411804.243388419,0.00024268705205817591
LEMD,573,179,1027.6536312849162,1032.2790815464718,-4.6254502615555255,-9.237071251961197,173.91165415149845,132.2783287555211,173.48685912079773,336.13320179234796,5387486.561480314,0.00024159654946980595
EHAM,A84,251,711.0956175298804,709.7187032065639,1.3769143233166787,-7.154748226317793,146.49045266192846,101.89595469371483,146.20483161160018,262.1928446611515,5365339.049430668,0.00024060336601969913
LFPG,M15,93,1008.9677419354839,1009.9622887384936,-0.9945468030100101,-22.71190199259297,241.49071538438116,165.05562456103308,240.19092820428332,443.8935212483237,5365326.425222073,0.0002406027998994496
LTFM,119,66,1067.3333333333333,1146.780841023673,-79.44750769033962,-36.66072517354269,275.92267155157464,183.69148417423176,285.1169794884281,443.95430294330106,5365251.671511913,0.00024059944764265442
EDDF,K2,51,1052.4705882352941,1004.6611181083098,47.80947012698454,59.54525345602076,323.92670639322927,195.8099578251421,324.2789459123493,626.6788810018377,5362998.572863243,0.0002404984096441514
LEBL,131,52,884.0961538461538,892.3560629182161,-8.259909072062422,-27.85778269334685,323.9048645179047,170.44896182568272,320.8816035329663,665.1453716604087,5354180.181266164,0.00024010295752424074
LEMD,606,169,526.0414201183432,546.1306186251823,-20.089198506839033,-41.84877408698878,177.38071454879199,122.67322585554805,177.99246265370218,297.8158902296709,5354142.532698497,0.00024010126921115873
EHAM,D90,73,786.6712328767123,798.725109039094,-12.053876162381654,7.18678883172629,272.2945368081651,153.80978678051892,270.6915867943449,396.01977747301925,5348997.266770547,0.00023987053480836967
LEMD,412,126,776.8492063492064,786.8962701793649,-10.047063830158628,-46.173935520307225,206.52384784533223,131.19660903797367,205.94789266327186,355.5097282534142,5344231.346047761,0.00023965681176915053
LEMD,T7,177,1215.7514124293784,1229.3324911141617,-13.581078684783332,-30.610351975445383,173.6878065481052,121.67360057918613,173.72812739364704,285.39441107443935,5342118.817843476,0.00023956207751431975
LEBL,173,54,885.3333333333334,856.2305759451265,29.102757388206697,-9.385521902646985,315.63264674923084,171.6278343982967,314.0478464993724,371.99379078164947,5325806.694108241,0.00023883057632837997
LSZH,T46,102,747.4411764705883,753.4802327150779,-6.039056244489651,-10.741666848606485,229.54922276332175,151.38764921177753,228.5010270116538,597.6572415491914,5325697.373228815,0.0002388256739407911
EHAM,D57,201,775.955223880597,794.5169941826138,-18.56177030201671,-13.792787154862708,161.1010609625179,118.12359412676449,161.76825711962115,354.56514451117675,5259962.771315493,0.0002358778702067496
LEMD,519,143,905.8671328671329,905.5833655954528,0.2837672716798749,-14.519173298529495,192.3611552358771,140.65075551422117,191.6875938348053,421.3219066450894,5254411.109115353,0.0002356289113618282
EHAM,D55,192,794.8177083333334,776.2520817611061,18.565626572227213,14.894608969319364,164.73630690857289,108.81588070616424,165.35231866907492,326.76400804105424,5249546.743533947,0.00023541077365950332
LTFM,B12,66,1163.8030303030303,1191.5705638501204,-27.767533547089855,-59.31955628462765,282.33172019605564,204.00299807709843,281.55726005581806,501.2972332293338,5232116.385549211,0.00023462912635568555
EDDF,F211,142,839.2887323943662,837.1158407913202,2.1728916030459944,-4.914532826306697,192.437351211621,132.1630826276576,191.77086828351077,401.9551783271902,5222201.360954052,0.0002341844968048249
LEMD,537,125,902.28,952.8032878211427,-50.52328782114271,-61.561887284447266,198.84145879082274,159.9430872936648,204.38743831372804,418.2082759647234,5221778.117555997,0.000234165516869861
LEBL,312,85,641.1882352941177,663.0910495265052,-21.90281423238762,-68.28262195996285,247.99869489889906,174.41831945372238,247.50660008956575,411.8983192944885,5207058.95247118,0.00023350545035183125
EDDM,164,84,1056.0357142857142,947.3297234190143,108.70599086670015,69.33982522816598,224.76382875942718,156.82725210999948,248.4639956543884,525.9196503745951,5185685.999469692,0.00023254700124235986
EDDF,A58,110,1109.1727272727273,1137.3004119512902,-28.127684678563153,-42.54652505262368,216.02475124062292,159.21648790217975,216.8723521543552,451.7614297796783,5173697.8841858925,0.00023200940597336743
LEMD,336,250,890.044,891.606350467736,-1.5623504677360283,-17.24679261703102,144.04322557692942,109.71733795626989,143.7633401471035,283.798161571003,5166974.492562945,0.00023170790207200232
LEMD,302,208,1027.2740384615386,1001.8250466737717,25.448991787766957,5.320540574674567,155.66229697526376,109.61766075840625,157.35916842968157,259.0347221139132,5150476.840887225,0.00023096808106758324
LEMD,370,220,877.6045454545455,871.9269666254523,5.677578829093116,-23.123251597520834,152.9163473050961,111.70922523131091,152.67401858379358,277.91476277894003,5128058.309115401,0.00022996274400391848
EDDM,112,109,947.816513761468,938.9211998140605,8.895313947407276,17.924010565658932,217.71839305338077,128.97887694279592,216.89986395618183,309.1192771618506,5127965.05727891,0.00022995856221679552
LEMD,334,229,891.7860262008734,905.7554066257859,-13.969380424912542,-14.386042844303574,149.098312847695,106.87672593017513,149.4268212454799,260.6688822389519,5113197.853824052,0.00022929634146518925
EHAM,D28,186,765.6720430107526,788.9630413081427,-23.29099829739003,-26.170256711975753,164.54639658005433,116.43829407728853,165.74806163413618,326.9479950716096,5109870.107998054,0.0002291471119682988
EDDM,247,137,842.3795620437957,798.1003415660563,44.27922047773945,1.5789523710820959,188.42744080309078,134.8221008217386,192.8895796989479,409.2951133694553,5097275.424031838,0.00022858231572181603
EGLL,546,92,1601.7826086956522,1656.0532633230227,-54.27065462737105,-42.036840401714244,229.77470976428756,184.17152961727942,234.87836660797916,466.6131521726122,5075441.933239767,0.00022760321424693537
EHAM,A85,241,698.7385892116182,702.5079211991889,-3.769331987570675,-7.3022011092489265,145.36980236389041,105.14980626794613,145.11685319496553,317.318931937647,5075195.160571411,0.00022759214796871864
LEMD,11,86,820.4767441860465,798.499846962308,21.9768972237385,-11.688609236251466,242.98765296561012,131.71935293577502,242.5684171518985,320.1769278740452,5060191.58196366,0.0002269193272052761
LTFM,K9L,50,855.96,838.4644327256408,17.495567274359082,-22.960770079621398,319.87009903311963,214.33139191220891,317.13819940934303,726.4294939227964,5028831.876230012,0.00022551303196700895
EGLL,419,97,1174.6701030927834,1219.7991945352512,-45.12909144246756,-50.2902027411119,224.13479814333493,177.04149863943522,227.497563772598,443.087482350857,5020248.727679327,0.00022512812909072924
LEMD,553,161,976.9378881987577,996.7918176092345,-19.853929410476667,-23.231391619995748,175.8718563335432,140.040914700771,176.44537656384452,320.33761516949653,5012408.316631859,0.00022477653354912054
LEBL,332,58,670.9827586206897,626.0597425241054,44.9230160965842,-23.31812141075926,292.890620615266,186.34463131150721,293.8093646395204,698.2713263436888,5006788.679492963,0.00022452452643475723
LTFM,K51,82,966.3780487804878,966.8000925136525,-0.4220437331647154,-41.54115929314548,248.52561051592053,192.5177690768445,247.00592250187125,483.27077398323996,5002977.911582035,0.0002243536362863357
LEBL,52,61,1061.9016393442623,1117.616906447995,-55.71526710373279,-51.622639036451574,283.1697882951067,215.40653172712092,286.3124336804284,501.83709347580316,5000463.390480592,0.00022424087505440592
LEBL,287,123,942.8780487804878,955.9232351332919,-13.045186352804027,-23.61171386456681,201.89903958137313,137.64451757098163,201.4993567245866,372.7491820799903,4994044.863531931,0.00022395304251027253
EDDF,V326,125,1270.472,1275.0006806487038,-4.528680648704041,-11.141672065798616,200.57773549984847,153.73934953738612,199.82513731470107,387.00055205684174,4991260.687854893,0.00022382818888344407
LTFM,306,64,1040.125,997.2401379691607,42.88486203083928,1.4814103023966254,277.91180425149,195.22189384485472,279.04710339429954,630.9928196478064,4983506.29841593,0.00022348045089647754
LSZH,D08,152,694.9605263157895,718.0767575430449,-23.116231227255348,-50.828273911058716,180.16804568765022,132.65115083318716,181.0561480579786,323.87484356579364,4982761.9699380845,0.0002234470722161101
LTFM,138,74,1162.554054054054,1154.5168606209272,8.037193433126658,-45.44871189424066,261.0619450240393,201.971694276975,259.41654640473524,492.76153584219384,4979973.896593451,0.00022332204380220213
LEMD,545,164,956.5853658536586,971.3939739444442,-14.808608090785677,-27.284877691419013,174.1266518014069,130.27534224573895,174.2254491694708,359.4451113428623,4978139.170681832,0.00022323976731864872
EDDM,325,144,848.1388888888889,842.1796996073327,5.959189281556222,-10.239446730638122,186.4780563620896,129.00910531831857,185.924960334733,347.923291522482,4977805.086067973,0.00022322478562189304
EHAM,E19,93,964.1935483870968,964.1556799481042,0.037868438992797064,-22.262345615877052,232.5772662309824,161.41610924732962,231.32347439494052,562.0141453753367,4976481.131971643,0.0002231654141993049
LEMD,410,178,728.9044943820224,737.0944367523184,-8.189942370295869,-36.00267261547111,167.39370445728184,122.94790416728728,167.1236310431954,345.13961845206296,4971594.833445054,0.00022294629293557054
EDDM,520,128,728.953125,710.8454904221674,18.10763457783266,4.016512133344747,196.9862926615424,151.74070717568645,197.04906192488318,403.7551144197965,4970026.599100985,0.000222875967004923
EGLL,357,56,1472.9642857142858,1461.8311232116623,11.133162502623517,4.964712840186621,300.3223704737268,189.73555025656384,297.836993726436,530.8513411531915,4967584.990592061,0.00022276647546667404
EDDF,A62B,121,822.3223140495868,798.6201182856191,23.70219576396761,6.682494858752648,201.33862341834177,118.791394730694,201.9010075285686,286.2663214268515,4932446.037767186,0.00022119070360022145
EDDF,A54B,133,860.8571428571429,836.4790281596582,24.378114697484587,12.965299509214788,191.59976943250405,120.021222558681,192.42854658023973,298.81002210110313,4924823.156684804,0.00022084886297648983
EDDM,352,55,960.4,954.9700891405056,5.429910859494395,-18.30716902482436,301.94101067699444,143.9447451831643,299.2327707018138,253.90245473882567,4924713.808403635,0.00022084395936009668
EDDF,C11,102,1034.313725490196,1047.785089770458,-13.471364280261895,-49.963601148290536,220.3767427655246,167.93233284851286,219.7071916146592,454.0705105541762,4923667.504814458,0.00022079703890211347
LFPG,E13,134,846.3507462686567,878.2256261143527,-31.874879845695975,-18.533885465264405,189.67216992078212,146.01734169239967,191.632632627942,375.3012776364997,4920890.828980715,0.0002206725215983999
LEMD,364,259,881.4517374517375,876.7330211147377,4.718716336999835,-6.974017019404641,137.74233527816213,99.76056151497846,137.55712476990607,267.03329888555044,4900788.306915548,0.00021977104371791485
LEBL,53,60,1156.95,1114.7156660783944,42.23433392160551,38.95530081755817,284.1449816373533,205.34592795565908,284.91484700110897,638.4622323502335,4870588.20249992,0.00021841674966313046
LEBL,221,87,1062.7586206896551,1095.5031760554186,-32.74455536576379,-30.932074737422,235.66885894480455,175.89610956150347,236.58746448065742,468.2365049060446,4869705.66639661,0.00021837717319738733
LSZH,104,103,443.2718446601942,467.08466073109014,-23.81281607089595,-33.568898137381325,217.10419372512547,162.44811468519066,217.35608399515615,464.17095528589317,4866097.726720067,0.00021821537868215262
EGLL,541,128,1493.4609375,1513.4672904189003,-20.006352918900184,-17.439268068779484,194.54531313513397,144.14318202782346,194.81387647276802,404.4633860407012,4857913.147692406,0.00021784834926511727
EDDF,V171B,196,421.88775510204084,423.30784388908245,-1.4200887870416525,-19.19016218768425,157.81329950429924,97.91079221294235,157.41660533354602,254.5927239483652,4856877.576408529,0.00021780191008683635
EGLL,243R,60,948.25,975.864548977809,-27.61454897780906,-31.13603231518732,285.3854320768869,176.05557751996682,284.3413337456657,408.5532229875738,4850999.644575842,0.00021753832000032935
LEMD,44,78,1217.025641025641,1234.2337006366595,-17.208059611018598,-48.64683950030769,250.31421933275536,147.71661013378332,249.29907374908404,323.48026714076667,4847702.197427797,0.0002173904492179273
LTFM,122,62,1040.6290322580646,1022.2130625647321,18.415969693332492,-31.279377389457522,280.88283190947857,198.16928601330622,279.2164223961876,489.0190567337338,4833632.253215029,0.00021675949637298814
LEMD,505,102,986.156862745098,1029.0023578978526,-42.84549515275447,-53.50609323755424,214.25048585966383,153.7212715518395,217.46028391498916,465.66495670855903,4823475.458199544,0.00021630402486481624
EDDF,K10,50,1148.62,1124.652930818223,23.967069181776868,-16.762265938890096,312.79790039914974,192.85261668914308,310.580257533215,348.94179151802604,4823004.818469907,0.00021628291948786057
LSZH,102,143,458.6923076923077,474.2675255705328,-15.57521787822518,-34.15227423155943,183.2874502934616,144.95414983383287,183.308351544843,354.99106412276666,4805079.099690548,0.00021547905821518034
EDDF,V162,241,492.41078838174275,493.15329910850687,-0.742510726764183,-9.264211094095856,141.39831013762898,105.95446380125756,141.10660128171503,256.91037548263455,4798568.574991733,0.0002151871001221954
LTFM,120,62,1156.6290322580646,1210.116468095291,-53.48743583722667,-73.62434765307978,274.97707008168385,209.63406132520208,277.9455705722218,613.6268590420507,4789731.892444512,0.00021479082776256988
EDDM,181,111,931.7117117117117,884.1553292869479,47.55638242476371,10.272674688439338,202.97656535449264,132.34703383887756,207.5811384763745,426.13757231747263,4782982.124677401,0.00021448814104889602
LEMD,130,84,1103.4166666666667,1122.8872386091202,-19.470571942453443,-53.67183162327791,239.23773430757797,188.33715359488866,238.6051786725973,455.2091818486837,4782324.228308096,0.00021445863833164205
EHAM,A73,255,692.7960784313725,676.2446846028539,16.551393828518606,15.986012418296923,136.20912014123243,101.73538710925672,136.94566981472278,303.7454602144488,4782299.702655783,0.00021445753850282492
LEMD,559,165,1017.709090909091,1026.7131221152758,-9.004031206184969,-29.54977272063502,170.17177553374268,135.9530666960081,169.89408497820563,288.43240387790195,4762560.0182459885,0.0002135723317210341
LSZH,I04,204,511.5343137254902,524.5611275086956,-13.02681378320538,-37.29836046191963,152.53722644181548,120.82553011349587,152.7195024822975,297.6103227138391,4757942.273441855,0.00021336525348551936
LEMD,304,185,1021.9675675675676,1010.757896888066,11.209670679501508,-6.936756148493032,160.31199648757038,119.49736133797403,160.270628501991,285.8063893707614,4752034.756678294,0.00021310033669181153
EDDF,A58A,153,778.3921568627451,785.169675138191,-6.777518275445919,-23.463689044598027,176.6350345701427,104.95644424355133,176.18725562570796,259.8685432442728,4749418.203872539,0.00021298299994819983
LEMD,374,209,863.6076555023924,860.9700705474987,2.637584954893569,-8.242955370742834,151.06325917690552,115.28740647668911,150.724510304791,343.16064410545357,4748036.503383381,0.00021292103894527724
LEMD,13,92,792.0217391304348,799.545419982448,-7.523680852013169,-28.126895231587127,228.13877839778456,145.88669109567448,227.02021151573314,342.1505162784078,4741512.232171636,0.00021262846440340595
EDDM,252,182,779.989010989011,752.1588498793036,27.830161109707536,5.530885608185372,159.35775469581228,112.390196109588,161.3377806484525,310.8071087429081,4737438.062551408,0.0002124457622637404
LEBL,292,76,761.421052631579,740.327884003454,21.093168628125028,-34.58650360049484,250.40638701383818,153.25711636546703,249.64622213692542,588.4168100214101,4736565.953270172,0.00021240665337860393
LSZH,F71,187,426.5561497326203,442.2202213238754,-15.66407159125507,-28.290991839827484,158.7805270202556,113.57755918064893,159.12824812120232,290.74891145144943,4735176.478472987,0.00021234434374446483
LTFM,108,64,1119.234375,1119.8109514455264,-0.5765764455263671,-33.41881091322648,273.6570564085906,199.11444592039385,271.5113056199547,508.5210453236731,4717976.901084958,0.00021157304557009964
EHAM,B92,245,703.7714285714286,685.5838208108073,18.187607760621233,-1.5638244268504877,137.8450688608066,99.38731583943121,138.7605704432884,279.6093425480477,4717351.497887967,0.00021154499997728078
EHAM,A62,251,707.5019920318725,702.110934953053,5.391057078819544,2.5866378671153143,137.20853407197876,98.03240904484133,137.04101798422815,280.29606726456007,4713840.39314854,0.0002113875479298014
EHAM,B94,251,720.1195219123506,704.8533249360561,15.266196976294571,3.6082597149900266,136.23205836384653,99.2411175031283,136.81480024101936,266.6756462968663,4698290.680812498,0.00021069023633509673
EDDF,F215,139,843.9424460431654,820.2999825532547,23.6424634899107,5.825368631981178,182.95759838707173,131.8509295065014,183.82500500302126,367.4094148915403,4697036.912546149,0.00021063401232719847
LTFM,K50,51,963.0588235294117,971.8785912347062,-8.819767705294385,-6.713905581802351,306.2150556221033,229.55039201587812,303.3263374943171,601.0579436773378,4692350.217903534,0.00021042384210382005
EDDM,517,149,730.2885906040268,700.5006647255259,29.787925878501042,8.95995524030809,175.3996433249141,130.25505466538803,177.32985835019184,349.0511774504494,4685435.920712367,0.00021011377722953556
EDDM,321,128,813.1484375,805.3709939744348,7.77744352556522,-9.89760498105295,191.84778330368164,128.12677750777559,191.25510988050405,368.1377370432388,4682050.183091671,0.00020996194714750462
LEMD,376,201,849.5124378109452,859.9874556938582,-10.475017882913006,-28.70032857443175,152.4735841988254,114.77270484995317,152.45411513623378,330.2995240549292,4671693.701616377,0.00020949752089594444
EDDM,185,146,947.7808219178082,931.7472634438169,16.033558473991093,2.8893808782192423,178.65279529710062,134.67150720203486,178.76042039545823,337.15116090446776,4665472.0333943,0.00020921851628827697
EDDM,514,164,688.7865853658536,690.4765772797798,-1.6899919139262172,-7.11679498385061,169.00623796905487,133.33750031747078,168.49866245628837,336.9650975689385,4656255.076927545,0.00020880519091779666
EHAM,B91,198,698.3434343434343,689.6527348649138,8.690699478520642,1.3516462049923348,153.3489111427562,100.81985293417081,153.2078643288677,297.00579304528526,4647584.63905812,0.00020841637363765297
EDDF,V174,185,450.23783783783784,459.0585117476544,-8.820673909816582,-34.51810151928788,158.51628067871633,112.4043407310203,158.33316672098488,280.2778497474261,4637837.46152061,0.00020797927102342672
EHAM,B93,263,702.6501901140684,698.7658710630753,3.884319050993101,-1.6151330642574067,132.61661816248997,98.60731453771677,132.42123692354383,296.884674952404,4611805.988939029,0.00020681191517361467
LSZH,D12,140,690.9642857142857,758.5281633355254,-67.56387762123961,-82.12031550236787,168.87704686840283,139.54140299783674,181.33015223994218,329.88031388722,4603287.3755904855,0.00020642990631516286
LEBL,272,205,733.7317073170732,713.08708232398,20.644624993093128,-1.3528007623266376,148.572179232254,98.76842712654444,149.6402901441646,272.8944260345315,4590404.369058102,0.00020585218052605842
EHAM,A31,201,764.2537313432836,751.4129588062638,12.840772537019904,-7.032309285013639,150.7928294593567,107.30845168036016,150.96435374746883,316.26469832709506,4580837.456580572,0.00020542316172159834
LEMD,32,134,1213.9701492537313,1247.884810407076,-33.91466115334454,-56.24331726459911,182.06143114937095,143.21631026830036,184.52427488711496,382.4959304848944,4562593.875030486,0.0002046050462048033
LFPG,W04,72,1118.3194444444443,1114.5128952037117,3.806549240732622,-34.76476424210426,253.03315912910807,173.81766303181126,251.29867189626748,456.6378260448736,4546873.619771608,0.00020390008678003476
EGLL,237R,115,1069.7826086956522,1108.248355764294,-38.465747068641704,-51.81507627235055,195.19617268171584,151.1015626350511,198.1157281422059,374.87027565913166,4513731.79979139,0.0002024138743767188
LTFM,H41R,50,634.66,638.8166720948303,-4.156672094830428,-54.87490590676123,303.2351275029317,195.37538159242922,300.21623810778254,513.0517647637595,4506489.481179439,0.00020208909970362383
EDDF,F221,116,786.5344827586207,757.3569869817022,29.1774957769186,15.156545355738615,195.70563643462395,132.07048251640578,197.03259623006505,364.3444167643228,4503333.901350542,0.00020194759082197038
EDDM,371,182,944.4505494505495,926.2993622790297,18.151187171519755,-14.864493087444373,156.65644545416097,114.40088786554067,157.27639845060574,266.2898813170106,4501927.522746053,0.00020188452315317616
LSZH,I05,196,514.6530612244898,523.6569952238933,-9.003933999403566,-35.5615758882947,151.57528294074416,118.22061344338945,151.45599195643916,298.9787724069864,4496027.829903757,0.00020161995721554182
EHAM,A74,252,703.797619047619,696.8306490903304,6.966969957288534,-1.187590561539821,133.62890102613278,99.0575851393385,133.54535561340705,254.85104695483898,4494259.225489661,0.00020154064588567648
EHAM,A72,255,687.9568627450981,678.8670131592653,9.089849585832733,-3.6799117004983373,132.15819903768897,93.80476697724419,132.21165472807527,282.62810942188077,4457380.019713627,0.00019988683408289984
LEMD,132,75,1076.52,1061.1649398751772,15.355060124822627,-8.904182813123839,244.80442878119243,157.91282878374022,243.651246889848,449.3277504719791,4452444.758323325,0.00019966551712757716
EHAM,R77,56,1371.3392857142858,1305.2661936712334,66.07309204305241,25.68590538309229,276.5764055030356,164.92211384965535,281.9471372695958,649.1712304043308,4451674.540013138,0.00019963097744307752
LTFM,107,70,1013.0428571428571,1086.7942230472875,-73.75136590443049,-90.52210702164041,242.8854623503865,171.59494484806518,252.17027914129642,431.5696653692086,4451289.477753955,0.0001996137097038288
LSZH,G13,54,1061.0,1072.7894264029446,-11.789426402944615,-52.46543631976425,289.4692269774085,154.74213780118646,287.0186617848955,364.79023990850334,4448504.459490781,0.00019948881829205174
LSZH,D01,169,638.2011834319527,653.8494136141474,-15.64823018219463,-33.07035048411501,161.88311890766855,116.53471359752818,162.1602459087084,295.0740342260921,4444014.764686199,0.00019928748233314375
EHAM,A82,261,667.1187739463602,676.0721562755983,-8.953382329238192,-4.950764487538208,130.4174137102146,93.74418613591703,130.47489189170616,276.5553426281375,4443185.025093779,0.00019925027347513557
EHAM,D14,170,763.5588235294117,761.2555086382745,2.3033148911371146,-2.6005018166140133,161.8598467296797,104.37578123071653,161.3995222184775,322.7365957163251,4428466.981299979,0.00019859025724030144
LEMD,388,125,950.288,948.1740212203754,2.113978779624601,-13.088739608142077,188.9139440656477,130.4566594679194,188.16864601367536,289.5646235940645,4425929.917827482,0.0001984764851178569
LTFM,304,74,947.2162162162163,943.1499890702642,4.066227145952152,-14.354796144216607,245.9320174934742,140.8508464586483,244.29850506537082,301.26958307686607,4416450.208710951,0.0001980513768625702
LEMD,42,73,939.6164383561644,970.3163874907046,-30.699949134540336,-49.67608152233731,245.52614615096658,161.18493826101505,245.7636661276501,403.6120794826022,4409183.909960724,0.00019772552682369992
LFPG,L39,120,1301.925,1322.9448896782628,-21.01988967826278,-42.550930646427446,191.17683236429053,148.58431874474937,191.53549405960422,400.6908674649601,4402301.458158802,0.0001974168900246543
EDDM,518,133,676.1127819548872,668.8308855522646,7.28189640262258,-9.60279215631374,182.36999745914602,141.3744494982355,181.82897377193302,393.33088008365775,4397216.168492923,0.0001971888451984982
LEMD,T31,237,1031.1181434599157,1040.116498356897,-8.9983548969814,-16.15700933148105,136.03852533565058,106.66012055543591,136.04912477213506,284.5452516822782,4386719.351249563,0.00019671812572709518
EDDF,V128,146,836.6643835616438,844.3127748728102,-7.648391311166434,-24.1491680784672,173.38108462647142,139.58975916984474,172.95548887548762,311.8902063572773,4367385.765295202,0.00019585113003213646
EDDM,586,84,685.797619047619,661.3094633173232,24.488155730295905,0.3150427714120383,227.72427577640053,143.36876966754602,227.68542836487538,343.15477792836566,4354614.960334531,0.0001952784358124404
LEBL,278,94,742.5957446808511,708.1047095799663,34.49103510088465,-9.860087694116487,213.12092202965033,133.9975919981942,214.7718831901111,320.3087825958817,4335934.410048513,0.00019444072486136954
EDDF,F237,91,917.032967032967,914.0505842864835,2.982382746483575,-69.79076353416394,219.1522042999455,168.51434340229457,217.96514964100373,430.21142586711386,4323301.387680288,0.00019387420936686049
LTFM,F3,53,1082.3396226415093,1061.6702490993757,20.66937354213347,-25.710211246122867,287.36833786532884,194.2615959524041,285.39386960162847,461.0290176498138,4316832.02272814,0.00019358409704233514
EHAM,D92,75,763.4266666666666,730.849925861136,32.576740805530754,-10.70014861320567,239.0057920957643,132.21135259322799,239.6317225412712,353.89185726275343,4306752.183607259,0.0001931320765457594
LTFM,141,77,1136.025974025974,1138.2076164135206,-2.1816423875463427,9.646188185284473,237.18276054352873,190.29381978903712,235.64767864521832,472.69275246489553,4275796.790717767,0.00019174391232033836
EDDM,353,115,938.3739130434783,897.1402434228839,41.233669620594235,24.357195291674316,188.80368668312104,140.2353301982758,192.45018878252702,399.2435022532756,4259263.643679484,0.0001910024995612078
EHAM,E05,100,1057.18,1050.2126383182856,6.967361681714273,9.523950138936925,207.28948619661193,150.4135864092085,206.3680835439013,481.06495050034755,4258778.590558263,0.00019098074782984673
EHAM,S82,58,1039.8793103448277,1074.4008813014148,-34.521570956587276,-23.147168733024387,270.88224291808916,171.28335201843637,270.74675331804127,497.0272290448402,4251620.657071096,0.0001906597573248869
LTFM,220,63,1240.079365079365,1224.243840996632,15.835524082733134,-25.97490254883985,261.35749155588263,187.11134644955894,259.75806512908497,486.280396160076,4250877.901175175,0.00019062644916541306
EGLL,423,75,1317.16,1361.1680576573522,-44.00805765735223,-32.59095392022459,235.48422702702726,176.85824264961715,238.0129394975039,532.3536060161105,4248761.9526181845,0.0001905315615282207
LEBL,119A,55,1416.581818181818,1448.3696965756305,-31.787878393812555,-93.88368218754886,278.20468528692703,202.93946017842686,277.490689119643,564.3712734226945,4235059.540145189,0.00018991709028358557
EDDM,522,120,699.975,662.3005365822647,37.67446341773527,17.29000706168796,184.63049532254914,138.10206893346955,187.6798199909588,391.5390261805772,4226845.779820643,0.00018954875225991972
EDDF,D1A,147,1004.7414965986394,990.6693872182238,14.072109380415675,2.367646601951037,169.28142815210296,124.45510727721513,169.2905373331105,404.94436428419954,4212915.046488393,0.0001889240421903449
LEMD,502,104,779.3173076923077,783.0894539291543,-3.7721462368464813,-9.860811181429767,202.16616162836968,126.01728657996566,201.22722008077946,389.1677318993438,4211208.986549599,0.00018884753560611538
LTFM,310,50,980.9,989.772680159046,-8.87268015904607,-47.432298089254346,292.76752538189584,194.61707272184486,289.96084544827596,539.1592075498992,4203864.594653949,0.00018851818355675165
EHAM,A61,219,695.310502283105,672.5040393131594,22.80646296994571,4.0262176341447,136.91780930766086,96.03301596672604,138.49556261413468,270.47016523938686,4200643.56917345,0.0001883737398290574
EGLL,568,79,1301.26582278481,1387.8623331322012,-86.59651034739126,-95.33212592880682,214.751131584954,178.95829033582558,230.2894512463084,438.16174146578925,4189625.2770707426,0.00018787963532917852
EHAM,S84,64,1070.140625,1074.8803191327409,-4.739694132740993,-22.088066721478185,257.81346053229964,169.62886529896522,255.83527134245423,471.4462625903523,4188907.9080235,0.00018784746561802796
LSZH,502,108,815.175925925926,776.5583267588897,38.61759916703608,53.381327259268915,193.809936591079,151.11009170327648,196.737925909813,396.51125085834343,4180227.6410598676,0.00018745820756179736
LEMD,14,96,776.7083333333334,784.198308306557,-7.489974973223579,-34.922003746145606,209.4471938527884,144.639361579466,208.4880502127727,406.9844431849323,4172857.639826268,0.00018712770708679728
EDDF,E5A,93,1046.6236559139784,1049.7705641222376,-3.146908208259151,5.6800828353027555,212.85102229387027,146.25759249334965,211.72695668832338,405.5057382806794,4169032.289530422,0.00018695616300563008
LTFM,K56,53,835.2264150943396,856.8729775058731,-21.646562411533267,-30.559081594972554,281.7833662977568,168.3044840989305,279.9505148776385,572.7072576485562,4153731.41135351,0.00018627001013467347
LEMD,384,112,1000.7589285714286,972.5877159664442,28.17121260498438,21.398934436237653,191.27753875574993,134.13857233635437,192.49426886185464,434.2259868421661,4150052.8770019175,0.00018610504987049293
EDDF,V130,158,845.7151898734177,864.178514288213,-18.463324414795178,-38.2056041507596,161.4945084562356,119.74476566392622,162.037971798324,327.1829638814926,4148496.080113283,0.00018603523684131368
EDDM,329,142,857.1056338028169,855.0192688529355,2.08636494988136,-11.127863019969027,171.22223790334263,124.19578782606084,170.63103334174644,321.6808683646139,4134322.8345766505,0.00018539965154984936
LSZH,101,82,495.0243902439024,509.7919352010768,-14.767544957174328,-39.173824896512144,225.20042216544766,165.3071305051644,224.30967904032565,428.88840318621874,4125816.2331162607,0.00018501818135273755
EDDF,D5,103,1193.116504854369,1217.1039030721818,-23.987398217812775,-41.23997328763994,199.63411322630347,157.6433363108704,200.10558348561827,387.0307243608691,4124351.187838333,0.00018495248283452779
EDDF,F223,112,814.5267857142857,791.432934855506,23.093850858779653,9.946219253964841,191.32995098446065,142.03353463842768,191.86877426081884,390.6453821077265,4123126.172071094,0.0001848975482042445
LEMD,40,88,949.0,1003.7581692174804,-54.7581692174804,-83.02121348945195,209.97326249364826,170.4506206446629,215.83841015292515,420.0878381300239,4099587.2981661265,0.0001838419704967277
EDDF,K8,60,1173.2166666666667,1159.1182030370685,14.098463629598305,-45.198816900274096,263.099667570384,169.26636904105413,261.27860832407913,395.8848775653504,4095990.6700660535,0.00018368068323804264
LEMD,300,172,1040.4651162790697,1038.2038433694177,2.2612729096522517,-15.830255467744962,154.55957812688527,113.8313035529271,154.12621116877625,335.69819911252233,4085840.902709659,0.00018322552687834818
LTFM,124,54,975.6666666666666,890.2997601522843,85.36690651438255,15.169036866868964,263.48368845816066,181.82165463338814,274.63710526362513,637.0397596243167,4072979.13772951,0.00018264875364581472
EDDM,328,126,851.9285714285714,882.179869863993,-30.251298435421624,-52.31240274100696,177.9260797684331,138.91794878670734,179.78203306212882,321.5491520209733,4072519.0059059993,0.0001826281194856005
EDDM,347,203,551.0197044334975,538.9978975006834,12.021806932814146,12.700837080738324,141.35878434201004,107.74159962540078,141.52171122515017,283.5923698914826,4065764.1338632437,0.0001823252038756929
EHAM,A71,235,677.7489361702128,675.7551437070026,1.9937924632100834,-3.0619289811914996,131.65731410922962,94.54223745027674,131.3920216796364,278.98706120213853,4057007.889849579,0.0001819325387031907
EDDF,V268,94,696.468085106383,681.8790508015773,14.589034304805732,6.853005644628183,208.28661703987967,127.8910068545685,207.6887819164266,405.08875278670655,4054655.232589327,0.00018182703609642302
LTFM,303,76,913.3552631578947,940.2900286701534,-26.934765512258554,-30.90855747150772,230.72510132238983,159.72366119614867,230.7793440770533,400.49777927497246,4047692.0296002566,0.00018151477808961048
LFPG,I44,63,1110.3174603174602,1192.5854285457478,-82.26796822828723,-72.02438431822247,241.5788299200577,178.31785097503865,253.381126370132,567.6908459014247,4044725.6976375985,0.00018138175584285737
LTFM,206,61,1167.2131147540983,1135.1671749430143,32.04593981108419,-13.902011602505127,257.4227430062354,185.5335223226973,257.30735575209263,527.5982625040974,4038631.5947721717,0.0001811084717784612
LEMD,259,60,1169.4166666666667,1235.7980183692055,-66.38135170253871,-92.56534831316998,252.77964202855185,191.99416157881396,259.3049790385912,502.4268695138684,4034344.329252254,0.00018091621356223125
LFPG,B09,54,1029.7222222222222,1042.167156287662,-12.444934065439671,-2.7056849758965313,275.24837639673916,177.12639782880026,272.9717040792908,389.2750057628019,4023731.766309403,0.00018044030358848657
LEBL,296,87,750.919540229885,746.9670835851393,3.952456644745636,-22.56155841039333,216.18754613345547,132.33616179676605,214.9778348732995,445.8915495720809,4020745.8453526124,0.00018030640289250934
EGLL,547,102,1582.862745098039,1632.5223605805074,-49.65961548246814,-29.611743569109535,193.11063743939187,148.97707938367824,198.47465989596327,420.23828067362325,4018003.443323466,0.0001801834225639387
EDDM,323,133,838.9398496240601,828.075346406703,10.864503217357095,-21.123858396866467,173.98754878273039,132.5191343866659,173.67238710226164,351.4407094825859,4011559.039559109,0.00017989442959939178
EDDM,256,150,763.8933333333333,722.2596508378224,41.633682495511,13.127450947646338,158.54684181417085,114.57454222945688,163.41017071688984,334.3626260901863,4005432.5840584617,0.0001796196947128086
EDDF,V701,186,409.2096774193548,396.9143317511867,12.295345668168167,12.531679276553433,146.27323973518742,109.50064219058108,146.3967372545867,327.5905993047375,3986352.870254659,0.00017876408366538103
EDDF,V171A,206,401.3883495145631,402.51522579602204,-1.1268762814588693,-11.418757566931049,139.4198180795622,95.24035096434675,139.0855738571573,278.32142828213694,3985028.1521659996,0.00017870467798230635
EHAM,A75,211,678.2274881516588,683.2832152113785,-5.055727059719893,-7.578035897000859,137.53835062950793,101.24853262902654,137.30515357917457,287.2029772682501,3977920.7970735515,0.00017838595561583788
EHAM,S74,62,1055.4032258064517,1032.9091540517925,22.49407175465898,4.841638351904805,253.636473076246,160.32699649233138,252.58630116745934,597.1165289643457,3955590.051322425,0.00017738455523014904
LEMD,225,66,959.4242424242424,1048.275685135657,-88.85144271141452,-79.81830401065258,229.71938575009398,173.21793401381814,244.67532469167386,388.93197318074084,3951156.9578564176,0.00017718575750274085
LFPG,Y05,64,1006.71875,1002.4591357730006,4.259614226999265,-31.569929080312477,250.10884327759138,193.37603962281787,248.18373189192772,442.2216546861346,3942090.545651473,0.0001767791831419904
EDDM,513,147,709.1632653061224,703.9890232989867,5.174242007135755,-23.33518823208317,164.13180203903656,122.03969381474805,163.6543950752822,331.4378663997567,3937065.8710361132,0.00017655385653830865
EHAM,D31,146,793.8356164383562,797.1934648287173,-3.357848390361107,-10.51990391019308,164.59682305186243,109.58889076095474,164.0665318669039,299.15139202137766,3930002.724309733,0.000176237116652646
LEBL,41,51,1022.9803921568628,1081.1357942441834,-58.15540208732049,-96.18592635569394,274.0219813960425,215.31986588185592,277.4847427284044,518.9518705225047,3926886.9047994874,0.0001760973907834757
LTFM,204,67,1170.0746268656717,1145.6497445972518,24.424882268419946,8.349516441893911,242.66287906051755,178.79601305651565,242.08048884204868,438.02455087419094,3926398.526226352,0.000176075489925486
LSZH,D14,125,713.08,759.0510454945127,-45.97104549451258,-60.93744637867496,171.7397915763716,133.7678130271958,177.12124826363586,340.6872189968346,3921492.073308566,0.00017585546485785085
LEMD,602,66,613.0757575757576,560.7618401012411,52.31391747451657,-0.6413069335789885,239.51653734322753,167.40970188005494,243.38385916137813,414.7650881311597,3909556.391418846,0.00017532022091297622
EDDF,F214,141,881.2624113475177,887.0867508009597,-5.824339453442056,-15.769918505427427,166.74085235792595,120.87958593543976,166.250575457787,323.5048621576518,3897134.7914463906,0.00017476318644839005
LEMD,512,110,798.4545454545455,807.8562715751701,-9.401726120624708,-25.121425548523632,188.84731546061755,138.5867388070288,188.22191454439997,359.1371615237912,3897023.802623534,0.00017475820926351435
LFPG,M08,73,1276.150684931507,1249.0638860142933,27.08679891721362,10.858025450243304,231.03826477434535,179.28082013171772,231.0436315371602,419.47524882296756,3896824.65619317,0.00017474927873721677
LFPG,N11,64,1245.515625,1270.8523302088122,-25.336705208812056,-49.347403563481066,247.31022629851327,192.98409422412044,246.67516083842506,500.84996291909505,3894312.638378424,0.00017463662976272308
LEBL,143A,94,845.8404255319149,880.6189393284344,-34.77851379651938,-58.0520262128573,201.56061359213788,160.2267763909123,203.47979565550415,393.63994451191047,3891978.560560538,0.00017453196033282098
EHAM,D94,78,845.8974358974359,798.134697943503,47.76273795393292,40.958204683651786,219.33856012177705,147.86151590661515,223.10064066008766,393.98755848771566,3882363.877309442,0.00017410079929488576
LTFM,143,53,1250.4150943396226,1190.5151096706807,59.899984668942196,26.743937461924816,266.13888913336007,197.16875873230023,270.3359079148663,524.8364064316219,3873319.664732219,0.0001736952204546616
LFPG,B26,98,1034.561224489796,1048.2492510621214,-13.68802657232537,-21.68791032911389,199.1715067693612,136.32222122162304,198.6249292406346,415.5228665450397,3866282.5265530157,0.00017337964689678146
LEBL,288,87,749.9770114942529,770.9930158532378,-21.016004358985015,-40.53984951880375,210.7722639079523,139.9875541704355,210.60861353399318,351.3149283419724,3858970.964239848,0.00017305176705783676
LEBL,134,64,889.96875,842.7087610724104,47.25998892758954,2.448510218487968,241.64217804948922,159.45275625466903,244.36057434428042,486.6137239972662,3821573.7788074627,0.00017137472696553366
LEMD,600,66,691.3939393939394,687.3753398182474,4.018599575691907,-36.00315778407645,242.2114415920918,187.15946889888428,240.40309273857795,442.08459467136925,3814380.7018860383,0.0001710521604877419
EHAM,S94,101,1017.4455445544554,1033.1216371712687,-15.676092616813301,-12.588245676623046,194.6348628541789,138.8607671571808,194.30232418821913,401.8597309684885,3813092.711679325,0.00017099440183050132
EHAM,D26,174,777.5344827586207,802.0462990607663,-24.511816302145615,-34.25258131807095,146.38274570317557,108.49609944753571,148.00536638953994,305.92481748006765,3811572.3955377406,0.00017092622474463418
EDDM,244,128,799.265625,746.3935005090276,52.87212449097243,21.44450562795805,164.57523607715885,123.18775956038252,172.2465333481765,359.5826109814816,3797615.1360594537,0.0001703003251360638
LTFM,311,55,1045.418181818182,1008.327812474237,37.09036934394464,-9.9928827127344,262.03632445575346,184.57439179563937,262.27907276046915,519.6305746709209,3783467.1604450303,0.0001696658730494699
LTFM,A6,69,1199.1014492753623,1207.6817459862784,-8.580296710916304,-24.38767706219096,235.4255970659922,190.18520166771566,233.87083894120758,458.4808740783676,3773994.282187434,0.00016924107111735074
EDDF,V267,97,681.6701030927835,659.5815412798459,22.08856181293762,-4.98567909013309,196.85029992839281,133.55798363544258,197.07475787225928,316.3322811045423,3767330.6384697333,0.00016894224655218093
EHAM,A65,209,732.5741626794259,716.5513219727641,16.02284070666175,6.0453404835074025,133.44764982606864,98.52168994913535,134.08877510749315,264.5081097294586,3757778.118454026,0.00016851387316355163
LTFM,312,50,1003.26,971.0218555285921,32.2381444714078,-6.686218540604727,274.7003493274412,197.73264567164327,273.84370403784203,478.6885960141868,3749518.7120582615,0.0001681434881866029
LEBL,51,65,1075.0,1079.6394756094126,-4.639475609412641,-23.146691054217058,241.7845428123226,158.88091551127084,239.96230719572347,392.3494029256024,3742824.076855159,0.00016784327383867432
EDDM,232,137,701.3503649635037,686.1923554870332,15.158009476470427,-14.99960369921132,165.0980589868146,117.54211054260279,165.19132977883393,304.1016519115177,3738480.0344716264,0.00016764846951969637
EDDM,354,177,886.6892655367232,889.8019402691099,-3.112674732386608,-3.8302673800523053,145.69820240560077,113.86630093918207,145.31938245076879,274.12605539098297,3737836.956109486,0.00016761963130143656
EDDM,519,129,697.1937984496124,691.8883566311741,5.305441818438326,9.88184704813466,170.76162169075852,128.41462250521417,170.18118660988253,356.97746150753386,3736051.0795972487,0.00016753954542127482
LEMD,20,57,772.2631578947369,738.2082646702462,34.05489322449067,2.857708265222186,255.858542382876,165.3128756216818,255.88052947155026,476.9825627858694,3732066.185670531,0.00016736084676250104
LEMD,392,93,951.5376344086021,943.5145611753433,8.023073233259046,-31.873584972440312,201.18119594863833,131.93199822365554,200.25743523140264,375.7722856581578,3729582.7539877268,0.00016724947970504995
LTFM,215,56,1056.767857142857,1164.8547093306486,-108.0868521877914,-110.91790224515546,236.3246332738448,192.24343900760596,257.9433860417206,514.8499422143641,3725948.2625494143,0.00016708649450210725
EDDM,341,192,570.7083333333334,555.5200390537008,15.188294279632622,-4.49786640292686,138.77072008100663,106.27320714339555,139.23971606912372,263.62279529175413,3722438.117953957,0.00016692908551134227
LSZH,D05,157,657.8025477707006,695.7200588525565,-37.91751108185583,-41.45144098613389,149.56981445404674,119.9093114332353,153.83879800760135,304.0013044800539,3715620.996270501,0.0001666233783773673
EDDM,246,125,778.0,745.5591571905929,32.44084280940709,26.185740104029264,169.94724326335825,124.87569379190855,172.34679356186814,389.59444011443713,3712927.1563821496,0.00016650257577035884
LSZH,D03,170,647.0235294117647,674.3795273358783,-27.355997924113506,-21.099144409007295,145.47505744882284,115.41749934929561,147.60370853040465,290.12172350383844,3703765.3112278697,0.0001660917218126197
LEMD,43,74,1001.8513513513514,1001.2394253024479,0.6119260489037647,-62.35628824622444,224.95570115601518,170.17618470377957,223.43139813554728,413.96163195324345,3694197.6357876025,0.0001656626687938442
EHAM,E07,111,993.2342342342342,1045.604609702363,-52.37037546812872,-32.7251692074899,175.54219235701234,132.98942493480047,182.42835404436642,382.688116579033,3694091.583886374,0.00016565791300037554
EDDF,K6,61,1211.0,1208.3248289021333,2.675171097866427,-5.494688487201984,248.0784793329002,160.27898605797455,246.0511896444377,373.42029056166984,3693012.463452026,0.0001656095209031655
EGLL,237L,104,1082.298076923077,1110.3262917275222,-28.02821480444541,-55.176493368170554,187.24504787813407,152.02728077049304,188.4387608432378,354.5151733856176,3692953.3251660364,0.0001656068689047478
EDDM,330,116,839.2844827586207,823.5361765965325,15.748306162088053,-3.8750767906350916,178.37325659247176,136.1145457941707,178.29958825161128,361.6060988399506,3687726.2078005183,0.00016537246395454113
EDDF,V714,51,923.5098039215686,898.4836808756769,25.026123045891552,-13.74544991997368,269.98816596294705,201.38129006910523,268.4969834632428,577.0519728731415,3676622.1365719056,0.0001648745127739144
EGLL,364,67,1335.4925373134329,1371.4204510482482,-35.927913734815235,-44.64629015959281,233.1580212079399,179.93643171268678,234.18389101574166,449.6215526968682,3674420.3523552753,0.00016477577592077434
EHAM,A45,208,675.625,681.6522411871841,-6.027241187184083,-8.458148315591018,132.79584480349206,91.81799050541191,132.61327854659672,263.4708001874181,3657946.5825504675,0.00016403702587542703
EGLL,422,81,1295.2222222222222,1321.4386856732633,-26.21646345104125,-34.870325483337865,212.17696827513686,156.96247926687974,212.48665342954047,379.1780788754845,3657196.8087405367,0.00016400340300448435
LEMD,16,97,869.5876288659794,853.9234923205669,15.664136545412397,1.6440265529603266,194.20542851576258,133.92712859446513,193.83573326293754,365.8221106622709,3644512.2744893255,0.00016343457751011835
LEBL,290,87,737.7241379310345,753.5332642931849,-15.809126362150327,-38.52335113557251,205.1853783832475,134.7623474873743,204.61438850758233,572.33447400097,3642433.1746368706,0.00016334134231693056
EDDF,V169,108,662.3888888888889,677.2652842888522,-14.876395399963368,-8.903602095049052,183.83278607172647,135.48611667200726,183.58346439860003,353.27651346077255,3639911.9472639407,0.00016322828034883512
LTFM,H41L,57,637.5263157894736,640.5327195622515,-3.006403772777804,-33.09171211476075,254.81965755734478,195.6079363718926,252.5923987124191,481.93718461271595,3636766.433575741,0.0001630872228733859
LTFM,121,65,1118.1384615384616,1089.8952429570836,28.243218581378052,-6.922459571539321,236.1791158238823,182.1807277497176,236.05103570775535,512.3134392191353,3621805.9448157595,0.0001624163344318934
LFPG,J34,102,897.7941176470588,924.4370651069574,-26.64294745989841,-41.34629915469441,187.22180659296373,136.64742695786128,188.19724866951395,408.8659095768046,3612656.849491037,0.00016200605222775255
LSZH,G05,70,986.3428571428572,1017.9260865099092,-31.583229367052322,-85.03630808255303,225.77489241808487,171.9815326480083,226.37048859933378,376.6385806509051,3587051.867609077,0.00016085782193495741
LTFM,211,51,1097.7058823529412,1099.9523490268202,-2.2464666738789885,-3.44030081148685,265.55144990210573,192.78452889259822,262.94471216729744,448.7901975984456,3526136.0044938885,0.00015812610981490697
LTFM,114,64,1088.59375,1134.7230485480854,-46.12929854808543,-40.51627965732217,231.67747847213403,181.29796749525747,234.44338948135632,513.1855645940657,3517676.9837764436,0.0001577467733295336
EDDM,182,131,885.7862595419847,888.7859117229297,-2.999652180944879,1.5642277777011486,164.2773238512299,129.81882768548476,163.67659916012826,317.9029272954459,3509493.813753914,0.00015737980709795108
LSZH,F72,165,434.0969696969697,442.3857209415849,-8.28875124461525,-31.984633532123325,145.89354356094773,113.47235136433717,145.68675265146894,285.20075302449834,3502063.9331914983,0.00015704662139319467
LEMD,T36,67,1162.1044776119404,1147.5903115287674,14.514166083173066,-12.247948189537055,229.85066517222228,156.4561970956823,228.59016166370785,492.322094572816,3500981.9546324858,0.00015699810112618803
LEMD,98,109,1065.8532110091744,1088.3882051473154,-22.534994138141116,-41.74783900102466,178.2204446989102,137.88658528283173,178.8266018802738,380.5003333170375,3485705.9358650087,0.0001563130630510593
LTFM,K3,53,918.4150943396227,875.8860910230359,42.52900331658677,9.990435641718477,255.04705692632183,189.090856126542,256.1842651758985,537.3947981316172,3478410.0193568994,0.00015598588483289319
EDDM,516,149,685.744966442953,691.4475693161793,-5.702602873226133,-19.592867218718766,152.81498211340124,115.15532136043169,152.40804045448385,271.0106139358206,3461003.408481163,0.00015520530244488142
EDDF,A58B,147,788.3401360544218,786.1151438851032,2.2249921693185817,-17.627221528639666,153.6135791273296,106.87581166704888,153.1063603416658,364.92657708280416,3445908.9638295863,0.00015452840688284742
LFPG,E08,72,1026.8472222222222,1015.9356984878627,10.911523734359415,-3.0656734533712893,219.59342793145558,163.70101998408518,218.33596824598345,441.3200581003863,3432282.8421535986,0.00015391735682415922
LFPG,E25,50,803.58,882.6603039351209,-79.08030393512108,-72.53909525805369,252.2408282854328,168.65422546590474,261.9286567283349,472.1560208002377,3430331.0607754947,0.00015382983110304825
LTFM,117,60,1074.0166666666667,1141.7062982593213,-67.68963159265472,-75.14635005596568,231.23503437983635,185.5279742695647,239.08234285363417,418.1690191087695,3429621.999862961,0.00015379803396204804
EDDM,327,128,845.4375,821.8687076708284,23.568792329171625,-4.250789847007184,162.56062025817067,113.72919262186261,163.63065255360326,302.85112681226934,3427198.778255108,0.00015368936696633916
EDDF,V173B,155,441.71612903225804,439.98884839856294,1.7272806336951831,-0.14360032733392813,148.27894826560947,104.46095058190767,147.80994778732855,251.8345362281867,3386406.0030583832,0.00015186005498228882
EDDF,F233,157,808.1783439490446,805.3644158784721,2.813928070572545,-9.853499314887813,146.88262724410205,104.67592408666061,146.4411388253378,276.0006362494099,3366866.121052511,0.00015098380814328627
LEMD,37,93,1203.9139784946237,1213.9482398248338,-10.034261330209926,-41.81173331811351,190.9661852898353,130.58899236484214,190.20157830556073,299.4393235276629,3364427.556263151,0.0001508744530976551
LSZH,D09,139,679.5827338129496,697.3117183827503,-17.728984569800637,-32.0792068318525,155.0440752878548,118.63901688033658,155.49933163117834,300.63524733857804,3361025.857146302,0.00015072190723798814
LEMD,616,135,567.6888888888889,583.9752897790398,-16.28640089015087,-23.150529024597972,157.0920429304204,117.86733295252061,157.35424199248519,300.6198721161667,3342648.2588589936,0.00014989778187208915
LEBL,282,119,722.0756302521008,722.4000897118201,-0.32445945971915746,-19.581038712138138,168.28117582327005,117.73580142778874,167.5729344710529,328.8090569512405,3341601.9157015346,0.00014985085963970513
LEMD,34,134,958.4402985074627,957.3687957457461,1.07150276171656,-11.709167815593219,158.48249719434756,117.55037428755607,157.89367296100755,351.47859667205927,3340675.2027897593,0.0001498093021083259
LEBL,273,97,963.0103092783505,966.493226212485,-3.4829169341345096,-39.93117647081783,186.04225432154587,138.25869225293064,185.113557698216,372.0394491631771,3323901.8366380017,0.00014905711695871788
EDDF,A66B,101,781.039603960396,758.7306521729785,22.30895178741757,-12.935722343615566,180.46594759228014,121.3830540456108,180.9508014299742,300.74394169056563,3307062.4463531454,0.00014830197102163383
LTFM,110,71,1101.2394366197184,1112.8572227853265,-11.617786165608095,-19.99983582965251,216.94501354584295,150.94978731982965,215.7248770482445,426.6806731120241,3304142.803001095,0.0001481710424798197
LTFM,207,51,1162.6470588235295,1127.229219933169,35.41783889036052,-52.697267146445256,254.35704067669622,198.6415052423555,254.3292136992634,541.3662519105662,3298850.795985165,0.00014793372761690016
LTFM,307,68,949.6176470588235,966.7920396268557,-17.174392568032165,-50.577581243356974,221.20019970880145,160.383934348654,220.2383622890814,423.23554789138353,3298335.663216814,0.00014791062699327312
EDDF,F225,100,779.02,766.2136551940993,12.806344805900736,-16.876849093285443,182.0423685445229,116.31846361371646,181.58202601891665,342.09206767232985,3297203.217313452,0.00014785984356771999
LEBL,133,82,820.0365853658536,873.9778148911538,-53.94122952530007,-82.65158353249592,194.1994864048494,154.11351625925536,200.407526695651,413.48295055938013,3293380.4940139814,0.00014768841729162805
LFPG,I46,55,1169.6909090909091,1127.6583094289354,42.03259966197387,29.82643431543829,242.4604518759174,170.41008862247048,243.89537578001483,458.50138156749534,3271672.487978106,0.00014671494305753247
EGLL,243L,61,825.672131147541,930.4765853394009,-104.80445419185993,-98.11170638054193,208.12650216580823,167.00696407377137,231.49623248544,372.29319452691584,3269020.8449521256,0.00014659603272741993
LEBL,280,126,675.936507936508,692.7857349430852,-16.849227006577465,-16.521818801673646,160.71179989851854,111.57683444816693,160.9571144972725,333.004902060737,3264306.2811182993,0.00014638461273750266
EHAM,A55,201,679.3432835820895,677.1835676340129,2.159715948076508,-13.582535149448631,127.50226162296974,91.40652503821745,127.20303202765388,229.3111598251745,3252302.8827626957,0.0001458463321141486
EDDF,C8,111,907.4954954954954,948.9486919466952,-41.453196451199844,-46.200017388791366,166.57748367652894,133.77601403577575,170.9281809968996,319.3452171101967,3243025.179538885,0.00014543028261494357
LEBL,412,55,515.2,504.8996944299537,10.300305570046362,-0.8304117356763641,244.79358779857824,145.47953566223308,242.7765875371545,405.1755386125975,3241725.930090211,0.0001453720190480431
EDDF,V126,137,824.8394160583941,845.1423941600365,-20.302978101642378,-20.70783426340506,152.90405091576523,115.78322626263962,153.69191694927443,291.98370450159916,3236105.1309693456,0.00014511995982573837
LEMD,306,143,1000.8741258741259,996.4805092778626,4.393616596263313,-27.020217262418782,150.89585457752096,112.57798927739356,150.43149640503935,316.04253747966635,3236037.8208242897,0.00014511694136831778
LEMD,402,176,703.5852272727273,703.7392319473715,-0.15400467464428402,-7.227453925803616,135.85851190733078,99.93586074057163,135.47208795798326,275.79447298713444,3230072.844362417,0.00014484944785080983
LEBL,216,89,879.0112359550562,865.6340327229708,13.377203232085337,-10.676062179900555,190.90291911621767,121.95889773182792,190.2981655070496,356.2973937504186,3222991.8697860106,0.00014453190849270271
LFPG,C10,58,987.0344827586207,1038.4618077860075,-51.427325027386544,-80.80492998236684,231.47268470643715,177.71378747127042,235.16076894938118,433.3778240815832,3207434.0606661257,0.00014383423380566994
LEMD,310,116,977.3620689655172,985.9889151819998,-8.626846216482555,-29.224234592295204,166.64029441596196,129.3690140493908,166.1445827388986,287.68728237210314,3202066.5953239957,0.00014359353508814013
LEBL,330,102,604.7549019607843,629.080030055978,-24.325128095193588,-36.66719491904553,176.30209898452267,123.9441265379829,177.11412212545622,284.7465531967264,3199680.050139644,0.0001434865128106619
LEMD,380,148,941.3918918918919,926.229208207088,15.162683684803941,3.012368216671973,145.76166504532156,115.1081144607438,146.05756670196592,292.43162321401644,3157256.293053086,0.00014158406104383252
EHAM,E77,53,973.5849056603773,995.8884350233507,-22.303529362973244,-28.117052924502786,244.91801342525136,168.90463986585056,243.61956287348153,622.8748983982492,3145576.044977309,0.00014106027177775152
LEBL,334,84,563.6547619047619,601.1461973409515,-37.49143543618959,-60.3403083049883,190.81887170356396,143.43635815664678,193.34936054242718,393.0044554818653,3140253.9186619017,0.00014082160624439535
LSZH,107,60,445.98333333333335,476.4096249291409,-30.426291595807548,-64.27154885056973,228.58297311255052,171.11248796202682,228.7030794661422,415.0776515865859,3138305.913437794,0.00014073424986120573
EDDF,V119,141,898.0,912.0864667552204,-14.086466755220446,-9.475356102805108,148.69522848621824,119.00696608083736,148.83510704054615,285.74414134937456,3123416.3613756867,0.00014006654250633713
LEMD,41,83,1020.5180722891566,1012.9037029159543,7.614369373202332,-12.77854043233117,194.99371821202763,129.6951409555113,193.9650116627799,250.69897600624512,3122661.337195414,0.00014003268418768733
LEMD,204,74,1058.1891891891892,1086.4400829782478,-28.25089378905873,-40.18158361015281,204.77845233868482,145.86559066548858,205.34275971461167,382.1699312107674,3120258.0235737427,0.0001399249099460881
EHAM,G76,59,1048.5254237288136,1073.1013528937833,-24.575929164969867,10.353486371532881,230.097905875917,149.02014126096728,229.4594711858665,523.0072946428828,3106447.2860969524,0.00013930558097292978
LEMD,223,56,1025.4107142857142,1063.2199911502187,-37.80927686450435,-105.41227160896437,234.56339284026652,200.79417345948423,235.51438797015152,413.4793967001068,3106153.5086934827,0.00013929240681348075
LEMD,411,135,692.5481481481481,736.5610373100502,-44.012889161902095,-48.39807116652196,145.49090721571997,108.00645173356835,151.48577962156608,243.74905307125866,3097972.0927197477,0.0001389255192404956
LTFM,309,61,970.3934426229508,964.3193462900464,6.074096332904368,-15.69222694531959,227.10065867192623,167.6490483795459,225.31337461394324,386.4898674690544,3096733.12357531,0.0001388699588847008
EDDF,F232,124,801.6532258064516,833.7156712127288,-32.0624454062773,-44.89104878296706,154.81882259158502,121.85252458984364,157.49149473186304,329.63393553178605,3075642.793196679,0.00013792418370948522
LEBL,295,103,1016.8155339805825,1028.124996801289,-11.309462820706267,-2.6212434668808555,172.9612854516123,122.91252316510143,172.49077492751454,306.78936413675,3064565.9458147315,0.00013742745335555432
LFPG,D15,57,1105.157894736842,1115.0797487932177,-9.921854056375722,-25.280225421249042,233.37331110831641,172.72773786653772,231.52980910048572,502.0449938445405,3055544.9926201194,0.00013702291755952477
EHAM,S92,60,940.7833333333333,956.481721515911,-15.698388182577714,-23.492677402840172,226.891432287128,146.14477987433216,225.53972171086306,452.8785632981652,3052089.964164813,0.0001368679801979933
LEBL,218,94,860.0,842.5520660853979,17.44793391460213,-6.927551223242119,180.07483791619129,118.13747898181282,179.96224638653786,342.92255722472487,3044322.5517019616,0.00013651965820629666
EHAM,A83,184,694.9130434782609,686.2897542485997,8.623289229661122,12.063117961356284,128.26559925780754,92.31099902354495,128.20690963849862,256.87422483065836,3024410.148945963,0.0001356267060397152
LEBL,400,84,545.8452380952381,516.9254883953389,28.91974969989918,-16.116138025924187,187.12565397353757,129.27601727194684,188.24320713204924,460.4829125720183,2976582.422634206,0.00013348191857453183
EDDF,V123,100,885.66,888.8899302919635,-3.2299302919634467,-17.083823032147393,172.4611157104169,132.2261281134301,171.62703900449932,344.20761125567014,2945584.051745193,0.0001320918270428858
EDDF,F238,74,871.418918918919,870.583135145229,0.8357837736898914,-37.65987568554419,200.70476120236137,140.18652099284944,199.34578734263533,440.9110471064182,2940666.976912884,0.00013187132564591446
LEBL,284,89,725.6629213483146,722.0029569276481,3.659964420666425,-21.132346618092924,182.32904184593752,112.70236373648723,181.33876613691288,361.47186107269386,2926653.5812611603,0.00013124290866571852
LTFM,308,60,971.1,957.6768211361965,13.423178863803484,-5.057065170728379,221.9681929698388,176.63348714051028,220.51960406337352,403.5175852111703,2917733.7465760214,0.00013084290743004424
LEBL,171,57,870.3157894736842,872.6266296702183,-2.310840196534111,-16.9567829115756,228.22088075524243,156.7174456342983,226.22188774107457,435.7310685626701,2917051.5221087146,0.00013081231374310241
LSZH,G02,78,1025.0641025641025,1034.5337100252682,-9.46960746116573,-40.32400744680456,193.93704704516117,144.82087299037906,192.92239880672236,404.4137056209723,2903086.0529845227,0.00013018604598101545
EDDF,C15A,99,1033.828282828283,1065.1305118981654,-31.302229069882596,-23.98538875566237,168.8122648171414,125.15774711010744,170.8495125729037,359.8209028181248,2889766.0386934797,0.00012958872300769926
LSZH,D11,131,714.763358778626,728.6517803258499,-13.888421547224011,-18.43147225165501,148.34966696937605,116.1661947593566,148.43353669435413,290.11487167278665,2886259.440842837,0.00012943147306722596
EDDM,523,92,687.2826086956521,658.1905702675868,29.092038428065358,0.675046687852614,175.40397778622147,136.24076711768777,176.85723915758163,392.688815519997,2877620.439904666,0.00012904406554542324
EDDF,V266,86,738.046511627907,707.3350299206248,30.711481707282083,2.839037273938118,178.24103486433162,137.98917206140732,179.8433889964501,399.0941139399309,2781553.4326526485,0.0001247360348514959
EDDM,582,76,634.4736842105264,606.0063872922663,28.46729691825998,14.078810013104146,190.34795577756108,130.62767622483574,191.22235719332662,323.76484647496125,2779015.2316834866,0.00012462221171912933
LEMD,33,107,1257.6261682242991,1297.0178090957886,-39.39164087148921,-36.01185034263949,156.96900219414346,122.16439845245976,161.12323076122755,301.486276510836,2777794.4175301287,0.00012456746550609858
LFPG,Q10,55,972.0727272727273,1014.2603103159904,-42.18758304326302,-43.94672260476068,222.2853457106491,176.69042474340642,224.25920127156118,446.75415560258494,2766070.4145227224,0.0001240417140930343
LTFM,118,58,1089.7931034482758,1155.9830111222816,-66.18990767400582,-94.69366461338501,209.06529751216004,178.82462332940474,217.56794604481107,416.37833101561426,2745477.0464771534,0.00012311822470610132
EHAM,D93,85,806.1411764705882,773.3678621139511,32.773314356637144,28.43719205983797,177.08663644988525,135.68484067419527,179.066550669933,361.3273988165303,2725510.513350353,0.00012222284511614572
LEMD,36,67,1270.9850746268658,1315.5381666955295,-44.55309206866396,-26.58411552589996,198.0964853224226,162.11135467299422,201.59734812544784,369.6157602872103,2722979.8816712718,0.000122109361421167
LSZH,HAN,80,463.25,510.63640948116847,-47.38640948116839,-67.62903918550066,178.73949719269464,147.97424829731648,183.83125975199525,345.60221631095726,2703514.564960444,0.0001212364583896686
LSZH,G04,86,1037.9418604651162,1016.465432348605,21.476428116511386,-7.585503102218524,177.01915030597345,133.11151200590348,177.29254640212622,354.6491922541706,2703207.642838507,0.00012122269476821549
EHAM,D95,79,729.7848101265823,771.4490341987839,-41.66422407220162,-22.958662531864434,181.30388724717992,133.50276081253043,184.90786146347733,392.7270922420191,2701082.4612487257,0.00012112739308472567
LEBL,302,74,662.6486486486486,713.1687108328136,-50.520062184165,-56.38150593512637,185.34454534074416,154.0922612021303,190.89434994191421,368.85838462967683,2696608.310141204,0.00012092675416766324
LEBL,174,52,887.0192307692307,852.8149495526418,34.2042812165892,-15.295056594807761,226.4788812779742,154.6056435411745,226.88371196645932,443.96892793810315,2676763.3752953224,0.00012003682753332178
LEMD,22,50,778.28,760.2635705844957,18.016429415504316,-21.13499018549527,232.58710639817045,154.5790647416599,230.9532821812763,514.5852742508533,2666970.927515212,0.00011959769481947832
LSZH,105,59,452.3898305084746,498.7539140090399,-46.3640835005653,-31.749843069751364,208.64423341898154,152.73283318083188,212.0004877734105,438.6940012709839,2651708.202153675,0.0001189132528740975
LEMD,10,100,731.2,780.0412776281578,-48.84127762815776,-57.55262795958379,155.8907278342103,129.12546046709957,162.6172507293855,320.43071696236484,2644437.0234783823,0.00011858718399977506
LSZH,REG,129,307.5968992248062,309.81436998696086,-2.2174707621546697,-15.029163307995844,143.6432862818664,101.00664587475285,143.10262779596607,278.86802366109976,2641708.708592293,0.00011846483539531466
LSZH,G11,58,1002.051724137931,997.810997444553,4.240726693378045,-35.43878181345127,214.45942168452228,143.70936480463115,212.6448853157619,329.4835663218433,2622635.140555305,0.0001176094999487706
LEMD,382,113,935.858407079646,947.0758048015167,-11.217397721870705,-44.13610770231571,152.0781634416651,122.03781938965935,151.81873170321663,288.8818461514876,2604528.78444498,0.00011679753817219698
LEMD,53,53,1118.811320754717,1138.696050561046,-19.884729806328917,-16.04622098479649,222.46479760821444,154.0790617724536,221.2514497342916,313.658253681622,2594466.8125048657,0.00011634631891181414
EHAM,E72,51,1005.6666666666666,995.675076249683,9.991590416983723,-3.724660027990012,227.4170796873352,141.63373397025453,225.39802844223112,389.5917196106383,2591017.8325078865,0.00011619165278746253
EDDF,V125,113,868.9734513274336,885.8702120558662,-16.896760728432778,-26.365312994930946,150.81350534811077,116.78538197478333,151.09246595704852,300.16779828095605,2579669.459394951,0.00011568274612850507
EDDM,581,121,603.3553719008264,585.3458347405275,18.009537160298983,24.06321938985235,144.39448418948712,114.34924087660474,144.9199722901488,284.6164895560885,2541217.6025978765,0.00011395841033353509
LEBL,414,74,535.581081081081,544.7003264442284,-9.119245363147261,-32.89515320871658,186.04570947054734,144.55656324115958,185.0092519954089,400.5296453647643,2532903.3259686525,0.00011358556475479716
LTFM,125,54,941.7037037037037,929.1076877993736,12.596015904330159,-4.141406205714645,216.75491454735194,167.7310331232285,215.10765380870114,446.78690040391496,2498650.347262537,0.00011204952352851771
EDDF,A66A,102,783.2941176470588,790.9061298101619,-7.612012163102979,-23.647243310510646,156.99465992316806,119.92547129560411,156.40852134585822,270.72161537428974,2495289.806058974,0.00011189882335509419
LEBL,172,56,824.2142857142857,860.3622865772575,-36.148000862971664,-37.89042123294473,207.7006848553209,146.4130138568079,208.9878056521617,418.4669527552585,2445850.56303312,0.00010968176900384146
EHAM,Y71,74,743.9459459459459,776.9981331757448,-33.05218722979869,-14.955412943734473,179.67322150580384,140.26634074153372,181.4901211066183,361.61065540323034,2437461.140387828,0.00010930555357573477
LTFM,126,52,956.0192307692307,941.2608446555837,14.758386113646953,-26.006323972355574,216.96806780557097,147.2584495543332,215.37794967696448,401.11953295069884,2412158.382766758,0.00010817087623342291
LEBL,94,65,1062.323076923077,1070.2523092992376,-7.929232376160749,-24.050098318798973,193.757471662024,145.39222155301675,192.42469168226376,431.6993449367819,2406772.027985927,0.00010792933043754601
LEBL,132,61,865.4098360655738,851.6478378423681,13.76199822320575,-22.234133704046826,196.85017802443986,125.06647896271184,195.71443330325405,349.6270240084373,2336552.503596047,0.00010478040475496489
LEMD,507,62,1190.725806451613,1224.1607904471477,-33.43498399553465,-78.10466651654792,191.39379576268877,153.39485384682766,192.76579363100694,354.62252676892706,2303836.3740399014,0.00010331328202109397
LEMD,508,59,802.4915254237288,809.6336706118863,-7.142145188157333,-23.105176596072056,198.7383706737555,147.75196235583397,197.17634380245184,391.72658438618055,2293832.1227628584,0.00010286465118721985
EDDF,A54A,149,835.3959731543624,816.6085536702516,18.787419484110803,17.307198736708415,122.75201299422915,103.88266679095038,123.77356716088971,224.73483089381466,2282664.49323196,0.00010236384979688084
EDDF,A62A,124,823.6129032258065,816.0952272136607,7.517676012145759,-14.5197590889818,135.46311305532475,105.74335695257214,135.12506993098987,249.6579227552342,2264089.2809580076,0.00010153086262561947
LEMD,12,84,790.1190476190476,830.9111004452025,-40.79205282615477,-45.216217662851136,159.53099643184274,124.09342156484756,163.7411144251284,279.06215637766684,2252136.814467371,0.00010099486599178325
EDDF,C16A,77,1061.6623376623377,1073.9596261774002,-12.297288515062306,-9.141666051936681,171.44091869150478,120.9385866770726,170.76737911241796,294.9034296662676,2245435.3282071697,0.00010069434441492031
LFPG,J39,65,977.9384615384615,999.8121393037901,-21.873677765328768,-33.40338515607891,185.57453925481084,147.04651873519396,185.43611677466862,402.3671560809785,2235125.9712904547,0.00010023203141795821
LEBL,286,90,722.5444444444445,738.6065013272179,-16.062056882773362,-8.858671456620243,157.44794499254277,113.69880006798542,157.3925100381155,377.6756448366314,2229516.199448846,9.998046670317344e-05
LEBL,135,52,878.5384615384615,851.5319421722332,27.006519366228385,0.7686338465226186,207.18594110803784,122.62659640524907,206.95377746773042,391.95081140062075,2227153.03242447,9.98744927963442e-05
LEBL,420,87,500.01149425287355,473.3583272447258,26.653167008147683,14.726844384675701,157.3112454508774,106.66132818424077,158.65929836807078,313.70028068866065,2190031.24740242,9.82098027652617e-05
LFPG,C4A,96,1066.5625,1091.893377411389,-25.33087741138894,-28.586086979093125,149.59975003782836,119.39639539509172,150.9589767923491,282.27183932432973,2187706.816722527,9.810556595179863e-05
LSZH,G03,74,978.6351351351351,996.22681668347,-17.59168154833486,-35.111699935591105,170.31538676085881,134.46276032957653,170.07294690272957,362.98856760121896,2140435.7378452215,9.598574079471573e-05
LEMD,23,58,729.5172413793103,739.4242317152658,-9.906990335955477,4.197807191387454,192.07123231403924,131.47654547760132,190.66580406230594,396.5188376417356,2108500.032646087,9.455361542550166e-05
EDDM,349,57,770.4912280701755,713.5435424361422,56.94768563403334,12.783895623987746,184.996663205146,135.57524316401827,192.00621698091123,296.1161048011914,2101384.0794812837,9.423450748691353e-05
LEMD,416,62,762.6129032258065,777.9598885795859,-15.346985353779354,-53.051059505803266,184.83563891075303,131.67908547596463,183.98018282089288,407.8873040130583,2098619.875590168,9.411054947523153e-05
LEMD,390,99,921.6161616161617,925.9854669269521,-4.3693053107905175,-7.450509200797683,146.14709621168382,108.43557452784884,145.47273748232328,270.65742665457714,2095069.4177094938,9.395133267474024e-05
LSZH,G01,63,1033.2380952380952,1026.4662535820985,6.771841655996735,-13.898142913729657,183.3683459843871,130.88213958135998,182.03322403202867,326.94375201501265,2087573.9630441687,9.361520636367017e-05
LSZH,G06,64,1024.15625,1025.254382754006,-1.098132754005798,-45.93872204255132,181.68919392184623,144.5354260110473,180.26750340453387,371.5395368352828,2079767.8581570322,9.326514924816558e-05
LEMD,414,75,738.9333333333333,736.4072328971627,2.526100436170818,-16.88614497447918,167.46131466136796,106.12102502188628,166.36033942244907,308.6244885837734,2075682.1899564348,9.308193146594402e-05
LEMD,17,71,837.112676056338,850.5043777578576,-13.391701701519596,-33.563590393524805,171.37901580233438,126.72074758673513,170.69397164628649,388.16575279274394,2068686.6689032114,9.276822418725008e-05
LEMD,263,59,1126.5593220338983,1210.6555223311007,-84.09620029720253,-119.55405348697695,167.52475677987957,152.74653192850155,186.17476950173193,287.682367999857,2045001.643142358,9.170609244313798e-05
EGLL,424,57,1241.6491228070176,1271.2970001033107,-29.647877296293284,-30.77009277705622,188.5572104103415,145.7168294004214,189.2328379795783,364.5897801900779,2041116.817278904,9.153188123848976e-05
EDDF,V121,103,837.0776699029126,865.9044242408519,-28.826754337939363,-29.483996912847033,137.7483606091041,107.89748856827967,140.07631167808262,276.6540025896984,2021001.4286135405,9.062982636794163e-05
LEMD,413,91,742.2967032967033,738.792297745226,3.5044055514773618,0.31216201734389415,149.55988326098174,117.53685524960353,148.7771339882505,294.0760923335518,2014251.8393959636,9.032714766114647e-05
EDDM,903,74,919.1351351351351,875.1785257274602,43.95660940767505,40.2504621340446,159.86912946493396,124.79433880522407,164.75722083034677,298.1576910886056,2008725.694364734,9.00793331086313e-05
LEMD,394,73,1003.917808219178,1031.4023590383779,-27.484550819199807,-38.62498251924285,162.90858770878225,133.88793498052846,164.1068483920691,306.04820886544144,1965967.211309962,8.816187088413943e-05
EHAM,K37,75,413.8666666666667,417.8462671461833,-3.9796004795166815,-27.047665282804815,162.26654631870238,115.49713862368759,161.23026033219332,299.80056239605176,1949639.763509012,8.742968250550633e-05
EDDM,703,50,686.92,699.3687002210913,-12.448700221091123,0.8370854129044858,198.99676813322668,143.0285151712014,197.38968967530798,423.3669791700024,1948134.4795057194,8.736217952113366e-05
EHAM,Y72,64,770.8125,778.3170969599973,-7.504596959997328,18.028175811520555,175.12197384354917,140.92884440090012,173.91044188453154,294.5857940496826,1935669.8749742731,8.680321655928903e-05
LEBL,322,64,583.5,647.9274230223458,-64.42742302234583,-58.05986465532817,162.01672776601248,126.10091048015877,173.17668932226098,331.08240445005333,1919370.6063756095,8.607229184933734e-05
LEBL,314,85,610.1058823529412,627.9399684579508,-17.834086105009554,-28.63258179706247,150.00690755194483,108.46626193969334,150.1845420740405,286.2778179758944,1917208.7176290855,8.597534406941483e-05
LEMD,415,79,735.6455696202531,732.2136847153331,3.431884904920065,-3.1063256431635295,155.89850001799442,109.03438001393,154.94666901624595,290.90864443104095,1896669.148899176,8.50542672600129e-05
LTFM,301,50,932.62,904.8335881857873,27.78641181421278,1.4164493528022604,194.52576887015582,150.91567577070916,194.5650378175478,403.7951623409614,1892777.6970471898,8.487975891940937e-05
LEMD,200,61,983.8032786885246,1036.3092927125304,-52.50601402400573,-55.063794522156286,166.8647519551742,139.77687774470206,173.62105422743227,350.8931679679549,1838800.4987337438,8.24592044152339e-05
EHAM,K36,59,392.8135593220339,368.42117605164947,24.392383270384364,22.895552693044152,176.3145752540482,125.26082746427116,176.50757035965503,425.58790443279264,1838140.4212618456,8.242960388857393e-05
LEBL,185,50,1051.54,1087.5037959757803,-35.96379597578054,-69.11361978765183,189.4369164641779,151.7180398338378,190.95028943171144,354.19961892382827,1823100.6517027183,8.175516017742195e-05
EDDM,583,53,644.622641509434,623.0071925374859,21.615448971948148,-7.293529648166157,185.93129287217747,139.5508429622234,185.433008775632,389.9963845233628,1822426.2394099317,8.172491681978238e-05
LTFM,123,54,898.3148148148148,956.7544226850514,-58.43960787023668,-48.409055363907896,174.650634310108,145.78562031891,182.62848723642853,330.065692365176,1801070.8749143821,8.076725644960464e-05
EHAM,G73,52,1045.423076923077,1049.538117499444,-4.115040576367365,1.4713206975111461,187.53870552564828,134.26571381108195,185.77227657326833,382.6903164574659,1794589.6146471747,8.047661069134539e-05
LSZH,C59,55,1165.2363636363636,1142.2259739180222,23.010389718341585,17.299407803360737,180.69362893008048,136.1297383865012,180.51599873011583,321.769879498866,1792231.418864215,8.037085971496044e-05
LTFM,K4,57,867.421052631579,867.3798096765772,0.041242955001711094,15.781262249955716,178.6261462838782,134.74269214419093,177.05232176347857,397.35745168212907,1786808.9045847857,8.012769238184306e-05
EDDF,E2A,72,990.0416666666666,965.2944550820116,24.74721158465502,26.87044269055133,156.40133539682427,118.5273364952774,157.27066108460266,287.8177725648454,1780852.3803351328,7.986057789550011e-05
EDDM,585,73,611.6849315068494,602.6468261149167,9.038105391932607,-4.442038019461677,155.9722462326912,120.49924210960926,155.16371254008672,284.59899949232863,1757531.7713132545,7.881478806253723e-05
LEBL,294,83,756.2409638554217,764.3144801748368,-8.073516319415155,-14.083375711061763,144.44517812409148,106.41386237913305,143.79920973896458,321.58686594272797,1716291.6558887102,7.696541554483229e-05
LEMD,134,61,1015.0819672131148,1044.5591882622512,-29.477221049136322,-41.169626753739635,166.46031619473752,125.14741225761753,167.70121324070544,284.46839755894837,1715545.512266678,7.693195546610452e-05
EDDF,V712,51,839.1960784313726,853.4509754012972,-14.254896969924584,14.06534436334482,184.64692168790845,139.0493091105494,183.38257400639782,389.65851297268796,1715087.5909098107,7.691142043209838e-05
LSZH,G12,51,1074.6666666666667,1042.8925891567287,31.77407750993785,0.39953188251274696,181.65647156415127,139.78026497820696,182.65164932932453,329.52749167682947,1701442.8751388495,7.62995365394628e-05
LTFM,104,62,1109.741935483871,1074.7942637671297,34.94767171674124,31.58924264917232,162.9501476012766,129.36368088019177,165.36571649129192,312.97765515397333,1695440.8518220566,7.603038169209068e-05
LEMD,202,55,1009.8,1059.6047234590353,-49.8047234590353,-47.67923801533743,169.3519699533614,129.85469244680846,175.0404068467025,326.26112585228657,1685152.9215982521,7.556902955415156e-05
LSZH,108,54,415.4259259259259,442.1371503788604,-26.711224452934587,-13.458104086532558,175.90365009282294,128.80940172962414,176.30252943410895,360.98881095312936,1678459.4217827017,7.526886612156391e-05
EHAM,E75,58,920.051724137931,945.4527247406346,-25.401000602703654,-21.431358046432536,169.5087804176756,125.75450441315706,169.95010153282814,330.6648112924719,1675216.1466390784,7.512342462955482e-05
LEMD,25,53,723.3018867924528,732.771985457663,-9.470098665210166,-29.222839302533885,176.30239814561588,120.51557311108435,174.88783669806188,367.11586787574305,1621045.0375211816,7.269417438558946e-05
LEMD,99,51,1130.7450980392157,1157.6026738089117,-26.857575769695956,-37.05943934488732,176.88861980240546,138.98893127149358,177.19309224836798,326.1288512424742,1601266.9889674706,7.180724720140175e-05
LEMD,504,67,756.8507462686567,746.3423840230465,10.508362245610101,22.252809925177985,154.89540242106327,116.61597650083375,154.09384502428978,238.53210222225138,1590909.1759827791,7.134276123960893e-05
LEMD,205,59,972.4237288135594,1035.8363686217567,-63.412639808197504,-57.98209657826396,152.76049776151189,125.13676925834123,164.19930281170815,345.8040038237074,1590723.2515872107,7.133442364249032e-05
EHAM,Y73,64,922.125,885.8655249463011,36.259475053698885,20.4935176873675,152.14786199288463,111.92338255450214,155.24824879559017,255.34429123105238,1542529.2002622378,6.91732086914715e-05
LEBL,124,75,1095.8,1098.1022870809973,-2.302287080997289,18.820366388821867,144.21613810177084,114.5890382885249,143.26997041112918,260.18501061106815,1539471.3316204376,6.903608157214411e-05
LEBL,155A,51,736.156862745098,713.5742650191517,22.58259772594649,29.02369284152735,173.34225963899317,143.3981144474855,173.11367729294912,301.51069123401044,1528385.6085602539,6.853895319713015e-05
LEMD,45,73,1175.041095890411,1180.6577460269684,-5.6166501365574835,-16.68142812847327,143.05283853789484,111.83498960907183,142.18062819994452,269.3313735552448,1475719.165579153,6.617717822992057e-05
EDDF,E9A,93,996.3333333333334,994.2305436135898,2.102789719743418,2.0094198783326647,125.6570566701862,102.56549626731847,124.9973437292664,236.67196581491706,1453063.242361631,6.516119557976576e-05
EHAM,Y74,68,789.3235294117648,778.6535842757845,10.669945135980223,4.258488438403788,145.00305639357106,104.28834731626637,144.32785552849586,292.79264935937437,1416476.0319388972,6.352047802214657e-05
LEMD,203,59,1015.0,1023.6417048334378,-8.64170483343778,-21.999397908400056,155.51594664425892,119.0495166860696,154.43435471189838,301.4426649309361,1407148.2250015468,6.310218167106199e-05
LEMD,26,53,757.0943396226415,760.0222135570575,-2.927873934415908,-16.740026551013557,163.23624846431483,110.61335008843332,161.71545741725998,356.78590993401536,1386050.1258867024,6.215605811449246e-05
EDDM,591,73,618.7123287671233,607.798172998351,10.914155768772323,5.245327548962564,138.09867046458848,108.4556427949478,137.58310826217058,290.18069348183343,1381825.1525728512,6.196659333113196e-05
LEBL,342,73,591.7397260273973,610.2408680360463,-18.501142008649033,-29.79212408710123,135.47441947412668,100.99537844070232,135.809407876853,279.78776492313114,1346426.2545538838,6.037916447746885e-05
LEMD,201,59,987.8474576271186,1051.47361594397,-63.62615831685117,-72.32731444985382,136.74381402267448,123.25718287933573,149.76724836964218,297.793067391744,1323383.492368631,5.9345834413313525e-05
EHAM,D23,72,733.2777777777778,743.9528753916716,-10.675097613893838,0.323345964386192,132.2948768892306,95.52295695526033,131.80595486270863,274.95117295287736,1250842.301083468,5.6092795856478766e-05
LEMD,386,72,961.5,992.663202844084,-31.16320284408393,-25.484492201889907,128.27111156570993,104.77410068708474,131.13391149950965,251.70421488260317,1238119.3976516088,5.5522249733848606e-05
EHAM,K28,69,354.72463768115944,367.2923658725243,-12.567728191364914,-39.23996034953399,133.55304423863427,103.80743026104577,133.17606631868517,296.466183211011,1223774.6601681993,5.487897405427277e-05
EDDF,E6A,76,960.4736842105264,988.4675120798117,-27.99382786928534,-45.878184346755404,122.84379749110799,106.64660714073614,125.20260569633986,220.02970433292745,1191352.6279596395,5.342503982743088e-05
LEMD,24,61,676.7868852459017,702.3128293076226,-25.52594406172102,-25.74007952199463,137.22357442904973,106.91477787702124,138.46728712208028,259.6629506218919,1169564.5657798657,5.244797555410106e-05
LEMD,500,50,722.34,681.5508958849334,40.789104115066706,24.97864263634392,139.572939187314,106.51150572738563,144.0650695374409,272.20529146119566,1037737.2130413844,4.653630724942784e-05
