airport,STAND_mvt,RUNWAY_mvt,n,mean_y,mean_pred,mean_resid,median_resid,std_resid,mae,rmse,p95_abs,sse,sse_share
LIRF,234,25,208,1414.423076923077,1297.462049488205,116.96102743487191,-39.71848188803733,2031.5060653932624,387.31870330542404,2029.9890020131968,835.0266548540891,857137912.4452631,0.03843750879067226
LIRF,304,25,501,1118.87624750499,1066.9137454588977,51.962502046092084,-20.52875791448946,510.617948243047,259.0738373848495,512.7478621601142,701.7905346069424,131718095.44503349,0.005906768768535135
LIRF,303,25,484,1095.9855371900826,1048.0561129785203,47.9294242115623,-31.172215509245177,513.5365391160504,270.8940437949791,515.2398772806835,786.92613597505,128488511.47186342,0.00576194124363334
LIRF,314,25,199,1215.1507537688442,1141.1089064922428,74.04184727660132,-5.627562534540061,789.7720720335886,256.8968488603976,791.2570691160408,708.843092742129,124591462.13579531,0.005587181889347552
LIRF,311,25,478,1092.8849372384936,1121.8482435617677,-28.963306323273954,-63.13171533810032,508.70955780325585,256.6954990781866,509.0018617192306,715.569767960018,123841623.92168123,0.00555355613026245
LIRF,315,25,178,1224.314606741573,1147.9301643732124,76.38444236836071,-14.04452240609919,823.9386498189085,329.10200252975,825.1639702363675,862.0156345850294,121199412.84417155,0.005435068766625883
LIRF,305,25,503,1076.2703777335985,1087.1416494622888,-10.871271728690454,-50.3793738588098,456.1352010094901,242.97392560244256,455.8112211504897,638.1018318408047,104505226.27133042,0.0046864343475554494
EHAM,D41,24,132,734.8030303030303,660.8796094207146,73.92342088231582,20.53343903445898,776.4064070887571,151.59472656686785,776.9844671009068,233.41363086257593,79689041.79932258,0.0035735769007619496
LIRF,306,25,511,1041.2191780821918,1041.163698984498,0.05547909769380841,-39.672455783598366,389.12374931456344,227.65986110703045,388.74281950678215,642.6026221064401,77222820.63594021,0.003462981632169971
LIRF,302,25,500,1054.314,1059.155032996119,-4.841032996119169,-32.43535653135825,378.099959897214,219.65624439262317,377.75269173812086,650.5496098887653,71348548.05769789,0.0031995556413386378
LIRF,308,25,503,1075.7335984095428,1059.268952340072,16.46464606947073,-11.093992164974111,369.5915304602566,215.9970051448577,369.5908786182014,602.9856892190151,68708501.03156035,0.0030811653224628167
LIRF,501,25,458,1111.1724890829694,1114.0915487572026,-2.9190596742334103,-27.201327492575388,386.2848181894326,202.98114009250534,385.8739206425541,513.8428030541269,68195596.6454817,0.0030581646284526436
LIRF,805,25,151,1560.8940397350993,1426.4542243399158,134.43981539518364,8.923092182721803,659.583094101517,369.2961685444763,671.0013391197085,1706.514885558922,67986662.36216676,0.003048795175491824
LIRF,804,25,150,1494.5933333333332,1472.2907186577497,22.302614675583634,-57.40441061039644,670.0808929740299,349.9592471150238,668.2158486567408,1339.5330858058364,66976863.05940725,0.003003511716420572
LIRF,312,25,469,1094.9253731343283,1111.8711664508332,-16.945793316504925,-41.836307428600776,366.7379929962729,215.03339844995668,366.73851986416753,547.9542545320676,63079159.57556322,0.0028287230275195244
LIRF,310,25,494,1044.1113360323886,1079.6232190222013,-35.51188298981241,-55.31424505338123,351.3097893723443,216.63179575697083,352.74612228089484,586.5351468780168,61468334.43139875,0.0027564871542253163
LIRF,309,25,519,1110.703275529865,1084.765247446976,25.938028082888998,-1.082477348724069,343.1749575336027,218.78517883957218,343.8239628912615,663.4637328446946,61353542.16083255,0.0027513394074684355
LIRF,313,25,454,1122.3942731277532,1102.4649247729697,19.92934835478365,-10.758983543900513,365.43574555010554,206.60876533475493,365.5766880542133,559.2524038069623,60675426.94130418,0.002720929995711871
LIRF,301,25,420,1085.8261904761905,1072.695495292212,13.130695183978506,-8.929901693632587,377.18425459140263,223.974192140068,376.96371685487156,544.1658402562906,59682690.40651671,0.002676411699730941
LIRF,502,25,431,1186.7587006960557,1180.096826907099,6.661873788956455,-4.6698531819740765,370.67047082363575,191.36853450140347,370.30013893181945,507.9820506034698,59099665.13685058,0.0026502665034881987
LIRF,611,25,263,1324.0190114068441,1276.9859775750335,47.03303383181061,-25.280140685102197,465.212693158916,240.45965217572268,466.70339143585045,752.5875231306227,57284570.61694158,0.002568870370436671
LIRF,317,25,193,1147.5336787564768,1144.018994440735,3.514684315741874,-33.34273183588016,534.6107571052318,247.67977044261048,533.2355396296298,693.775583604439,54877647.15975179,0.002460934249305037
LIRF,307,25,487,1040.1622176591375,1042.9255008791126,-2.7632832199749946,-35.2412892827781,332.3860481694161,211.90279001646957,332.0561118842475,672.6078022152659,53697234.32112606,0.002407999793597833
LIRF,807,25,193,1644.6839378238342,1631.8209052871446,12.863032536689776,-24.064670562011543,501.01138226471267,287.05137802113734,499.87726529087996,901.4362798882523,48226315.108454935,0.0021626617887367623
EGLL,511,27R,226,1558.7654867256638,1565.4056998344781,-6.640213108814494,-40.873618657852546,457.7645196273208,224.84115891109636,456.79890843481854,505.4447428591048,47158344.860876635,0.002114769710713567
LIRF,401,25,347,1127.893371757925,1102.4308925107953,25.462479247129977,3.038984150884289,367.3872344059232,231.4369278954386,367.74005163589874,673.1527523994839,46925762.715279184,0.0021043397925683623
LIRF,704,25,183,1397.2295081967213,1423.3957054626437,-26.166197265922392,-32.178513732340775,501.81866063812623,264.16095928135985,501.1292864273984,736.1905901899502,45956892.793887734,0.002060891771450897
LIRF,409,25,417,995.6882494004797,1006.1250267948133,-10.436777394333667,-46.12575548751329,321.74874852422573,209.6880585034694,321.5321580898409,555.2842047097483,43110681.262024656,0.001933256207572971
LIRF,709,25,149,1557.3557046979865,1558.0104821246487,-0.6547774266617419,-47.12942534431545,530.6803391303926,278.8356205279471,528.8969399332427,821.9311032379829,41680063.98754148,0.0018691015794021558
EHAM,D53,24,139,785.3597122302158,749.6354258408719,35.72428638934389,-40.24785112783297,539.917005430108,192.59673457269778,539.1561930130871,465.213372382945,40405826.66454677,0.0018119596567396931
LIRF,601,25,196,1377.3520408163265,1439.0933389060167,-61.74129808969029,-53.63425695399678,447.2078094986123,265.88759360290027,450.31814421225897,858.842472214235,39746140.47732748,0.0017823766768572745
LIRF,610,25,270,1199.974074074074,1240.234320211859,-40.26024613778519,-38.94694562683037,378.66178588237455,252.68917129163424,380.09812007448494,724.5615891061742,39008136.83872254,0.0017492816277006
LIRF,505,25,197,1065.0558375634519,1048.808729255293,16.247108308158733,-14.177865477918658,444.4859222082019,219.19772926236936,443.65394359330327,576.1591672861146,38775277.86818031,0.0017388392956123253
LIRF,238,25,214,963.0560747663551,958.0833259851349,4.972748781220119,-16.48699627170754,410.03538288039346,234.4928035893675,409.10645783281007,615.6938786420013,35816772.08186889,0.001606168006059651
LIRF,806,25,206,1539.126213592233,1497.058602024515,42.06761156771802,-6.889226889043243,415.16945439734855,273.80151644532896,416.2915243260875,798.2182355417996,35699518.44450192,0.0016009098817233078
LIRF,405,25,379,1085.2796833773086,1063.667349196317,21.61233418099166,-16.163726793477736,305.7580691364155,191.87663009344428,306.11830989735927,494.97761312025506,35515491.049023554,0.0015926573537126815
LIRF,614,25,172,1239.4011627906978,1237.553564576916,1.8475982137816456,-68.18569894733696,454.22049330308664,249.61193028524073,452.90192871775304,756.0974567974926,35280667.01023683,0.0015821269000668076
LIRF,411,25,343,1038.8629737609328,1039.7957218168358,-0.9327480559027951,-8.315442194007574,319.01705780202263,203.95427106479622,318.55304449643637,533.9633443882406,34806282.46017636,0.0015608535903130839
LIRF,408,25,342,1036.2105263157894,1019.3236181550647,16.886908160724893,-23.16897163745449,318.6986977060512,204.80583085803647,318.6801572364317,530.5213858112476,34732508.57475299,0.0015575452727969524
LIRF,236,25,222,1004.7837837837837,996.4810840104286,8.302699773355123,-18.705983452774376,395.33028921427484,219.34596890223042,394.5262744527192,595.4626151173496,34554517.8338464,0.0015495634526383531
LIRF,701,25,223,1480.5650224215246,1440.13999146739,40.425030954134364,-2.7885779382213514,384.62572589573375,231.69771560071922,385.88565373467173,720.9362997249463,33206425.5200864,0.0014891095753702692
LIRF,706,25,151,1463.7880794701987,1486.4933301186798,-22.705250648481197,-55.40432584085602,467.5169934947241,267.922078164697,466.51920646712733,750.6879761849212,32863665.670410447,0.0014737388461752163
EGLL,401,27L,163,1214.993865030675,1209.4274751540925,5.566389876582642,-28.48781141810673,446.93372464926375,208.88581514621137,445.5954222276312,433.15730167484685,32364510.690566014,0.0014513547307987969
LIRF,235,25,218,957.7981651376147,984.3227481313576,-26.524582993742875,-8.718448392412427,384.00739847880476,229.71267440613428,384.0427135815884,765.1617633556366,32152559.67641396,0.001441849995503143
LIRF,410,25,339,1038.858407079646,1037.351479245658,1.5069278339878749,-11.165932771250937,307.70044514993015,209.2733834579155,307.2499699395597,614.1875237220509,32002462.425444663,0.0014351190315359454
LIRF,316,25,193,1170.3626943005181,1186.6685600980143,-16.30586579749603,-33.62027188172442,406.8233407523312,259.10919637154876,406.09552051884305,802.7190368022347,31828319.35459572,0.0014273097563663345
LIRF,503,25,433,1036.1593533487298,1057.1725060144543,-21.01315266572442,-24.01147761165828,264.5458726173645,185.09380563814562,265.07441264637373,474.6074929630969,30424504.35584207,0.0013643570499563063
LIRF,404,25,405,1045.2222222222222,1054.729028355299,-9.506806133076903,-16.57028602979767,272.25540137521665,193.92509916479494,272.0852130839001,597.701504039366,29982297.08745908,0.00134452669883197
LIRF,710,25,184,1421.8695652173913,1464.1527568536308,-42.28319163623968,-33.42353932042613,400.55061444420386,265.7894563678703,401.69229789186085,889.2160238384001,29689633.2021584,0.0013314024740128099
LIRF,226,25,134,922.8283582089553,931.9719040743541,-9.14354586539874,-55.023248261727076,471.5890798953701,287.6305192722053,469.9150892697541,648.0837536206654,29589905.610535733,0.0013269302880039877
LIRF,702,25,171,1571.6432748538011,1541.9694262436365,29.673848610164743,-6.4964857524555555,412.6979568989011,251.8980396895542,412.55801997539106,700.7796175270928,29104904.493668597,0.001305180888727174
LIRF,402,25,332,1085.69578313253,1075.73980305499,9.955980077540433,-2.7915091040630386,295.8844513228175,206.61339872776048,295.6062118052343,556.7895939985999,29011166.77600323,0.0013009773127396166
LEBL,109,24L,276,1215.340579710145,1204.8975081853603,10.443071524784735,-18.622443735746174,322.31763576302285,186.0531793618562,321.9026372746946,619.1732007445149,28599480.976095393,0.0012825156669260406
EGLL,512,27R,225,1509.0133333333333,1546.6899687203295,-37.67663538699609,-48.43261386696577,351.4411785568452,210.9985965641455,352.6776056079427,667.3430827832376,27985836.036904108,0.0012549973616427903
LIRF,412,25,339,1052.9469026548672,1054.3439917531346,-1.3970890982673287,-8.975657051851613,281.2869365051705,192.61390079001396,280.8752272299234,527.1492817789684,26744012.81902531,0.0011993090177244768
LIRF,407,25,406,974.1699507389162,993.1743478839047,-19.004397144988445,-16.576221347725493,254.98135773989162,186.0234651499689,255.37525961604473,479.56392778750904,26477908.428928673,0.0011873758274116176
LIRF,318,25,151,1233.317880794702,1221.6694446374834,11.648436157218752,-27.495248576878566,418.9361707255644,247.66632100098437,417.70910904877957,636.9143207503065,26346615.86713111,0.0011814881412820348
LTFM,B13,35L,200,1122.815,1102.796919869298,20.01808013070209,16.444850846452255,361.19314661014806,237.37433305027102,360.8447176341486,589.7075661245367,26041782.048893683,0.0011678181677596074
LIRF,233,25,193,907.9067357512953,972.1141338009261,-64.20739804963078,-59.61626055421175,360.62937931938615,258.3947477981393,365.3796472245196,762.0102063305343,25765941.314941477,0.0011554483606583605
LTFM,B9R,35L,218,1093.7752293577983,1043.5350286456571,50.24020071214091,-4.6819729679058355,340.505359964371,232.27687143194314,343.41829476458304,648.6783841734893,25710075.289025065,0.0011529431035333594
LIRF,231,25,165,851.4969696969697,912.3475429038181,-60.850573206848416,-83.719725019429,390.67916143823885,293.43381539879346,394.2181729486963,725.0332406652075,25642314.700696353,0.0011499044464261085
LIRF,403,25,402,1035.8258706467661,1050.178593444816,-14.35272279804983,-17.5311744164307,251.48533041355404,189.21162291530143,251.58208702956767,544.5567896810335,25444005.69868949,0.0011410114737816451
EGLL,517,27R,236,1512.7118644067796,1537.1511027468746,-24.439238340094814,-27.765792465214076,327.4969601841361,187.34875634598222,327.7149189488302,485.04048131674114,25345708.07198665,0.001136603413146789
LEBL,107,24L,273,1265.7326007326008,1229.7550989776432,35.97750175495746,6.034324090230712,301.8599568286748,184.13240109832137,303.44693663031427,510.99104237033,25137851.834637895,0.001127282304099709
LIRF,237,25,204,872.0245098039215,970.916894550757,-98.8923847468354,-61.1347282830954,336.6556990120221,251.0563870885744,350.0874028242689,593.7053274639652,25002482.68171335,0.0011212118072403657
LTFM,B5R,35L,218,1088.394495412844,1042.766925184192,45.6275702286522,21.411650706639534,334.69076311034667,206.99039446078345,337.0251303191967,528.8217304572056,24761734.58573439,0.0011104156950614871
LSZH,A48,28,303,794.6600660066007,778.4487713856113,16.211294620989445,-20.325158296227983,284.7743201361611,132.74117873545737,284.76582406173446,322.19655425451845,24570747.08972829,0.0011018510481708833
LIRF,221,25,136,873.0661764705883,927.3142394365444,-54.24806296595615,-80.17409959589065,423.05935204727035,289.51518530046604,424.97769829474686,625.0993790225691,24562421.99051452,0.001101477717263959
LIRF,613,25,179,1224.7374301675977,1225.2895279662487,-0.5520977986507815,-45.871722839009294,370.08063804723093,238.399293221722,369.04585839679896,625.0612256276182,24378877.362369604,0.0010932468384807837
LIRF,229,25,118,910.957627118644,898.8561865963333,12.101440522310668,-34.80883965378433,455.75172151068637,251.97695338386015,453.97778074142235,573.6111654511412,24319307.39801502,0.0010905754818702619
LTFM,B12R,35L,201,1007.0696517412936,1024.8705629654416,-17.80091122414811,-67.38744239083223,346.97920159393567,235.50242788349624,346.5724467368852,689.0810932914301,24142604.628275417,0.0010826514195150854
LSZH,D15,28,121,653.9586776859504,615.3153805684925,38.64329711745782,-31.988917897854947,444.26918272732763,158.82187230654637,444.11396274404035,300.58924633238655,23865702.64041,0.0010702340215232409
LIRF,232,25,159,880.4716981132076,894.7521156046456,-14.280417491438012,-21.819550794985844,387.7529644185132,232.2710468546,386.79539733963867,545.4959577042831,23788098.025097508,0.0010667539186833598
LEBL,264,24L,401,780.1271820448878,785.313669397822,-5.186487352934168,-27.370415859560467,243.1851851143975,149.30019060098223,242.93714212067118,425.30916201174534,23666400.463725433,0.0010612965109347073
EGLL,507,27R,221,1468.7782805429865,1449.1106342612666,19.667646281719776,-10.763541174347893,326.23050463269203,179.60378384911147,326.0852515893671,424.3771297818914,23499281.678206284,0.0010538022329495541
EGLL,502,27R,187,1521.5989304812833,1536.8608993215078,-15.26196884022408,-47.62342346365449,354.9522323807776,199.50683686507597,354.3307294536845,456.9797016515517,23477899.71117869,0.0010528433796149251
LTFM,B5L,35L,216,1049.2824074074074,1035.9054982351065,13.376909172300843,-28.01109628454583,328.41613950668835,209.2425109436157,327.9279855099126,616.798229354907,23227940.955007322,0.0010416342244158124
LTFM,B3R,35L,179,1087.3743016759777,1072.3342693405864,15.04003233539133,-30.526324103302045,358.9700923272301,214.8221968132718,358.2817943062911,514.3454566988013,22977486.099509053,0.0010304028221290817
LTFM,A3L,35L,182,1098.7857142857142,1102.1108357350836,-3.325121449369453,-30.789511966041516,354.428733156903,211.82827193423802,353.46932687329485,550.2341468723315,22739182.83732735,0.0010197163461233432
LEBL,208,24L,348,926.080459770115,922.6788307797123,3.401628990402846,-40.52316689644351,255.88849889765032,151.87821295603217,255.54321967266898,412.85722419978737,22725213.31799454,0.0010190898967336241
EGLL,508,27L,230,1566.5782608695652,1564.8279405965961,1.7503202729692613,23.424780373660724,313.89427833001974,202.96334769573096,313.21604675693317,592.914871938334,22563987.147589512,0.0010118598672923288
LEBL,262,24L,378,773.2063492063492,777.1824295878341,-3.9760803814848575,-42.84447282480312,244.59313299178973,141.33953269819997,244.30174090231196,372.03408035153427,22560302.74978634,0.0010116946440874145
EGLL,518,27L,216,1492.1296296296296,1453.890220623276,38.23940900635351,16.85213901546649,320.1526426890611,165.63835256351285,321.69153014241317,400.354145490463,22352855.162119295,0.0010023918605344061
LIRF,707,25,167,1344.7844311377246,1390.7467820442328,-45.96235090650826,-59.78941135151149,362.11342295379944,251.1139000749606,363.94159197664897,702.0617378618311,22119731.55587311,0.000991937661117608
EGLL,311,27R,167,1522.6167664670659,1527.2717384349787,-4.654971967912838,8.48391405361599,363.1546990285956,212.5699552235232,362.09569949835543,638.3272897603379,21895920.364398956,0.0009819010678053409
LEBL,258,24L,340,771.364705882353,770.092177641437,1.2725282409157872,-24.812236748403166,253.20157959327227,145.55457155487593,252.83215253319392,397.43347740110926,21734193.1005532,0.0009746485673202925
LIRF,225,25,137,908.1459854014598,916.3227367030127,-8.176751301552748,-64.61938299682004,398.98657106564025,286.54929409204226,397.61183367381045,714.1270516575273,21659038.328010637,0.0009712783252760168
LTFM,A8R,35L,223,1110.8385650224216,1064.19129054654,46.64727447588161,7.570846494514285,307.3974872643654,187.82983149157104,310.2345032415772,489.7361520705714,21462734.681345243,0.0009624752808244929
EDDF,E6,18,186,1373.5860215053763,1321.6576830573144,51.92833844806212,-5.358812765626453,335.6035484452912,187.107271259071,338.70452878163906,499.2077761919305,21338060.953997746,0.0009568844098324326
LIRF,406,25,301,1051.0531561461794,1028.8528240967855,22.20033204939384,2.4726179841609337,264.9929326564698,177.99144764225466,265.482232733441,485.26185912148253,21214725.585037008,0.0009513535562092336
LFPG,J10,26R,154,712.8311688311688,712.6450115017868,0.18615732938201437,-30.220123923546367,372.14046130221385,159.47308263877952,370.9302919280122,423.9908201001832,21188749.346349254,0.0009501886772692031
LTFM,D9,35L,145,1329.510344827586,1302.9847720903267,26.525572737259584,-13.52935237935003,382.3372740898716,237.3656649383919,381.9387999191254,748.5744701414885,21152200.798130948,0.000948549693480212
LIRF,705,25,171,1399.9005847953217,1399.756371645862,0.14421314945981886,14.319318456062774,352.46526099056024,218.8330837933474,351.43317925447604,596.6513806474273,21119402.791235387,0.0009470788990373805
LEBL,268,24L,375,800.5493333333334,787.3574154935661,13.19191783976718,-5.394771980807718,234.63351231896786,132.11263592767978,234.69150838029495,409.8933588771293,20655039.03968177,0.0009262549621618178
LEBL,115,24L,293,1208.1945392491468,1189.1966319135545,18.997907335592334,-18.02766684211724,265.0892784705856,162.89182695346247,265.3175620922719,497.9815040745197,20625268.76509386,0.000924919943403974
LTFM,B7L,35L,205,1064.6926829268293,1037.6893912474925,27.003291679336968,-0.3547551576350543,313.7239838140901,226.63575860581923,314.12068519047136,607.9326380656436,20227719.997228898,0.0009070922589232619
EDDF,A15,18,194,913.159793814433,901.8721595708757,11.287634243557191,-27.38511799366438,323.0054423981889,136.43146743152764,322.3695550643283,297.04448627251213,20160893.22628036,0.0009040954779403059
EGLL,503,27R,197,1488.8578680203045,1502.1659347852762,-13.308066764971976,-19.94630521776139,320.4287526625632,189.93384955811513,319.8913868556014,497.8158507814497,20159108.37872681,0.000904015438202787
LFPG,F86,26R,162,926.8641975308642,900.5156835049422,26.34851402592205,-25.808695696453753,349.49339792334735,167.18449645754959,349.40791917322315,357.02394518201163,19777914.82491579,0.0008869211872510833
LTFM,A7R,35L,223,1077.713004484305,1082.371799596958,-4.658795112652935,-26.4822286707207,296.0787143472782,201.63985051580704,295.45084804247796,526.6297071747156,19465938.404811323,0.0008729309107551598
LEBL,266,24L,402,816.2288557213931,794.4229494947602,21.80590622663273,-9.842120400358056,218.42808234339566,147.40017932911675,219.24333753374495,453.69349510564234,19323191.703280117,0.0008665295749662759
LEBL,200,24L,418,896.3755980861245,885.9495921827645,10.426005903359876,-19.13914530185326,214.911850794447,137.28802864891708,214.90767726585568,400.8237229955564,19305459.474582568,0.0008657343905664914
LEBL,256,24L,326,775.036809815951,771.3970473523152,3.639762463635761,-28.47704959099275,243.56065847494756,148.50036627214365,243.2140487989867,382.6311339369581,19283901.97182186,0.0008647676655041198
LTFM,E1,36,297,1005.996632996633,995.814761044062,10.181871952570894,-32.58461277398976,254.23398025809922,174.37264835949296,254.00976605658107,500.5796960332258,19162725.49187936,0.0008593336251409711
LEBL,103,24L,207,1247.657004830918,1204.0552447797616,43.60176005115638,4.880625605083196,299.41093604727865,157.94480582607702,301.8525223532292,506.4547586640161,18860793.66695839,0.0008457937886618275
LTFM,F3L,36,255,819.2313725490196,811.6905945703212,7.540777978698417,-9.545392333943482,271.09972750679844,163.79564413003442,270.6726983948982,441.22070105638034,18682245.96237576,0.0008377869920135839
LTFM,B7R,35L,202,1063.0891089108911,1059.8584823602016,3.230626550689483,-19.61868153563438,303.0119760116521,202.88955620811987,302.2782801089934,499.8960704004732,18457176.042381518,0.0008276939522557059
LTFM,D2,36,240,1069.0833333333333,1041.3549400274926,27.72839330584086,-19.96923775801679,275.9731838528195,176.5214463433317,276.79003536133257,543.489948026018,18387053.682078656,0.0008245493838012845
EDDF,B43,25C,118,964.1355932203389,912.7397094235623,51.39588379677655,11.307083536788411,392.7066607289551,175.48643520840773,394.40223329776734,308.93853599576914,18355268.352371447,0.0008231240018734804
LEBL,114,24L,306,1217.3660130718954,1204.882272007621,12.483741064274387,7.209426999121092,244.8590186518645,169.31288081521333,244.777140200812,512.9544684077367,18334249.59965572,0.0008221814365283368
LSZH,E20,16,108,1206.648148148148,1139.2155698645508,67.43257828359725,33.50554858426358,407.87998717274473,210.0848051378614,411.5492799737358,490.5484326674796,18292263.46346524,0.000820298609441265
LSZH,GA6,28,278,379.65107913669067,387.97305689509903,-8.321977758408364,-32.74666489709129,256.56382906711644,144.455878663978,256.23714236944585,370.3075407294884,18252777.53004539,0.0008185279014946249
EDDF,B47,18,247,945.3522267206478,931.0771547448752,14.275071975772619,-14.24339530954228,270.77360108084736,129.29179286385346,270.60170976043554,301.11049450992556,18086645.47534194,0.0008110778724848719
EGLL,512,27L,224,1537.4107142857142,1553.16482305759,-15.75410877187559,-25.253774806234787,283.43911026621385,168.23757032038685,283.24418898679295,411.57684768978476,17970908.61323208,0.000805887766446905
EGLL,520,27R,222,1633.2342342342342,1627.4117888030817,5.822445431152517,-8.052668344845188,284.94727148213525,190.26066101732266,284.36438839813,513.7313169100546,17951609.396367446,0.0008050223120000574
LTFM,E2,36,300,1003.0433333333333,994.320186419815,8.72314691351836,-23.097225902987248,244.54185098009563,164.5482245080403,244.2897346388305,458.05446585100566,17903242.334973067,0.0008028533385822072
LEBL,117,24L,233,1270.0858369098712,1269.559783523793,0.5260533860785788,-32.952101896314616,276.687191175512,186.1083660555,276.0933045547593,604.3602708784474,17761010.487052325,0.0007964750908983886
LIRF,708,25,158,1371.4746835443038,1422.727006355073,-51.25232281076913,-37.321729251918214,332.211849792338,234.4828819882947,335.1014814847474,676.4755745909567,17742294.45713706,0.0007956357888981513
LTFM,B14,35L,125,1168.304,1079.782069940209,88.52193005979085,12.716981995974947,366.4850105734774,243.39002377743407,375.59673184514264,751.0384348932553,17634113.121593997,0.0007907845030367425
LIRF,224,25,109,906.2293577981651,950.0988913482963,-43.869533550130974,-88.14784944381245,401.41697991504526,295.73320792788815,401.9724114372773,811.5719807277986,17612418.331680268,0.000789811621466679
LTFM,G2L,36,286,800.0769230769231,780.1956559865603,19.8812670903628,-13.422433992828303,247.1858329057021,151.48279602617188,247.55294682901317,463.32764468820517,17526783.98434627,0.0007859714331718412
EGLL,507,27L,223,1568.9775784753363,1580.1765137868804,-11.19893531154432,5.372101740389553,279.43427382918014,185.99546198790844,279.03186065087857,470.97351145245426,17362507.774598964,0.0007786046277084745
LEBL,212,24L,343,880.5685131195336,916.8179444916904,-36.249431372156685,-42.86807648659317,222.19767022448391,134.36315402115284,224.815223698386,397.3470609705955,17335866.48864848,0.00077740992537639
EGLL,518,27R,230,1544.0608695652174,1512.434741886808,31.626127678409173,5.650456882029857,273.30856182479846,181.059528097948,274.5414538377348,475.6914857294812,17335792.271327525,0.0007774065971734423
LSZH,E42,16,103,1194.2038834951456,1142.3577046651098,51.84617883003562,1.2661647539350724,408.86825163300733,219.4965388817959,410.16854123374765,465.12650880958734,17328537.918435514,0.0007770812828348642
LEBL,224,24L,412,830.7694174757281,813.6023464446508,17.167071031077327,-10.387363565521241,204.0767685901971,132.5229777162692,204.55060513158244,435.33718208203214,17238471.424594983,0.0007730423392780869
EGLL,519,27R,224,1581.3348214285713,1612.8717702634272,-31.5369488348556,-30.830648772324366,275.7505870550335,175.17466278308308,276.9359281882449,410.3954343927364,17179345.864012577,0.0007703909115187474
EGLL,509,27R,226,1487.8053097345132,1521.6041962727224,-33.79888653820898,-42.33422657131257,273.5748811584639,181.80979260211151,275.05347782075046,463.96941144804174,17097897.939451557,0.0007667384592460845
LTFM,F6L,36,253,1033.909090909091,1021.980929935418,11.928160973673089,-15.820328920058273,260.0178395734192,176.55462993335883,259.77745779258464,455.27085081497637,17073534.87702606,0.0007656459216129326
LEBL,240,24L,272,812.9632352941177,786.2635818598101,26.699653434307635,-10.104727804990375,247.53038568812735,150.8993551194006,248.5133823963536,505.9468711280464,16798421.134580746,0.0007533087157325991
LEBL,106,24L,285,1282.0140350877193,1276.0450572492534,5.968977838465837,-37.779090026107724,242.94652101635987,158.35082135246387,242.5933685870451,499.13077508160984,16772689.607486825,0.0007521548106439204
LTFM,A3R,35L,172,1137.2151162790697,1093.6715547480103,43.54356153105959,16.412483554297012,309.718104174095,218.95231330337262,311.8711922378877,636.3793357819427,16729346.17423562,0.0007502111169017334
LEBL,112,24L,335,1252.0358208955224,1249.9699447016299,2.065876193892543,-22.67357089328266,223.6819082654781,148.42772853585197,223.35735920620394,452.1200280517732,16712650.820375687,0.0007494624301368184
LTFM,B9L,35L,205,1031.819512195122,1039.507927026945,-7.688414831822928,-35.65431549847176,283.6545633157276,212.92911016147636,283.0663096172287,551.0095271597789,16425939.806264939,0.000736605155986122
EGLL,521,27R,213,1535.24882629108,1522.4332650156457,12.815561275434034,11.804080937976778,277.97754010477195,172.94443357966085,277.6201980369814,424.45876461523903,16416543.538273757,0.0007361837895662419
LEBL,252,24L,260,801.2192307692308,788.136104375436,13.083126393794727,-17.8656642819912,251.3664814042492,145.43712702926987,251.22351904974312,450.3323085809115,16409446.696171528,0.000735865538644506
LTFM,D4,36,248,1013.008064516129,1011.5060272269698,1.5020372891591491,-33.7766488174172,257.7372514006048,177.96568485548966,257.22148055319525,438.29258848979254,16408396.734378494,0.0007358184541379597
LTFM,F12R,36,278,994.0,971.8339714599521,22.16602854004785,-13.074068726508813,241.86245307012499,162.19209907644694,242.44248092686428,454.4065668026304,16340383.123116482,0.0007327684504654925
LIRF,711,25,199,1324.4170854271356,1349.0140804755197,-24.596995048384077,1.7124018606891696,285.75544928196416,196.49094308349302,286.0958867461086,595.2423111621837,16288320.426195398,0.0007304337498980409
LEBL,102,24L,205,1254.1658536585367,1240.303287341832,13.862566316704774,-17.929869244686415,281.69245349996044,189.09994069854523,281.3462863075239,639.2204231249077,16226925.227902215,0.0007276805424621838
LEBL,226,24L,394,855.4771573604061,826.550771296469,28.926386063937123,12.595166816554979,200.97370036491768,132.1903851264936,202.79213562619458,354.94982575381937,16203112.20710216,0.000726612670906108
LEBL,232,24L,371,820.2749326145553,794.1908453916482,26.084087222907048,4.193929979559925,207.3855219164042,130.92353936255282,208.74196450224485,386.4501472301997,16165660.073119141,0.0007249331666999587
LTFM,B12L,35L,191,1011.696335078534,995.380076680247,16.316258398286976,-18.094102986200483,290.897618633285,211.7570950431774,290.5935317710412,567.0426800851603,16128918.735068925,0.0007232855374400916
EGLL,511,27L,232,1541.5560344827586,1563.6359558760769,-22.079921393318163,-17.62265935648179,263.0812992400916,181.12909486179305,263.4406315353037,443.1335041259345,16101024.191742959,0.0007220346340105084
EDDM,309,26L,197,804.4517766497462,745.7487812815995,58.7029953681467,24.13928525326662,280.32783275588827,137.5781646256465,285.71110143592904,343.3186751261,16081274.19629515,0.0007211489648403334
LEMD,583,36L,121,937.3388429752066,865.2349216487571,72.10392132644955,-1.5588451892945159,358.43432754552845,173.4868118562897,364.1598061190298,441.12328345408264,16046096.091510572,0.0007195714372426578
LTFM,G10L,36,317,889.5552050473186,865.5853482453323,23.969856801986165,-2.062753442856888,222.84377037218044,148.11918120042776,223.77945826301539,377.19315065033675,15874486.963134898,0.0007118757942373429
LIRF,222,25,125,842.096,924.4504940505668,-82.35449405056673,-75.63834105825686,346.8841877820859,288.8283909287053,355.17358193663046,643.2573567068599,15768534.163212046,0.0007071244448695234
LFPG,D20,26R,115,1078.6521739130435,1056.914125150756,21.738048762287416,-40.39637543725644,371.22539895872524,217.19804681945186,370.24654837030596,754.1067490962303,15764488.25671441,0.000706943010161863
LFPG,F08,26R,162,971.4012345679013,959.5743918265108,11.826842741390369,-23.762971076224403,311.9028232958153,173.05622502304718,311.16351128019045,405.7804868449993,15685282.381859189,0.0007033911004086996
LIRF,228,25,124,939.0,913.4735805199518,25.526419480048162,-2.354428026913297,355.85721052294,263.21091341939155,355.3374559204945,654.5163840712338,15656823.739926124,0.0007021149005304886
EGLL,330,27R,118,1315.906779661017,1305.510509979499,10.396269681517738,-39.204170241097756,362.89890991601226,191.19003813564257,361.50745037310736,513.0743030855992,15421141.127681235,0.0006915459450001847
LTFM,E3,36,295,1008.8474576271186,999.1164142944799,9.731043332638857,-8.910745873033989,228.75035072301515,161.7079209633411,228.56954617437495,382.0253077475975,15411991.044316117,0.0006911356184883415
LEBL,260,24L,372,772.9059139784946,769.0250581421074,3.880855836387154,-25.95172437410787,203.60336269736314,128.66305626584116,203.36655077619406,335.02464030421504,15385158.878553549,0.0006899323563383462
LEBL,104,24L,231,1255.2857142857142,1247.103776396901,8.181937888813591,-32.00451235396258,258.0249864447407,157.0815252283003,257.5958580348099,554.2481121904932,15328149.623715375,0.0006873758322339104
EGLL,519,27L,221,1473.3846153846155,1509.2252534632885,-35.84063807867318,-45.24751917363619,261.1289057619864,179.0590116900203,262.9910880503413,468.14243700440966,15285313.039052429,0.0006854548676194215
LEBL,202,24L,367,892.9618528610354,900.6168433038787,-7.654990442843281,-28.58811056080424,203.03384173554386,130.89659042670965,202.9014938927626,345.890152487468,15109028.954176722,0.0006775495807762166
LTFM,G6R,36,290,879.7793103448275,847.1630814263904,32.616228918437194,6.237244916329814,226.27762813321937,148.0991738074834,228.22976637982137,420.3801015866168,15105759.615918472,0.0006774029705094013
LTFM,G7R,36,290,827.4551724137931,819.7151488308417,7.7400235829514195,-19.92582246593065,227.72037184702828,148.5717344407893,227.45913911807787,413.54321327684295,15003921.39081776,0.0006728361352128876
LTFM,F6R,36,280,1027.5428571428572,1037.118060946031,-9.575203803173718,-28.688835655393234,231.66763625157367,165.52082267151062,231.45172287655723,419.15085840414025,14999572.006307462,0.0006726410913314757
LTFM,F17,36,206,952.7281553398059,927.8496288536375,24.87852648616825,-16.0065048729939,269.0191614717253,172.52397658046644,269.5161095072661,494.5718193011986,14963620.256490126,0.0006710288703812886
LTFM,F1L,36,259,800.1119691119691,812.5917674472138,-12.47979833524462,-45.66216191472233,240.48067144409697,170.2599600625818,240.34020298436909,439.09397970902523,14960724.011177044,0.0006708989911015774
LTFM,F12L,36,256,1012.7421875,999.1673990816415,13.574788418358516,-15.880193443023757,240.8713651938486,164.54138119008698,240.78341445225448,412.81905166479635,14842023.084873253,0.0006655759645127211
LEBL,210,24L,338,900.7248520710059,906.8964088912599,-6.171556820253798,-28.215334715124186,209.42740579466897,133.7407333530136,209.20842137989982,332.5928376597694,14793639.288779167,0.0006634062406436801
LEBL,234,24L,369,808.8590785907859,797.8696274918324,10.989451098953563,-8.058704738775191,199.95899015728796,123.45717577151557,199.99002261793999,334.0378357345474,14758527.375141209,0.000661831681323038
LTFM,F5R,36,263,822.1673003802281,841.8658942636908,-19.69859388346273,-51.7297613024748,236.48868674406864,168.11006879312572,236.85920660383061,460.22510139384946,14754900.62703798,0.0006616690433623605
LIRF,605,16R,124,1486.024193548387,1450.919430085945,35.10476346244207,13.456065643935517,342.7608520721015,241.1648522145216,343.17617405599657,670.4201439062062,14603465.918524243,0.0006548781024236917
LEBL,111,24L,265,1256.9132075471698,1253.144046481481,3.7691610656888015,-36.086719562809776,235.01619597179658,147.4951028142443,234.60262997642835,443.4036565255036,14585174.407842092,0.00065405783757199
LTFM,G4R,36,298,809.7986577181208,780.379948726379,29.418708991741685,6.07258502239614,219.10986012695747,149.66629594487742,220.71132000377222,394.75106049579335,14516619.059786648,0.0006509835402444908
LFPG,E20,26R,143,1051.13986013986,1175.050463476174,-123.9106033363139,-131.10204762320677,293.7932596657788,225.67263068859913,317.90677766602585,568.6872233343465,14452254.857897425,0.0006480971907551026
LTFM,D11,35L,130,1269.2846153846153,1246.2421158378636,23.042499546751795,-16.388794830842357,333.5897126249371,230.81947010436744,333.1021420354924,654.3605431181456,14424414.813722339,0.0006468487312864743
LIRF,223,25,102,859.2549019607843,923.1556525874765,-63.90075062669221,-68.85665334468183,372.05033552626537,253.00567660148062,375.6962669969162,792.9757472510153,14397063.873612653,0.0006456222052098247
LTFM,C4,36,191,1131.2879581151833,1134.3094993291882,-3.021541214004795,-42.87358663237126,274.724023437563,197.0761734522165,274.02056611649,436.5886029385558,14341668.69506712,0.0006431380627732471
LTFM,F18,36,201,963.4378109452737,939.3448157948766,24.09299515039711,-3.9670330646755474,265.93981262670263,171.88070426242206,266.369284525499,467.05669163105256,14261471.743463876,0.0006395417091556118
LFPG,E34,26R,128,825.3046875,816.4263730389762,8.878314461023766,-40.961334648482534,334.86126891347203,169.3401141061308,333.66879100940605,368.0267417807896,14250862.347990874,0.0006390659412239451
LTFM,G8R,36,321,815.0560747663551,820.8906849340563,-5.8346101677011015,-26.650161828137698,210.77558961281946,154.04322429753793,210.52788891443572,365.8437611043531,14227359.435456844,0.0006380119761688282
LTFM,G8L,36,313,795.4313099041534,788.0318072470561,7.399502657097207,-16.962950680139443,213.16818789873366,151.42732462656116,212.9559839308282,379.3806339313869,14194628.591779463,0.0006365441935946257
LTFM,G5L,36,304,841.1644736842105,829.2224128970894,11.942060787121056,-27.027662134283673,216.052290928061,156.06315392276824,216.02698264277268,419.38548449206417,14186967.797841204,0.0006362006528060667
EDDF,E2,18,154,1253.9415584415585,1241.6374621920365,12.304096249521637,-28.87412632196697,304.1465420972853,168.77848778333097,303.40703232273853,378.5031803105439,14176597.398485262,0.0006357356024208029
LIRF,603,16R,138,1514.3188405797102,1511.4565724808829,2.8622680988269957,-23.592984347120932,321.3058957803109,225.99320671691257,320.1524224028067,644.4420182468872,14144665.152713152,0.0006343036321861999
EDDM,113,26L,182,1150.1648351648353,1127.4683998856506,22.69643527918466,-30.569905805990118,278.23720963249434,180.4923586048769,278.3984746083581,532.006084331256,14106039.340895427,0.000632571495548987
LTFM,D7,35L,125,1277.192,1335.2577352182443,-58.065735218244356,-94.25970447645045,331.97271731803863,254.13582245495752,335.70205178045825,698.4057264791735,14086983.446201187,0.00063171695264616
LTFM,F2,36,276,1045.1884057971015,1050.2685014472904,-5.080095650188937,-24.96910328981994,225.5215326156052,169.19627039560226,225.1699221069559,422.909812339857,13993612.294776116,0.0006275298149620297
LTFM,A5R,35L,169,1119.715976331361,1093.4799801849986,26.23599614636248,-4.642243745352857,287.3979164519984,188.35124548538283,287.7449337557022,521.8741010564809,13992717.826450415,0.0006274897034074795
LEBL,230,24L,399,828.2230576441103,797.5119727094933,30.71108493461699,1.598987286815941,184.70506349985968,122.05843589659871,187.0123727457393,339.8578383333636,13954477.396436544,0.0006257748488391826
LTFM,A2,35L,151,1244.8807947019868,1176.9840245409846,67.89677016100222,10.596988968141204,296.4870660044872,204.02334998278354,303.20356555915015,673.0618826740667,13881792.727335062,0.0006225153761604336
EGLL,508,27R,229,1458.9650655021835,1502.2617189931127,-43.29665349092927,-14.262495687294631,241.98396467026586,170.72261018399627,245.30620713697692,466.7757048049281,13780105.974523839,0.0006179553334901405
LTFM,A6L,35L,194,1104.659793814433,1101.0746405172067,3.585153297226472,-25.289505893928435,267.04678098434493,194.92378584066023,266.3817537042339,539.8852553507625,13766092.309069367,0.000617326904410905
LEBL,242,24L,262,810.2824427480916,782.1083370112127,28.174105736878865,-22.362574542834636,227.45886317307483,143.665141908295,228.7659134674122,417.4753222425554,13711466.909119837,0.0006148772819402758
EDDF,A17,18,265,865.3018867924528,886.9964699216562,-21.694583129203323,-36.8311850021272,225.40107945108008,133.96950226947502,226.01898622386375,311.54642653560734,13537414.265420726,0.0006070720618874859
LTFM,F4R,36,274,1042.9379562043796,1039.2039428812282,3.7340133231512964,-5.0796316174573235,222.6387965428797,169.2337691131094,222.2635178093391,425.1072917006745,13535893.549621176,0.0006070038668793494
LTFM,G9L,36,329,855.8480243161094,843.8048801404597,12.043144175649655,-20.599754895713886,202.64961522654835,141.9889538192512,202.69948339972535,392.3573698595253,13517649.507699609,0.0006061857307176468
LTFM,B4,35L,137,1316.036496350365,1315.8642114020233,0.1722849483415993,-24.24476860861637,314.63924038063305,232.09672707892574,313.4888661723466,713.196614788139,13463711.88232121,0.0006037669508229207
LTFM,A10L,35L,207,1108.8502415458938,1123.7882223674346,-14.937980821540988,-13.496312100020532,255.03110077541373,185.5695050343362,254.8525035568412,460.0012397373425,13444608.30382228,0.0006029102695866526
LEBL,116,24L,276,1210.2246376811595,1227.5147548105813,-17.290117129421922,-31.369514411626028,220.07102549312498,146.7221369811937,220.3513758654109,421.81700076922084,13401105.161435166,0.0006009594138449479
EDDF,B24,25C,192,743.4010416666666,731.3005269972281,12.100514669438672,-19.878641037858017,264.0778453432409,151.63592721118283,263.6670566266064,396.82147863829977,13347900.816026509,0.0005985735171710824
LTFM,F8L,36,231,1007.3463203463203,995.6020803594522,11.744239986868081,-5.426903579981854,240.55198748061704,150.21051374165097,240.31788717949323,385.6216428376184,13340870.673534013,0.0005982582573279095
EGLL,502,27L,186,1656.3870967741937,1684.3838203373846,-27.996723563190866,-6.585062354522165,266.47115876610997,174.19206589553485,267.2245078082908,424.25318232979913,13282062.388649289,0.00059562105748597
LIRF,703,25,121,1554.5206611570247,1570.490679437635,-15.970018280609937,-74.59680913033685,332.1570687366805,253.28523175662863,331.1669601757681,707.4400225078343,13270258.216959115,0.0005950917109869764
LIRF,227,25,127,901.9448818897638,936.3038653763364,-34.35898348657275,-31.476206241068667,322.648740691927,247.63331630100666,323.2074367591114,709.2511771282715,13266806.991402162,0.0005949369441626907
EGLL,505,27R,203,1446.192118226601,1470.027942928816,-23.83582470221533,-23.398703262690105,255.07918023817663,175.3843925931606,255.56411245823386,527.8923332041221,13258542.162042655,0.0005945663159982531
LTFM,F4L,36,283,1043.243816254417,1035.8247033128364,7.419112941580525,-9.317753206820385,216.25549914252872,163.5452413059363,216.0005363531495,410.0424498316855,13203713.572472056,0.0005921075816884058
LTFM,A6R,35L,192,1094.1770833333333,1071.265107709639,22.91197562369439,-3.6629905111501557,261.5954121192447,170.71934548799712,261.917354848211,445.64720786570405,13171334.54797127,0.0005906555761000265
EGLL,521,27L,215,1495.1162790697674,1481.916412138183,13.199866931584651,7.090723720919186,247.69514851839645,171.80937890078675,247.47072720487225,376.85003527560843,13166978.577011283,0.0005904602368557399
LTFM,A5L,35L,178,1086.3314606741574,1075.5265789299833,10.804881744173809,-29.582654680809753,272.4437330935317,189.02531186828227,271.89213943717897,541.9419261878182,13158709.716815293,0.0005900894279323946
LEBL,113,24L,322,1226.024844720497,1211.2255528094233,14.799291911073574,-7.499756034128836,201.58711036530727,140.7551596525041,201.8171923192306,384.86034559296314,13115117.675228775,0.0005881345855933071
EDDF,A21,18,318,876.6383647798742,859.1585085205529,17.479856259321455,7.236987326019857,202.5534084032402,136.49597904535293,202.9886945862061,401.2806931440837,13103002.421280231,0.0005875912889156232
LTFM,G11L,36,320,919.4875,899.7335200321738,19.753979967826094,0.42749479459371287,201.27934609937395,139.5446786644751,201.93313396608912,369.08268574193454,13048636.98987728,0.000585153324479424
EDDM,209,26R,177,784.8248587570622,776.5841849915561,8.240673765506058,-14.695054263542147,270.558039807412,130.50063809010786,269.9184931568447,414.59476152437827,12895510.751806907,0.0005782865285572585
LEBL,108,24L,295,1198.5016949152543,1200.4348472480622,-1.9331523328081102,-13.078827373484273,209.28904075093575,142.82690118679085,208.94295544645442,359.7288855377458,12878861.796056217,0.0005775399224700339
LTFM,E4,36,288,1019.34375,1014.8449212881723,4.498828711827907,-37.948594117803964,211.77644082879848,159.8944315896526,211.45631640974707,407.9411658709581,12877566.839878771,0.0005774818514306698
LEBL,254,24L,287,783.0313588850174,784.8724049368318,-1.8410460518142457,-32.96622818229014,212.10395095261646,136.0892452923044,211.7421133061371,374.0903966377604,12867565.371089164,0.000577033345374715
LFPG,K71,26R,104,1003.4519230769231,977.4164600017625,26.035463075160536,-25.27574670433421,352.1812834795639,216.16812847406334,351.44969723953585,593.1538928634525,12845756.527735189,0.0005760553491900153
EDDF,A26,18,334,835.5119760479042,837.5201435952247,-2.0081675473205816,-17.669663845432694,196.34289687825,115.15352734774663,196.0590348173057,291.01296406803766,12838674.474586826,0.000575737761464407
LTFM,D15,35L,106,1222.566037735849,1217.9760200628346,4.590017673014701,-38.100513268947395,349.44384760316797,231.12521272664463,347.8219088831486,620.1982798328208,12823888.511706434,0.0005750746994647666
LTFM,F7R,36,280,871.2571428571429,863.667777822145,7.589365034997901,-20.659568953269172,213.93679126781976,152.84637175128478,213.68923365846243,387.68151032625906,12785664.802831467,0.0005733605947395395
EGLL,509,27L,222,1549.7657657657658,1578.3899722281753,-28.624206462409717,-33.94093786011024,238.3905447485371,167.17635885479712,239.56920878248883,462.335336300013,12741336.086860236,0.000571372716960382
LEBL,105,24L,196,1276.5255102040817,1314.2261670113073,-37.70065680722585,-67.58754872818906,252.67742332845657,168.244520665275,254.83617383833857,445.84870116368415,12728529.197326528,0.0005707984045634088
EGLL,309,27R,162,1408.8765432098764,1405.0746767560277,3.8018664538490445,-9.969081596047829,280.5418986367423,177.0417782667023,279.7005281000054,564.8253432762825,12673646.437946348,0.0005683372410615939
EHAM,H05,24,124,795.8064516129032,785.5890847053188,10.217366907584399,-5.8512890780870634,320.6446623889888,141.07145374591974,319.5125302897858,400.01611084313646,12658943.869510477,0.0005676779188040042
LTFM,A11,35L,131,1230.8320610687024,1298.0541776419986,-67.22211657329613,-64.37345495530326,304.4427133221698,221.96096211977158,310.6391101841889,654.5649488728543,12641062.037659228,0.0005668760255975598
EGLL,501,27R,195,1486.4871794871794,1524.549558163609,-38.06237867642953,-51.0147607794986,252.24447956445337,191.97710360449327,254.45967934160154,522.261168659356,12626197.040072981,0.0005662094193640721
LTFM,F3R,36,272,812.8713235294117,817.4852225455754,-4.613899016163733,-26.630801783319725,215.62850554212932,154.82372747598487,215.28121276118236,402.0686944366442,12606112.154475726,0.0005653087323736883
LTFM,F9R,36,262,858.0763358778626,862.9134162031785,-4.837080325315876,-30.015634466370443,219.4770615705931,159.40588447600476,219.11120977886927,444.4685161427978,12578547.229699029,0.0005640726103645756
LIRF,509,25,110,1032.5363636363636,1037.4229520098017,-4.886588373438313,-38.020127054566046,339.499684261066,207.9199287166827,337.9883072736672,581.621067794211,12565970.543909077,0.0005635086212286503
LTFM,C3,35L,101,1213.029702970297,1196.8393094283083,16.190393541988666,-44.36584412542925,353.84680537764064,249.46957914997054,352.46278057481686,770.5696473649778,12547231.180743681,0.000562668272871702
LTFM,F15,36,189,986.4338624338625,980.5978224906579,5.836039943204488,-33.605685347055214,258.0769418286758,172.45058185591614,257.45944669975046,443.49860185703665,12527934.30534397,0.0005618029234255518
LTFM,B1,35L,166,1167.6385542168675,1156.5143234224613,11.124230794406197,-14.618192806840284,275.1739638702363,192.84011925328682,274.56931737730974,559.539519125652,12514459.46747695,0.00056119865754086
EGLL,226,27L,210,991.2,1003.4274535696402,-12.22745356964022,-24.268774035285333,244.1987114074014,151.9183951002399,243.92325546457766,340.65451585804084,12494696.456851901,0.0005603124047178303
LFPG,F82,26R,129,893.5813953488372,876.3484153669634,17.232979981873836,-18.84873240076729,311.65818555162747,149.71338405596174,310.92579193682343,349.4560642058376,12471055.403808765,0.0005592522448871049
EGLL,543,27R,100,1597.22,1613.8326172811464,-16.612617281146704,-66.40099089680973,354.3761139459531,216.8902989090372,352.9909133207407,691.4280980600297,12460258.488701066,0.0005587680678213858
LTFM,A9,35L,189,1081.7354497354497,1116.5587633221605,-34.82331358671084,-38.46047292286585,254.92902857932577,180.11170556374233,256.6273887293438,514.8208907225741,12447089.54610189,0.000558177519509883
EDDM,207,26R,163,790.3312883435583,789.6219461223084,0.7093422212499138,-35.57757141769525,276.79850980783493,129.1135652323521,275.9490400549204,379.67706161142866,12412103.251278825,0.0005566085934417568
LEBL,110,24L,280,1236.4928571428572,1247.5808324369682,-11.08797529411126,-30.24486879015342,209.4111006083367,144.61609998372924,209.33068185200395,382.8861175353025,12269413.622094972,0.0005502098170062992
LFPG,F32,26R,153,954.5294117647059,937.8411679059667,16.68824385873907,-35.421671179796476,283.4424831979507,163.5300794317112,283.00714314281805,473.6461392106905,12254235.589688504,0.0005495291730334005
LEBL,270,24L,190,915.021052631579,901.6990966877048,13.321955943873917,-25.61311752635146,254.22329419506323,152.21359778565733,253.9031363458063,452.53090082214885,12248692.50278505,0.0005492805987392462
LTFM,B3L,35L,182,1063.3626373626373,1061.73653806467,1.6260992979672724,-21.37043326565555,259.874282779465,191.8972570125443,259.16446049344535,513.9124757605383,12224251.600080267,0.0005481845704351347
LTFM,G7L,36,306,804.0718954248366,802.4218915690377,1.6500038557988719,-24.269723937894696,200.02723799909197,141.42212612833737,199.70694502788095,379.1417727721794,12204156.351064932,0.0005472834187074341
EGLL,515,27R,212,1555.1650943396226,1556.5763086845957,-1.411214344973073,18.641622140989,240.38428872740815,164.44837562513803,239.82082665069692,522.6337533479438,12192974.125829807,0.0005467819627870582
LTFM,D6,36,174,1097.0114942528735,1074.0056053091046,23.00588894376919,-2.6851920169536925,264.4247394875548,185.31664303633738,264.6655855103983,605.9176238073859,12188329.754719779,0.0005465736905209773
LTFM,F19,36,194,927.3092783505155,906.6558401859056,20.65343816460987,-5.303922339285236,250.35677377169927,172.23471891437762,250.56335238176425,467.77459543878285,12179706.750016905,0.0005461870003346534
EGLL,506,27R,194,1415.4278350515465,1438.4794284747206,-23.051593423174054,-24.44246324011226,249.91770549137186,173.30410233726133,250.33633893884772,443.62705877889834,12157646.823101293,0.0005451977445539571
LTFM,A7L,35L,211,1070.004739336493,1064.6038232393892,5.400916097103855,-11.964623286688038,240.21204898328273,177.08606100659304,239.7030037150736,494.16480283153953,12123538.827896034,0.0005436682049705379
LEBL,228,24L,398,800.2412060301508,795.3647815636376,4.87642446651312,-1.684424004076618,174.02685242075543,117.58109647601296,173.87648215466476,365.79787209278857,12032746.356499618,0.0005395967056624852
LTFM,F14,36,190,1011.7157894736843,1007.1894614451107,4.52632802857358,-23.234187665291756,252.14652430159427,170.71944976382963,251.52283593316764,487.6750896861753,12020110.029214002,0.0005390300419621981
LFPG,D24,26R,117,1060.08547008547,1070.4597078839479,-10.374237798477893,-7.680810783459378,321.3149526130126,176.80100398947013,320.10701683276216,392.75279605784925,11988814.760391722,0.0005376266363340055
EGLL,218L,27R,213,1203.173708920188,1221.1386033063645,-17.96489438617673,-28.756861164241172,236.75872495946115,167.45226023055625,236.88449442291883,429.6281259129793,11952338.167674396,0.0005359908793188641
LEBL,250,24L,199,809.8793969849246,787.5959888713757,22.283408113548955,-14.559414260124868,244.24704554490376,145.43712880674852,244.6495197793174,368.73018124455285,11910824.11812187,0.0005341292224939322
LEBL,248,24L,205,769.3170731707318,759.6674330618006,9.64964010893112,-26.957861055728472,241.41002781666987,141.42138003322415,241.01375530857845,376.8624745866104,11907964.200828383,0.0005340009723086203
LEBL,UNKNOWN,24L,124,853.8790322580645,877.0821121170128,-23.203079858948474,-37.56916150834621,309.38264640284666,200.41313663329262,309.00499753978556,597.9178648878809,11840026.974565797,0.000530954394046515
EGLL,217,27L,222,1109.3513513513512,1125.190106338437,-15.83875498708574,-23.712581048315656,229.92817491667338,166.86979749492065,229.95584857810465,456.9526405990644,11739291.689551316,0.0005264370190161318
LTFM,G6L,36,289,836.0103806228374,837.3987295969243,-1.3883489740870223,-24.714835975135088,201.47149598270937,142.68258279320165,201.12741915725218,461.08123803777926,11690696.994951677,0.0005242578376105107
LTFM,B15,35L,121,1148.4297520661157,1087.1406055351388,61.28914653097676,38.136658313710086,305.6780123193971,232.22323703676398,310.52082565800015,656.5198984162448,11667205.16324646,0.0005232043694642911
LTFM,C1,36,173,1116.300578034682,1086.514999131048,29.785578903634164,-3.336105199328813,257.94354801689843,176.87119781772134,258.9159323544661,526.1803616228212,11597480.58466797,0.0005200776391410564
LTFM,G9R,36,297,852.6060606060606,839.2212889890745,13.384771616986134,-3.8150373166951113,197.39784337374513,133.95645350721188,197.51927079273977,379.252193903654,11587117.113345213,0.0005196128994366441
LTFM,F7L,36,245,859.4204081632653,870.9558230990971,-11.53541493583161,-36.00309376086602,216.9570531158899,148.80136399442875,216.82090481381664,412.8776670550153,11517769.667249124,0.000516503081249598
EGLL,513,27L,211,1596.9905213270142,1596.8979379865168,0.0925833404972657,-17.09404845717404,234.15348517926907,175.6778409300852,233.59797846094057,466.9309513914362,11513851.27915903,0.0005163273649798222
EDDF,A34,18,335,820.2268656716418,805.5987243982345,14.628141273407358,-10.27156771150544,184.03386095310248,110.45532991914096,184.34029567059181,289.74478469547523,11383750.443653606,0.0005104931206466702
EGLL,520,27L,222,1539.162162162162,1500.4281461403723,38.734016021789834,27.78209295026852,223.1576819652118,167.232466316657,225.99856994297886,491.2393511516617,11338728.502812274,0.0005084741558782994
LTFM,B1R,35L,127,1121.7007874015749,1074.1114438290758,47.58934357249914,-3.4438518594066636,295.8521094828466,203.44033012629117,298.50295769143264,695.8045450716828,11316210.00031772,0.0005074643357256499
LSZH,A57,28,330,727.4181818181818,697.7269891696033,29.691192648578593,6.107809536663069,182.83011429420966,112.93262215405606,184.95168051894206,268.7863273002023,11288350.961837666,0.0005062150244760496
LTFM,A10R,35L,202,1121.6386138613861,1135.7241199768623,-14.08550611547615,-34.256009652132434,235.95582816890715,169.88054961615813,235.79214312791478,452.4466019074603,11230782.82169272,0.0005036334377083247
LEMD,556,36L,153,956.7581699346405,928.4284371957242,28.32973273891641,-20.539455552290292,269.5510036485358,140.66597867385897,270.1581575894555,369.9631346026025,11166770.80715575,0.000500762881715236
LTFM,A8L,35L,231,1070.7445887445888,1059.7658311121934,10.978757632395432,1.5578857265004444,219.72387623582466,162.57085155700878,219.5224742883699,429.2225515397723,11131916.961785935,0.0004991998952129015
EGLL,513,27R,217,1500.1566820276498,1500.4766151936003,-0.31993316595063137,2.3000570531901303,226.81132094490238,146.48229399390746,226.2883369074501,436.4841142586119,11111791.278213702,0.0004982973786773546
LTFM,G10R,36,327,856.2140672782874,864.8007984859929,-8.586731207705487,-36.50592315039967,184.26907469465462,137.32110797554554,184.1873655823404,379.18191636909273,11093470.304333206,0.0004974757925774279
LTFM,G11R,36,300,891.02,895.4605788680382,-4.440578868038086,-26.344888303755795,192.3656481503624,138.35392620467206,192.09610317155818,360.10185197549595,11070273.856109377,0.0004964355706136459
EGLL,217,27R,206,1162.5825242718447,1209.1761235586787,-46.59359928683423,-19.394456549800623,227.44346958470717,174.35898157057605,231.62550866549338,489.2306381351566,11051977.510497,0.0004956150889442415
EGLL,323,27L,122,1550.3852459016393,1579.249811204596,-28.864565302956397,-53.46447070986915,300.33246361090573,199.33305329379786,300.48862031323677,554.7200330917532,11015796.134405814,0.0004939925706290778
LTFM,G5R,36,290,840.1931034482759,840.7070183744361,-0.5139149261603052,-12.342461336760778,195.13090220170898,150.12039531195856,194.79485699825233,405.01985128770724,11004060.530761177,0.0004934662989968178
LTFM,F9L,36,254,846.6614173228346,863.2784090547349,-16.616991731900193,-33.70976740319412,207.783272587201,147.74704203325,208.03854653119492,425.4862402153702,10993129.358074289,0.0004929761012816729
LSZH,E62,28,230,813.8652173913043,809.216953441816,4.648263949488358,-5.0779576064176695,218.9830125997099,127.35893680656989,218.55587941461664,304.24272683074224,10986334.658140182,0.0004926713996290509
EGLL,517,27L,226,1516.575221238938,1523.05610354008,-6.480882301141937,-31.598566889142603,220.32475144577324,149.31782075702438,219.9322757507479,375.2945507858752,10931666.53722008,0.0004902198613784077
EGLL,515,27L,201,1546.6069651741293,1556.3946074542546,-9.787642280125203,0.822812129897784,233.44723517722608,177.95801117089175,233.0713992690131,483.73295611776666,10918777.70860036,0.0004896418745035084
LFPG,F02,26R,149,986.4295302013422,999.6456146502946,-13.216084448952161,-37.14180615164025,271.2352579051404,165.87345959766495,270.6464137204893,484.8228167471938,10914172.707704576,0.0004894353677560612
LFPG,E44,26R,166,945.4216867469879,945.3831336057285,0.03855314125967033,-47.59150026279838,256.9122084723352,162.63197942802478,256.1372104874569,423.46880384320485,10890640.918985102,0.0004883801077767369
LTFM,F5L,36,252,806.4920634920635,828.971773292995,-22.479709800931435,-42.48772335023517,206.70459202949988,153.86841909830002,207.51524033509352,381.03959281582706,10851768.89277557,0.0004866369298966713
EGLL,307,27R,122,1527.639344262295,1585.5479299016954,-57.90858563940009,-71.1099093121353,293.71628174353634,212.49193756438603,298.18707788550387,527.4225367810948,10847695.076983258,0.0004864542436240716
LIRF,612,25,150,1163.1866666666667,1221.262218539734,-58.07555187306725,-67.36657228433188,263.0083938751144,205.44678714372367,268.4865524983889,497.57526146790156,10812754.330870524,0.0004848873601431748
LTFM,F8R,36,244,1010.1352459016393,990.7850553727168,19.350190528922546,1.0187954155444459,209.93959469484798,145.05543799104092,210.40064056607682,389.96722508440183,10801496.81035017,0.00048438252767960097
LFPG,F22,26R,170,880.7705882352941,858.3903739354823,22.38021429981188,-28.73462038996024,251.32433167441346,154.4726068989093,251.5814802701543,347.3891265340203,10759851.006536745,0.0004825149624640962
LTFM,C1,35L,107,1131.8504672897195,1195.605551392495,-63.75508410277541,-76.80652617567353,311.75691669908105,227.9014361648449,316.77870178465804,599.9509815708385,10737315.811767943,0.0004815043937627839
EGLL,522,27R,137,1566.043795620438,1568.940963603648,-2.8971679832099246,-7.921982756804482,280.869354860955,183.48897116219126,279.8574033765548,516.8317538795608,10729862.77277948,0.0004811701695411309
LFPG,E24,26R,143,1071.1608391608393,1026.7585227395778,44.40231642126149,-8.27859663554409,271.1606865162268,187.50749437369058,273.8348059921973,600.2542725262318,10722926.639108157,0.00048085912543131647
EDDF,V118,18,227,1088.8325991189427,1053.8461116253352,34.98648749360761,1.693038238429608,214.13095128502064,147.80730844517296,216.50433513601715,384.52198401692044,10640426.859120365,0.0004771595037339601
LEBL,206,24L,367,883.7438692098093,889.4059894571013,-5.662120247291994,-28.397442227304055,169.1120853394644,122.67219130166978,168.97642102548502,337.53250975740906,10478962.326567587,0.0004699187851759934
EDDF,A16,18,280,850.1107142857143,860.9702937528941,-10.859579467179856,-28.128939522222595,193.26130194009056,125.05792705565301,193.2212945916789,318.91138489072415,10453651.23143162,0.0004687837339460055
LSZH,A15,28,359,715.5181058495822,686.9543055190497,28.563800330532437,-0.4591907924464067,168.4200968574085,112.40740937433613,170.59369172456127,311.10902229112844,10447692.548581058,0.0004685165226593225
LFPG,D16,26R,106,996.0283018867924,1012.039632841788,-16.01133095499547,-50.19828895274259,314.8370455742308,165.10981914827977,313.75724904997605,423.8148505314496,10435022.801129322,0.00046794836026447243
LEBL,129,24L,145,1286.751724137931,1255.8088795887086,30.942844549222574,-7.209374164389374,267.07932415492616,159.67063167813347,267.94940673357854,376.49664032640356,10410548.26248712,0.0004668508235897458
LEMD,T25,36L,132,1011.4242424242424,989.3461044648685,22.07813795937386,-6.563691082840933,280.4582221627026,143.47063959504814,280.26482761310393,357.8755883318715,10368385.31480438,0.00046496006756476427
EGLL,522,27L,138,1499.6666666666667,1463.4428197660557,36.223846900610795,35.46288677959251,271.20430403140597,176.44711513159368,272.637043954169,450.45123346755065,10257672.16757731,0.00045999524509221344
LTFM,B10,36,114,1150.3245614035088,1127.0065607664758,23.318000637032945,-20.70115066562073,299.75763272273394,196.70483485770836,299.34957649377856,478.1261174572054,10215559.25995852,0.00045810673306480814
LTFM,D1,36,193,1124.0103626943005,1109.6282718402424,14.382090854058145,-20.76611844742456,230.12255613162063,167.3444430131051,229.97575944676336,460.7092729626525,10207548.037091305,0.00045774747763471736
LTFM,G4L,36,312,800.4134615384615,800.5681938881555,-0.15473234969396962,-20.251115432000574,181.11395077595066,136.8072020811108,180.8235373199772,349.1295872221713,10201511.314459665,0.0004574767667306126
EGLL,501,27L,198,1628.70202020202,1631.4536499084384,-2.7516297064182194,-7.6691602169778434,227.2585315469684,164.53366337411688,226.70061980517946,425.2350891614462,10175847.861970399,0.00045632591438079525
LTFM,D5,36,178,1087.9719101123596,1080.8016151659735,7.170294946386083,-4.559119259727424,239.3576629963444,175.5592899263874,238.79203982930636,452.9117149832049,10149851.614879705,0.00045516013818356417
LTFM,F1R,36,261,800.639846743295,817.0495335679868,-16.40968682469182,-42.87847079806568,196.88873765621636,151.46107715864048,197.19515020093533,417.9861062690462,10149227.015582824,0.0004551321286408571
LTFM,D13,35L,137,1234.6058394160584,1267.920698898731,-33.314859482672595,-37.86856651724463,269.7776625391374,198.98321384808966,270.847976335272,568.934841361966,10050131.801032953,0.00045068830096147246
LFPG,E30,26R,128,1017.1484375,999.5743762715422,17.574061228457893,-23.877780054743766,280.7364553655517,200.74359660195697,280.1893623423512,491.4365013864764,10048778.082536113,0.00045062759478354365
LFPG,E38,26R,133,1096.654135338346,1134.772266808417,-38.11813147007122,-34.84431091571639,273.1882188237673,169.05883679076945,274.8156718159526,456.7894011816907,10044645.912261898,0.0004504422916614515
LTFM,B18L,36,115,1127.1565217391305,1090.7173849538638,36.43913678526681,-20.572840408957973,294.51101428950966,194.38838785277656,295.4831902615818,529.4167623351749,10040686.308623645,0.000450264727120853
LTFM,D16,36,164,968.4634146341464,958.1443038824268,10.319110751719588,-17.975463813558292,247.1780731296355,163.71657988731957,246.63929370815669,436.0201689073191,9976274.356940774,0.0004473762363388135
LTFM,B16,35L,113,1098.1858407079646,1092.7339903435757,5.451850364388803,-37.807791820992975,298.27125755211847,216.02806361929348,296.9985829818346,518.8630894267147,9967521.8871336,0.00044698374041689866
LIRF,606,25,110,1207.3818181818183,1243.410987513293,-36.029169331474996,-69.33368831549501,300.01312777007064,200.45812046594594,300.8117757856725,499.35887464851453,9953649.68964627,0.0004463616553298629
EGLL,523,27R,128,1697.15625,1657.812084532171,39.34416546782917,-6.784317349811431,276.40185621839674,176.93666801279545,278.1170440853366,597.348247946468,9900683.54697793,0.00044398644062419864
LEBL,277,24L,135,990.4962962962964,986.4743772654057,4.021919030890727,-17.374243286475348,271.69404186985963,162.05563106877273,270.715774928575,379.9981810739558,9893749.157349147,0.0004436754747242609
LSZH,A11,28,364,682.510989010989,675.8002507628929,6.7107382480961935,-13.837247006797242,164.7932959122246,105.42196010173261,164.70354491809493,302.4164806039439,9874321.805925637,0.0004428042742088266
LTFM,D3,36,179,1132.3128491620112,1106.2760510205258,26.036798141485548,-18.538344581853835,233.45604730566632,175.37405288806448,234.2544812051908,447.3263933606599,9822653.991683643,0.0004404872817677201
EDDF,V106,18,253,1087.3517786561265,1062.1797600756088,25.172018580517637,1.142571539635128,195.44750926166043,127.99322902502551,196.67834737292847,349.1494575958492,9786640.198312618,0.00043887227853523544
LFPG,F90,26R,156,847.4807692307693,855.951480974488,-8.470711743718834,-22.969107849857608,251.04657993593625,149.07782910328532,250.38397669403616,404.14548312328196,9779973.182478664,0.00043857330275082044
LTFM,C2,36,192,1108.921875,1104.9466234508945,3.9752515491053395,-30.377013486247506,226.04887692712188,168.20482353791667,225.49448213799678,468.54952690980343,9762770.203139203,0.00043780185201928074
EGLL,226,27R,203,1146.3891625615763,1186.2072352234868,-39.81807266191046,-36.456077289934456,215.66475451921704,159.82525481431554,218.7867583177543,450.6218143114854,9717132.05988386,0.0004357552542581775
EDDF,A22,18,166,951.1204819277109,911.4319478308989,39.68853409681177,7.5604217061430745,239.1670160564446,142.6668324302207,241.72599737030276,428.47940707872505,9699621.995574825,0.0004349700326024422
EGLL,311,27L,168,1302.732142857143,1309.273779985083,-6.5416371279400805,-11.74550042629238,240.77985681026067,167.74221019636815,240.1512930146578,437.4940164073152,9689004.11415082,0.00043449388412662785
LEBL,238,24L,307,791.3192182410423,791.2569781700109,0.062240071031444605,-13.230681950963117,177.50512081862635,124.55022551848917,177.21579965570223,320.01131338617273,9641469.971816268,0.0004323622621468824
LTFM,B1L,35L,121,1105.5867768595042,1066.9442668903473,38.64250996915688,14.935896385137312,280.5779587759064,189.77864137785286,282.0755626283656,452.3743150973253,9627561.38688519,0.0004317385453006296
LTFM,G2R,36,282,792.0709219858156,806.6188836148275,-14.547961629011917,-42.15453948533923,184.42081429639936,134.2200959817172,184.66746714032612,354.55581660494283,9616784.704446606,0.0004312552755491078
EDDF,V153,18,212,584.2358490566038,561.6792062759597,22.556642780644022,-22.60146125966429,212.24474847813806,125.49525637169667,212.9416483700867,397.65110478328364,9612958.869440766,0.00043108370973159643
EHAM,B23,24,143,602.9020979020979,609.5403332561997,-6.638235354101844,-10.973273197524122,260.0428328010331,134.70027202054595,259.2170095086459,362.39837978906985,9608664.496660575,0.00043089113279725207
EGLL,309,27L,161,1220.0062111801242,1229.2495017379326,-9.243290557808356,-37.031147578779155,244.63664663176365,173.00006102916976,244.0508271787989,412.4753702721646,9589289.80571161,0.00043002229378913626
LEBL,285,24L,112,922.0625,923.1484054607478,-1.085905460747743,-51.24264817632326,293.8828437740944,156.99540687776977,292.5699403613683,437.8994581902245,9586883.040342117,0.0004299143647572923
LEBL,125,24L,131,1269.442748091603,1243.5642367197288,25.87851137187456,-33.21862114109513,270.24407164874117,170.97268540132362,270.45158626061516,405.52491503884073,9581871.926925668,0.00042968964629227157
LFPG,D14,26R,109,1037.8073394495414,1039.094731550872,-1.287392101330689,-27.076661247820994,297.7940902762159,171.92613309090422,296.42771039201466,475.60033878035557,9577763.236219479,0.0004295053960883729
LTFM,F13L,36,194,873.5515463917526,864.3145427304629,9.237003661289592,-16.67235249696506,222.10910166660233,155.51018693255375,221.72840207045195,430.4469470676897,9537715.951234905,0.0004277095148815252
LTFM,B2,36,168,1166.6845238095239,1150.1675984945498,16.516925314974156,8.459937696186387,238.38017226706393,173.0315326208402,238.24288167793992,469.2679133827889,9535624.672595091,0.00042761573354256627
EDDF,B41,18,259,1051.5405405405406,1052.2135041422223,-0.6729636016816953,-27.810903431683187,192.23683168365864,137.46398219916122,191.8665393970464,337.48220725189066,9534507.155511377,0.00042756561958528437
EGLL,525,27L,100,1478.53,1465.4698523607233,13.060147639276682,0.7172008154294645,309.96535299294027,163.66385346841176,308.6880339628302,408.54509957596196,9528830.231183741,0.00042731104348314345
EHAM,G04,24,120,942.0583333333333,908.6490035271696,33.409329806163676,10.83531267453202,279.6092350380294,155.69633609670265,280.43893560035673,499.86605026250527,9437519.592079323,0.0004232163074525725
LTFM,B10,35L,126,1224.4920634920634,1248.7921894201927,-24.300125928129194,-72.48330940412245,273.51474151970257,216.91422427235378,273.50882490201195,523.2339827843925,9425691.739709208,0.0004226858990167187
LTFM,F16,36,187,931.7700534759358,929.6218933964799,2.1481600794560123,-20.168005092821545,224.9827012543235,158.20015153486517,224.39061958264395,483.26127026637,9415665.07929969,0.00042223626326728323
LSZH,A04,28,308,793.6948051948052,791.5701701997409,2.1246349950642966,-17.308352359485184,174.3838686952604,109.15494891455516,174.11351134673873,283.0609401318827,9337178.568715202,0.0004187166126991103
EDDF,V116,18,219,1081.041095890411,1065.7678027148681,15.273293175542774,1.1866893385265485,206.25891380167042,127.96688572215113,206.35346840432004,298.3744572241919,9325404.109025903,0.00041818859860564704
EGLL,506,27L,191,1473.8586387434555,1489.0335378956588,-15.174899152202991,-9.076570368070861,220.9524478951444,160.74557592221777,220.89513300083405,438.3450165932941,9319780.018640127,0.00041793639178979623
EDDM,302,26L,213,848.6713615023474,831.3867252925496,17.28463620979784,-15.982518647638244,208.7566170109808,143.71229775413968,208.98202320806564,428.7721827585526,9302452.523141071,0.0004171593572532358
EDDM,301,26L,199,858.3718592964824,838.3910322137225,19.980827082759767,-23.284657207116993,215.74818359463245,139.75428266987498,216.13099327041522,393.5654873844069,9295808.644159198,0.000416861419018254
LSZH,103,28,100,450.2,520.2657256285008,-70.06572562850084,-72.2511447559805,298.09356124449806,229.83902381539622,304.76282491590314,574.9740792714234,9288037.945072144,0.0004165129496411194
EDDF,V110,18,253,1061.090909090909,1065.8075090832226,-4.716599992313351,-13.991067296975757,191.65822909270372,131.4648319901363,191.33722548986213,340.29326593324106,9262313.266114064,0.0004153593516503741
EGLL,216,27R,232,1142.8879310344828,1187.1528049569215,-44.2648739224387,-35.12166544721629,194.92706984159477,157.8051961135802,199.47973163586224,395.72596826959233,9231781.893375624,0.00041399020219264315
EDDF,V95,18,180,1190.3111111111111,1172.7204476437894,17.590663467321953,-4.689966015719392,226.37789920772673,144.96274007668592,226.43250516454688,377.9886724355632,9228902.29111666,0.0004138610692543663
EDDF,F213,18,104,899.7115384615385,835.3293248898549,64.3822135716835,-2.3154847636943146,292.0949466709434,157.91917435833705,297.73167095975566,432.6328174089632,9218991.380818775,0.00041341662420513056
EDDM,255,26L,110,725.7,705.7112976015527,19.98870239844736,-21.816831274715327,290.0622166676281,155.51971048740137,289.43179545526084,531.7975356229902,9214784.064250153,0.00041322795122118776
EGLL,328,27R,119,1277.9579831932774,1282.2168005024796,-4.2588173092021595,-7.797149895043049,278.86587623371463,170.50398437180803,277.724354652891,439.85085762967526,9178567.242916409,0.00041160384339889507
LTFM,F13R,36,207,861.072463768116,862.7457757040773,-1.673311935961311,-14.587575310547777,211.0273656089604,156.31716696278812,210.52367069183245,380.75023624084133,9174284.695763566,0.0004114117967732076
LSZH,B45,28,229,827.7336244541485,802.2907997723287,25.44282468181988,0.2520969288963215,198.21416926653816,131.933660950082,199.410699725776,332.41031683580496,9106099.620813305,0.0004083541039798549
EGLL,225,27R,203,1124.6699507389162,1162.8638749864951,-38.19392424757891,-27.66743578092155,208.67718934755933,132.93233288787454,211.63750153009238,346.1567225994152,9092457.70694167,0.0004077423457356458
EDDF,E5,18,126,1312.5555555555557,1293.3657242623924,19.189831293163284,-15.125189656781345,268.2324479516028,168.24194586808005,267.85420429424846,433.25814088542796,9039980.21952123,0.0004053890442951797
LTFM,D10,36,140,1049.3357142857142,1044.9466427227126,4.389071563001842,-17.23193814157247,253.01198279375316,184.03494865889598,252.1449522264694,530.7748334498431,8900790.770660395,0.0003991472300124649
EDDM,115,26L,240,924.2333333333333,917.5431589488846,6.6901743844487935,3.05734361028982,192.38659543487546,131.42417318152326,192.10190358475762,391.94936451055383,8856753.926613003,0.00039717244094339177
LIRF,609,25,105,1280.4666666666667,1314.7238425916485,-34.25717592498193,-65.20979991567071,289.1103260761717,214.81545681798636,289.7624703378336,641.6632583328054,8816040.367709806,0.0003953466813363097
EGLL,218L,27L,207,1064.743961352657,1115.7632210449585,-51.01925969230152,-43.346351400402,200.31174711763686,155.33698136744724,206.23753610462558,369.94713220489234,8804521.708790895,0.0003948301383774417
EGLL,221R,27R,211,1144.9194312796208,1189.2002411716517,-44.280809892030646,-52.22271933545517,199.0522869714655,157.11935244391933,203.45717477946837,355.88981406626044,8734307.435510304,0.0003916814481757051
LTFM,B8L,36,148,1132.3175675675675,1113.042368171245,19.275199396322467,-8.362484692947248,242.1254547437508,181.95616523171228,242.0746910907267,517.4975592956408,8672823.097867273,0.00038892424337315406
EDDM,317,26L,136,803.1911764705883,754.4984371999805,48.692739270607916,12.911462927310367,248.62487266089119,137.04012312532734,252.44958516657988,453.761778178271,8667387.854905844,0.0003886805052347798
LTFM,C3,36,180,1121.5833333333333,1121.101733476538,0.4815998567955426,-12.777562214102772,219.89646585655873,168.21227989271262,219.2853204609188,399.0720860185389,8655489.318536613,0.00038814692704433005
LSZH,A13,28,361,690.6842105263158,666.7669115906524,23.917298935663418,-2.2811767961145506,153.13816930929414,106.43238910701002,154.78492833918676,315.41968793650676,8648973.028789151,0.0003878547104233944
EDDF,V107,18,253,1143.4150197628458,1135.5620366287046,7.852983134141012,-20.818832480809647,184.94352863404123,135.83815865581573,184.74464544839032,360.3665064030898,8635037.757528417,0.0003872297968548686
EDDF,A1,18,276,660.0905797101449,646.2560553129287,13.83452439721625,-5.3498757788271405,176.58951252436572,119.91406651459806,176.8113825906682,340.77250166668955,8628385.143760126,0.00038693146691695917
EDDF,V111,18,218,1119.1559633027523,1125.4632667138235,-6.307303411071179,-23.60134409543059,199.1623086018819,142.86861880024637,198.80506742768083,370.26049017586075,8616113.154013589,0.0003863811415761796
LSZH,A09,28,170,720.9882352941177,604.8876840584626,116.10055123565516,78.00430349788061,193.3695161796999,148.27663070633767,225.0581173781752,531.4828313896455,8610696.553627444,0.0003861382394458047
LFPG,F34,26R,171,888.3684210526316,893.0404329243132,-4.672011871681645,-4.259668890657508,224.71977201415186,149.69547316851686,224.11043701774383,447.03830958904837,8588558.444628587,0.00038514547766628563
EDDF,A13,18,263,874.3498098859316,901.4346741240231,-27.084864238091505,-45.11008343756009,178.83696428250045,122.07959843997465,180.5398642768875,323.5510904135945,8572391.00198976,0.00038442046456217525
LSZH,A07,28,175,685.6742857142857,581.3289748455404,104.34531086874527,68.40173650681152,195.72262688490926,141.2364598221572,221.30610351088126,479.7722338720268,8570868.503954556,0.00038435218963142934
EDDF,V114,18,224,1072.9910714285713,1049.3697056393387,23.62136578923295,-0.8718951633959477,194.5401200361249,132.14286225739428,195.53739412411295,347.1974251642353,8564611.440190107,0.0003840715977453889
EDDF,A11,25C,163,725.4049079754601,726.7104456221092,-1.3055376466490496,-23.68964764686382,229.92421576592608,117.63531940726864,229.22155959072717,268.1386958692711,8564431.311136462,0.0003840635200346933
EDDF,C13,18,146,1122.8219178082193,1118.8868110730778,3.9351067351414404,-26.716648097840334,242.78352186491776,146.20833542030869,241.98264118112175,432.45183828161674,8549117.400416762,0.0003833767827321409
EGLL,218R,27L,201,1031.6716417910447,1084.2354311133415,-52.56378932229675,-51.8611372093128,199.77702509447926,158.19908985572326,206.09524548663802,393.78511140121304,8537525.292651717,0.00038285694603182487
LFPG,E26,26R,137,1017.4817518248175,1036.0489449942659,-18.56719316944833,-37.977690144606754,249.59858957683085,176.6939283614817,249.378138630441,457.59877708061975,8519955.475669332,0.00038206904482607337
LEBL,121,24L,190,1227.8526315789475,1236.360353019327,-8.507721440379687,-33.403175140152314,211.83547661410995,145.2299288625365,211.44850463522934,368.67583365845525,8494989.321370173,0.0003809494621295088
EHAM,D49,24,155,761.4645161290323,738.2576259053352,23.206890223697112,2.3193480872398595,232.81609426454943,128.78218739781627,233.22134245185188,346.03374268932566,8430790.159131816,0.000378070513681352
LFPG,F76,26R,126,902.6190476190476,886.9307748726915,15.688272746356462,-9.759434651221795,259.1117227364422,167.06564048698414,258.5578435644057,425.09233927545586,8423371.967053134,0.0003777378521351817
LFPG,F26,26R,161,931.4347826086956,906.5875940621788,24.8471885465168,-9.972108535282018,228.01088061783742,154.2048319635761,228.6557054904191,425.73829748946923,8417632.496184725,0.00037748047119478097
EGLL,221L,27R,205,1144.448780487805,1181.8521553451062,-37.4033748573012,-43.5129244603778,199.36354667122768,157.23853288150252,202.36342091646821,401.63776090142386,8394945.595628217,0.0003764630993962496
LEBL,126,24L,105,1258.2285714285715,1254.1282374800492,4.100333948522458,-35.39887655614666,283.9317124969286,177.33869110283553,282.60616956718764,465.0942476658034,8385955.9431309905,0.00037605996724928684
EDDF,C14,18,118,1132.584745762712,1159.1206893321114,-26.535943569399834,-71.45657142240998,266.03275253214144,185.76910550577122,266.2288619388449,547.3324190612656,8363581.2176517965,0.000375056594635839
EDDF,V113,18,208,1134.0625,1133.395339344832,0.667160655167919,-9.011968673883985,200.94055826579327,146.5723434277609,200.45805633144488,359.8765281086058,8358153.928421592,0.0003748132131747386
EGLL,401,27R,151,1456.7417218543046,1446.1822241298987,10.559497724405826,12.995350834912642,235.46818488965886,178.6376888918538,234.92463024284757,524.7838473073344,8333626.866105536,0.0003737133211273862
EGLL,224,27R,212,1164.6037735849056,1193.7450702096153,-29.141296624709597,-7.2780801480020045,196.29156393028927,140.29753573309802,197.98445942244885,386.7195751865739,8309943.3886334505,0.00037265125881476497
LSZH,A10,28,289,798.4948096885813,787.1728730024905,11.32193668609089,-2.2163362147456382,169.29022679082792,113.04227192571939,169.37591452547852,279.0072536443011,8290889.921767898,0.0003717968247855337
LEBL,244,24L,165,769.1575757575757,748.9046796790061,20.2528960785696,-12.594945561662598,223.85704834306392,136.94429944234906,224.09473205387852,378.6186427878979,8286044.074159434,0.0003715795175035384
EDDF,A11,18,281,906.2277580071175,898.0477598009804,8.179998206137006,-4.623783116554591,171.21889420254425,117.42674650666015,171.10959944344987,300.8295924593273,8227257.101097099,0.0003689432733693661
LSZH,B39,32,159,849.6163522012579,841.2271615748818,8.389190626376152,-29.886398309939068,227.95595796590948,116.66018612426852,227.3927883472236,241.53182167350855,8221489.350579711,0.0003686846242558506
LFPG,F80,26R,161,843.72049689441,872.0956397957182,-28.375142901308227,-50.444693949968496,224.29129550473675,155.45667763199677,225.3869355386589,444.1042515278805,8178682.58455272,0.00036676499682883747
EGLL,505,27L,192,1573.3854166666667,1596.1732349322845,-22.787818265617748,-4.534816315695593,205.63683784042004,146.49899521039063,206.36266984010928,378.8480414016403,8176425.888679286,0.000366663797516319
EGLL,538,27L,102,1664.0980392156862,1634.7553365110286,29.342702704657324,12.237551581740831,282.80249747094507,197.63102716732092,282.9384315823679,551.9350130363081,8165523.91876161,0.0003661749093707102
EDDF,A30,18,333,817.3303303303303,820.5866925151962,-3.2563621848659134,-20.135784843873125,156.61937809125374,111.69880033700659,156.41793674971458,300.6878728277825,8147368.122033557,0.00036536073047813817
LFPG,E01,26R,190,838.0368421052632,881.7776305346443,-43.740788429381055,-41.00104611330278,202.05174597447055,148.9885964676429,206.2117763044671,397.617077461179,8079426.370462279,0.00036231394928300416
EDDF,A28,18,332,830.1385542168674,833.0455001427348,-2.9069459258673,-13.921146851377443,155.49934707913675,110.39173496663149,155.29219494218268,301.92782908230976,8006401.048907008,0.00035903920037916114
EHAM,D47,24,172,743.9186046511628,737.7708967146298,6.147707936532947,-0.40347036244179435,216.22060733649244,123.77070708685842,215.6787777445595,379.04777614045383,8000981.649134581,0.00035879617271305483
EGLL,219,27R,195,1169.3897435897436,1188.7350636157123,-19.345320025968686,-8.857358873784733,202.08646883684338,158.384644514742,202.49383157954398,381.0726891801426,7995731.60641412,0.0003585607396977966
EGLL,524,27R,113,1727.7699115044247,1732.3388402768837,-4.568928772458625,-13.070972823987177,267.14903042759096,193.2588409925249,266.0035695213532,523.5020774317737,7995642.586785456,0.00035855674769988166
EDDM,110,26L,192,1019.40625,1038.2945763202613,-18.88832632026126,-20.577856508439083,203.45842522943832,138.38987117657223,203.80505142608723,426.12982425343665,7975007.805463693,0.00035763140117520614
EGLL,218R,27R,199,1171.9045226130654,1208.3829071658188,-36.47838455275322,-62.38765227508975,196.80147927753305,159.67806430870698,199.66689144156413,392.6576718958881,7933506.640049534,0.0003557703221268193
EDDF,B26,18,152,1008.1776315789474,1058.9183906689439,-50.74075908999669,-63.35525181595864,223.43727783792906,156.92170187007545,228.4083907472769,407.6414706132189,7929899.730491631,0.0003556085738062444
LIRF,607,25,110,1224.509090909091,1227.0668678549987,-2.5577769459079978,-20.084620281756088,269.49715255509864,179.94064197219717,268.2815618163451,600.2683874592863,7917249.605167916,0.00035504129134647527
EDDF,V108,18,251,1067.9442231075698,1064.5580165735544,3.386206534015142,-10.800123329155667,177.8928017891011,125.19075419945419,177.57036983593713,292.7981800434045,7914340.297161544,0.0003549108262830986
EGLL,415,27L,133,1053.1353383458647,1099.839817106491,-46.70447876062636,-52.370004021561726,240.23356596582775,183.8545899727575,243.84328674618072,426.2317004516814,7908119.949326956,0.0003546318808869127
EDDF,B43,18,159,1283.698113207547,1253.080608804475,30.61750440307191,17.15954424472784,221.35342844242757,155.76375272509904,222.77031329654008,350.4232343451119,7890631.385311941,0.0003538476233907699
EHAM,D02,24,175,712.6,699.4243552741957,13.175644725804174,-6.414879059177906,212.36496802922784,131.12275265126905,212.16684325385017,347.7232591818361,7877584.64085317,0.00035326255493499126
EGLL,219,27L,200,1049.2,1048.7721398728763,0.4278601271236653,24.846169693821594,198.78314103123762,159.79990350973142,198.28602204074312,391.37535258984565,7863469.307348412,0.0003526295666517819
EGLL,231,27R,107,1183.3364485981308,1193.3494520912204,-10.01300349308948,-14.333713416748765,270.6810087816664,144.05813164935518,269.5991823832611,330.17803307243236,7777157.948164348,0.00034875901842470856
LFPG,E18,26R,118,1034.2966101694915,1122.9849129575641,-88.68830278807269,-122.5855896902961,241.32169933361226,209.014821079153,256.14107600940696,472.60565752580965,7741773.596672302,0.00034717224189577444
EHAM,D16,24,229,643.8995633187773,657.8495372667197,-13.94997394794247,-14.045801316011534,183.2458146110616,109.153144768677,183.37665345696627,286.67550486146274,7700582.320574472,0.00034532505952976226
EGLL,524,27L,112,1602.1964285714287,1545.0702730277396,57.126155543688576,15.386629120473117,256.64942787888447,181.231509244364,261.8094937961061,523.712386088034,7676951.63667861,0.00034426536469327375
LFPG,B12,26R,124,1088.8387096774193,1085.4832285145976,3.3554811628216346,-33.481609030323796,249.7820129282599,171.9881873784869,248.79541711048117,446.3658235054819,7675495.7873221105,0.0003442000785571388
EDDM,223,26L,144,705.9097222222222,668.5565838517018,37.353138370520426,2.3244351409350656,227.8174481804368,143.7131027258882,230.0774315114597,374.3199196812451,7622729.926691102,0.0003418338453029525
LSZH,B39,28,267,823.8576779026217,809.4093592770791,14.448318625542768,-5.6440833533533805,168.15697164434778,121.52816731399315,168.46250481605531,298.36593459823075,7577357.346216154,0.0003397991564442064
LSZH,B37,28,293,836.5221843003413,821.7937955899993,14.728388710341983,-8.999799264644253,160.39360418218544,119.90254618220737,160.79561958982643,323.6265333300106,7575582.764827917,0.0003397195770827994
LFPG,J11,26R,187,717.9893048128342,714.9889337994299,3.000371013404297,-21.594746170015924,201.38957592563702,136.11056716837092,200.8727883355713,391.2101085713165,7545427.016523251,0.0003383672721342957
LEBL,236,24L,320,793.425,778.9474795559483,14.477520444051759,0.7308336318714623,152.94070465900035,112.38322117181997,153.3863139428744,261.83190172710215,7528755.61759425,0.00033761965960475747
EDDF,A23,25C,130,912.5538461538462,912.0795416534802,0.4743045003658853,-34.27490237543293,240.87927222975108,163.0231118178809,239.95149372513785,387.21825118372715,7484973.514320232,0.0003356562941357535
LFPG,U16,27L,101,1012.9702970297029,970.411149719153,42.559147310549996,31.990578569969557,270.0421074584543,161.3670192799787,272.0514905227428,507.0411671143871,7475213.363060249,0.0003352186097276707
LTFM,B4,36,136,1205.9044117647059,1162.8930009892151,43.01141077549107,21.21697725577178,231.0748955713633,174.49158186218003,234.20711786833058,426.0225303978287,7460004.472185854,0.00033453658193705163
LTFM,D12,36,141,1033.645390070922,1033.3866850693182,0.25870500160356313,-16.23962110110415,230.31440637904137,168.52110546918558,229.49638120247403,486.1611485259932,7426271.046889409,0.00033302383957372234
LIRF,507,25,161,975.3291925465838,1000.8519465939436,-25.52275404735973,-5.73544613015531,213.89337829212832,161.35383911343982,214.75014416144526,398.326463097928,7424937.531195206,0.0003329640393706579
LEBL,96,24L,188,1293.968085106383,1309.4607525415656,-15.49266743518263,-27.400555115305792,198.51783976830245,143.4991432884861,198.59438899523525,388.78431963680936,7414669.491993474,0.00033250357922608956
LSZH,B31,28,290,830.7,828.7556873738081,1.9443126261919454,-12.322985018211227,160.16243496669526,111.19527896055536,159.89787595341343,292.94678946571923,7414525.912979825,0.0003324971405660803
LEBL,101,24L,186,1261.5,1261.7136659875928,-0.2136659875927591,-19.132299682304165,199.9810714757448,134.82426829286968,199.44287789459378,407.81687831018905,7398607.846975278,0.00033178331051248393
EGLL,224,27L,197,1006.0913705583756,1025.6708728831645,-19.57950232478885,-23.519918043486314,192.63293742901354,148.1529732091553,193.1384032518044,371.2922343013434,7348581.233699352,0.0003295399161186048
LFPG,E32,26R,140,919.9928571428571,874.184825426569,45.808031716288276,20.843807943692298,224.91158358812544,157.09643591153704,228.74062428600703,471.3083060807565,7325118.247825313,0.00032848774153538526
LSZH,B37,32,162,858.895061728395,835.7714706961174,23.123591032277787,4.039019945414566,212.01923300708125,127.16634548989465,212.62495899552684,344.8205621890164,7323918.456431614,0.00032843393806738705
EDDF,V109,18,216,1128.5046296296296,1129.9379766357952,-1.433347006165676,-5.460682522536331,184.30192906865733,129.65553969774172,183.8803958599524,334.40522473983316,7303391.996028364,0.00032751344908803426
EDDM,201,26R,131,877.0458015267176,874.4723938185051,2.5734077082124784,-32.6861828364614,236.65755240189674,138.15873818985816,235.76659376114233,335.7819947507819,7281751.162118829,0.0003265429871220454
EGLL,503,27L,193,1570.4766839378237,1572.779080634713,-2.3023966968887812,-17.60907712196922,193.07845245179092,144.57729107872055,192.59136246190965,384.2574840748167,7158646.54872239,0.0003210224815057452
EGLL,307,27L,123,1326.739837398374,1411.7759593669605,-85.03612196858633,-61.48327806414591,225.72441648287327,180.87808345209655,240.3506070294659,442.76890245856544,7105514.958830227,0.00031863984748164016
LEBL,118,24L,218,1246.9724770642201,1264.917445738261,-17.944968674040688,-32.400113776803664,179.83264136737117,134.5463631214486,180.314872354555,346.9295940034478,7087932.795908203,0.00031785139263433755
EDDF,A22,25C,141,1046.8794326241134,1085.0162940278108,-38.13686140369727,-61.10419915282114,221.57141962495405,136.52964622990206,224.0538563537579,319.0038478114501,7078218.407125644,0.0003174157603996597
LFPG,E05,26R,189,846.8571428571429,850.4303276996122,-3.5731848424694825,-23.629096418147697,193.52325081000907,141.28481008528655,193.04367769878718,401.0724280662248,7043247.82340044,0.0003158475388803038
EDDF,D8,18,218,1165.2293577981652,1195.3085570876092,-30.079199289443963,-51.87027962153354,177.17482974353885,139.9908993671005,179.308905181318,344.91808949505827,7009066.998056391,0.0003143147333007604
LSZH,A02,28,297,823.0505050505051,812.9295475690767,10.120957481428297,-16.74291581666364,153.53350438392897,112.37286777742929,153.60859981592623,266.6532588886114,7007893.775410581,0.0003142621212821961
EDDF,A18,18,295,852.0813559322033,859.7645679591396,-7.683212026936312,-24.325293270975408,154.1574217378928,109.44728963354542,154.08758795118433,269.55206189196844,7004180.504381119,0.0003140956032857748
EDDM,186,26L,126,992.9444444444445,959.8154255795115,33.12901886493299,-16.37420421357666,233.88221992603346,167.9648387791124,235.2961763791773,526.8650503379783,6975900.617951276,0.000312827419522738
EDDF,D5A,18,184,1169.6521739130435,1156.1835843142137,13.468589598829745,-13.069101223434359,194.38220793872125,139.00317140523163,194.32059961956077,376.55106458704813,6947931.160317038,0.0003115731566344948
LSZH,B33,32,164,847.8536585365854,844.4980289068474,3.355629629737994,-27.612972319432117,206.25272161240983,130.13878435469678,205.65031983864017,384.75577713244905,6935896.864156539,0.0003110334904293924
EGLL,326,27L,127,1424.7874015748032,1437.817732691198,-13.030331116394757,-39.42397693430462,233.91207317559932,160.18642359164798,233.35342691493778,390.97548128754903,6915635.375324042,0.00031012488384018035
EGLL,329,27L,117,1395.2735042735044,1415.8542175640478,-20.580713290543336,-39.80330441211254,242.8348253679228,176.68331247222017,242.66914047762617,462.3135662501135,6889932.473597534,0.00030897226242802047
LSZH,A11,32,172,770.0348837209302,727.494183379088,42.5407003418422,-6.880610470624333,195.6336044306935,133.39090812460566,199.64895139087702,371.43471268519954,6855869.052134005,0.00030744472171032023
LFPG,E14,26R,112,1070.4017857142858,1123.5714721158424,-53.16968640155688,-75.0310935244724,242.58762434706358,183.82430439735344,247.28593919094857,444.25547920403824,6848837.600813545,0.00030712940317404136
EGLL,221R,27L,204,1009.4460784313726,1047.006554657525,-37.56047622615224,-24.35701502995522,179.6031627472604,125.02070376044018,183.05726274260985,313.9094732936426,6836032.134334648,0.000306555154592565
EDDF,B10,18,279,636.9283154121864,636.5123382331553,0.41597717903107667,-18.988070821441283,156.77935027429578,112.43682484762782,156.49868432191005,296.58726331890205,6833222.856262391,0.00030642917527344966
EGLL,223,27L,200,1001.01,1039.984510567355,-38.97451056735496,-51.339600169312234,180.79912707076704,148.08985091618217,184.50987833113018,350.71192781655776,6808779.040353693,0.0003053330163295666
EGLL,220,27R,142,1148.8098591549297,1152.2379536642766,-3.4280945093470225,-17.500815051663835,219.42848785108805,155.8211873145091,218.68135865841066,345.8168072153924,6790658.200705759,0.0003045204050529579
LSZH,B33,28,304,841.2927631578947,838.9901305748006,2.3026325830941166,-14.489719838091048,149.45916566382772,116.85364083528415,149.23090804442455,307.4925498250783,6770038.630392102,0.00030359574065101815
EDDF,A24,18,313,841.3450479233227,862.4775873360885,-21.132539412765837,-27.940554982672438,145.6688954458259,106.7545466120153,146.9633206811572,273.0597460404272,6760242.116823019,0.000303156425610857
LTFM,D17,36,104,1056.1057692307693,1040.8426223515048,15.263146879264516,-4.220564121020288,255.5132000921765,180.06730968271054,254.7394737818298,428.36232195185585,6748788.748274928,0.00030264281053461544
LTFM,D8,36,132,1075.9015151515152,1048.3490357037701,27.55247944774505,5.097670793882571,225.16960279462324,166.52529885614987,226.0008584272885,392.35203205097355,6742083.217303012,0.0003023421075766237
EDDF,A36,18,220,818.8954545454545,801.2324217763747,17.6630327690797,7.2081878765004035,174.36154449049354,108.43067293141787,174.85920121654655,262.18890508992604,6726662.855019516,0.000301650596558127
EDDF,A14,18,319,888.6708463949843,875.2560671321903,13.414779262793983,3.9606936379984745,143.79451628758207,107.5088971951321,144.1943184212419,283.84312104617,6632648.467324313,0.00029743461357450784
EDDF,V117,18,183,1121.2896174863388,1107.0762212190812,14.213396267257606,0.8405557845792373,190.34349944490336,134.52521500523557,190.3541087881189,346.0309094250675,6630947.672050979,0.000297358343079036
EDDM,111,26L,177,1000.5141242937854,981.0208464828376,19.49327781094781,-16.455033976477694,192.96884585682108,131.00483793636838,193.40782031405834,394.3156880311998,6620965.5376784075,0.0002969107040560452
EDDM,356,26L,127,893.2598425196851,903.1610109764474,-9.901168456762408,-32.46808454844006,229.0068871913996,162.53851014293622,228.31828971944992,420.61445290769166,6620413.660392663,0.00029688595566058375
LFPG,E09,26R,169,800.0473372781065,817.8731561580328,-17.825818879926207,-42.315751521597235,197.0247121895522,140.26587544704572,197.2480680823368,362.70374733145786,6575249.261214195,0.0002948606024878425
EDDF,D4A,18,126,1174.4126984126983,1148.1951716372673,26.21752677543086,-10.508802637769804,227.57732277507253,126.83919334927094,228.18359580438292,374.1525680823614,6560536.927671468,0.00029420084232361575
EDDF,V158,18,201,543.2288557213931,529.9487975609403,13.280058160452732,0.0621379486871092,180.4751857287432,109.82804856717166,180.51483699799041,262.6556871173202,6549706.88165862,0.0002937151795349583
LSZH,B41,28,233,834.62660944206,819.0682344642698,15.55837497779035,-2.7575739841538507,167.20122789958867,113.8674458597615,167.56589669403928,299.96784407382023,6542250.828226444,0.0002933808201335343
EHAM,C05,18L,173,779.7052023121387,760.8062958304455,18.898906481693192,25.81769810739968,194.06649842495423,120.7851313552156,194.425502899289,305.3391085929469,6539620.778731969,0.00029326287814415784
EGLL,223,27R,212,1141.5471698113208,1164.699499677341,-23.15232986602028,-29.475864245993364,174.48438911184675,139.56662232050354,175.6053099002114,349.5046414646863,6537491.67141165,0.0002931674004151334
EDDF,V115,18,206,1119.0970873786407,1125.8687637158357,-6.771676337194884,-21.019203369050274,178.22182871039453,131.10050922495526,177.91763940291628,339.5924674506597,6520865.400605467,0.00029242181161199014
EHAM,D04,24,155,673.141935483871,664.738792662969,8.403142820902,12.515285266666297,205.57634278494155,128.63911444717542,205.08434807946406,336.97576041718395,6519236.42321271,0.000292348761718916
EGLL,523,27L,123,1507.7560975609756,1507.8018334296207,-0.04573586864507999,-9.371257632022207,230.24746077467736,168.81174333136937,229.3095899067962,487.08300187318247,6467695.226856435,0.0002900374473326764
LEBL,222,24L,147,807.9931972789116,789.9560366203984,18.037160658513237,-0.6286413307745988,209.67735447470864,120.75935715565859,209.73996586327416,349.93019072579244,6466655.43220813,0.0002899908187617611
EDDF,E9,18,173,1323.5722543352601,1326.1825266499166,-2.610272314656454,7.854840384379713,193.83645715035365,146.00703591731485,193.2930499121751,364.05782019086746,6463661.143972656,0.00028985654284337996
LEMD,348,36R,205,1003.3365853658537,979.9815788132676,23.35500655258598,-7.288171362034632,176.31798807768266,111.05903500044697,177.43122698601047,315.9169898258984,6453777.263501039,0.00028941330992018574
EDDF,V178,18,123,470.2926829268293,422.62241809479497,47.67026483203427,2.3189564038796675,224.90451031986623,143.14181097532935,229.0049275100372,498.61271883521607,6450520.589336919,0.00028926726756224754
EDDM,313,26L,188,741.8085106382979,714.6575987863724,27.15091185192546,-5.205625403546094,183.607584022241,113.31365568311183,185.1204989535148,320.88950032458206,6442684.636966076,0.0002889158719656179
EDDF,A20,25C,144,1121.2569444444443,1170.9865562349808,-49.72961179053619,-50.69721297150409,206.22910070798804,148.05750052155776,211.44296151951545,401.05530251596696,6437970.1405646335,0.0002887044549996398
EDDF,C4,18,126,1124.5079365079366,1118.352178944152,6.155757563784624,-12.113967265074791,226.39489318169268,151.5537341801172,225.57871817174495,452.9854474588431,6411605.51959295,0.00028752215943710796
EGLL,326,27R,133,1287.8345864661653,1308.0310575062535,-20.19647104008788,-29.019621289247084,219.0141556610501,165.06630707354597,219.12198013992457,421.2136052965441,6385920.809998719,0.00028637035383327267
LSZH,A08,28,303,815.019801980198,800.3710099142021,14.648792065995888,7.248897329205988,144.63529773632,111.5979712348089,145.13757486373134,291.05256414656486,6382669.438109541,0.00028622454925065246
EHAM,C09,18L,152,802.703947368421,778.9821609153394,23.721786453081634,25.544961967049574,204.19366707671242,133.2745081828867,204.89867560117267,368.2619816601615,6381487.023993418,0.00028617152504961923
EGLL,216,27L,212,1118.9716981132076,1134.4557766765888,-15.484078563381269,-18.54274565229963,173.0960071523951,137.96738519218937,173.38008281910692,340.5875624224584,6372858.461092399,0.0002857845856113524
LSZH,E64,28,181,795.817679558011,799.7255421897094,-3.9078626316982117,-41.22763844123995,187.76979272923495,124.00508613467241,187.29114677830503,291.03872854878887,6349113.2327374015,0.0002847197541409675
EDDF,B22,18,157,1058.1019108280254,1083.9715118468418,-25.869601018816365,-28.28760285051476,200.0469692492702,144.28193711374988,201.07990802588589,359.6080801480041,6348001.3176367,0.000284669891399118
LEBL,122,24L,158,1241.867088607595,1251.6549519915638,-9.787863383968906,-33.178904611544226,200.75287760186515,143.95999307630112,200.3557984470313,327.5965399182026,6342506.463472894,0.0002844234800548546
EDDF,V112,18,227,1081.2511013215858,1071.2956547890126,9.95544653257343,-4.661748047133642,166.80631566617873,122.48899585184007,166.73596986303255,353.56820008762725,6310800.587679705,0.0002830016611598766
EDDF,A69,25C,123,1057.6178861788617,1072.6809512954856,-15.063065116623793,-35.088929843524284,226.70971803316974,149.98152111798362,226.28815254941424,406.90818190127766,6298378.342059917,0.0002824445977418692
EDDF,B20,18,170,1027.1117647058823,1058.698015567147,-31.58625086126451,-45.07980217514836,190.27570235273046,144.6072735232391,192.32671287458666,385.5172181088656,6288225.962474428,0.0002819893242393237
LEMD,T23,36L,131,1002.4732824427481,984.2941964332955,18.17908600945251,-2.415388568997514,219.12460046125932,140.88840346896944,219.04232118484845,334.5959751212622,6285319.539576067,0.00028185898855578536
EDDM,208,26R,203,710.7586206896551,681.3194951193202,29.4391255703351,7.71906876099365,173.90685367610843,120.8890317458287,175.95815596157738,358.25845037167096,6285138.347827954,0.00028185086318959895
LTFM,D14,36,136,963.6691176470588,977.5126300151554,-13.843512368096713,-34.696278788562154,215.11361344792755,150.96584832325655,214.76792243146096,407.5424300091287,6273035.428751541,0.00028130811965715476
EDDM,217,26L,126,772.8174603174604,749.6095912399337,23.207869077526524,-16.33792272061598,222.71090857807297,144.43594492716457,223.03610024430984,333.10115668508377,6267882.853535918,0.0002810770574765307
EGLL,415,27R,129,1318.7286821705427,1316.2017725852618,2.5269095852808956,-9.05917267825339,220.81635559280377,163.37702840005718,219.9733273286274,519.8402580579663,6242086.150947541,0.0002799202296567434
LSZH,A10,32,138,844.7173913043479,819.6794861045023,25.037905199845518,1.4627401711352945,211.88798876383208,130.55345488003405,212.59839928679133,329.4244687485382,6237334.954344222,0.00027970716690621674
EHAM,B17,18L,207,754.5652173913044,742.2843178716302,12.280899519674271,13.232874373438449,173.4925914722234,117.27009677680354,173.50818629112783,375.4459376616726,6231753.7769776005,0.00027945688448261023
LTFM,D7,36,100,1178.28,1157.0427567785748,21.237243221425043,-6.016512892050287,249.54191284234227,188.53503935958634,249.1976627137802,518.7197327119942,6209947.510201096,0.00027847900384199957
LEBL,274,24L,133,810.3458646616541,778.396095416457,31.949769245197196,-5.727734476655542,214.4988724402147,136.2141671289329,216.06623044943447,393.38214578773795,6209053.920103541,0.000278438931670729
EDDF,V94,18,174,1162.8218390804598,1172.8778524580193,-10.056013377559566,-23.855222948916435,188.7270414246215,135.04880341582006,188.45243170961913,391.7366553328632,6179491.509004748,0.00027711323434713073
LFPG,J37,26R,159,709.6477987421383,717.8596551586758,-8.211856416537488,-19.448336681047977,197.57048283573982,136.13684609897527,197.11933648578542,397.70892239347927,6178109.217838812,0.00027705124685588746
EDDM,220,26L,163,741.2147239263803,725.8856216302071,15.32910229617323,-3.4630568644181494,194.63585235009413,134.87471633265983,194.64245335657102,443.8240415410813,6175366.597732384,0.0002769282567478551
LSZH,A42,28,227,850.2246696035243,843.6774515607509,6.547218042773251,-9.919688411640664,165.06036528085122,115.54656149924055,164.82648014895986,310.6934944631881,6167083.4627330685,0.00027655680768495897
EDDM,204,26R,134,836.0074626865671,832.0542377872475,3.9532248993195136,-26.35799876951569,214.9963989200519,124.59483620016881,214.22914928817474,301.9064677528336,6149813.206234498,0.0002757823399752211
EDDF,A52,18,123,1105.8861788617887,1123.556463439276,-17.670284577487685,-56.53642730681884,223.26865387209176,158.70308896218606,223.060205361245,412.41619642329255,6119970.191543498,0.0002744440592588157
LSZH,A17,28,348,693.8247126436781,684.0958118377405,9.728900805937634,4.2608636368156,132.42250987363568,100.00640341774094,132.58952684470586,257.9385469343207,6117833.954858236,0.00027434826182041463
LSZH,E47,16,101,1100.5445544554455,1087.1909090458107,13.353645409634764,-33.54615506606547,246.83832957573793,190.8530972260616,245.9760593516823,442.089585169618,6110926.399192415,0.00027403849926322055
LSZH,A44,28,294,827.2823129251701,818.1523261573991,9.129986767770944,-4.459118992792014,143.78942379233587,108.07902982735739,143.8347335262818,309.3642029506681,6082398.587161491,0.00027275919751983005
LTFM,B8R,36,155,1149.7225806451613,1120.641481979644,29.081098665517242,21.403649578979184,196.38979656149732,157.39933986680344,197.9035890109742,386.6527551391011,6070703.734230811,0.000272234753313359
LEMD,T1,36L,124,1375.9112903225807,1381.1492648123642,-5.2379744897833485,-37.67950026275412,222.0547996942232,155.35007402500645,221.21962523387526,417.0284653450219,6068327.200988411,0.00027212818001159537
EDDF,B46,18,133,1197.4887218045112,1189.5387137443154,7.9500080601957785,-26.43094166255173,214.0939847303499,152.2726505769166,213.43571300345243,417.89540027647416,6058788.876843852,0.0002717004432228809
LEBL,119,24L,154,1191.357142857143,1195.895218268708,-4.538075411565125,-32.74059784097352,198.89398612408723,138.84082297511787,198.29910843232057,412.76016000016006,6055670.606378198,0.00027156060744301983
EGLL,221L,27L,216,994.6111111111111,1014.7967959609175,-20.18568484980634,-24.27499757063947,166.2844002293335,132.65773038210202,167.12256595165226,328.1371714613535,6032869.642857102,0.00027053812060274265
LFPG,F20,26R,140,881.8214285714286,885.456045383322,-3.6346168118936166,-37.85852684384571,208.2141212845635,147.83517532970006,207.50100143530818,394.46215078876133,6027933.183531808,0.0002703167499272005
EHAM,B23,18L,188,784.6170212765958,767.1045067275966,17.51251454899909,38.811342938832865,178.53682892351227,133.48100485304525,178.92047801107398,375.811085458839,6018357.040921708,0.00026988731720650055
LEMD,510,36L,127,760.8425196850394,765.1554573168079,-4.312937631768503,-31.528903838478527,218.30071467511917,142.64700064246546,217.48233410427122,402.0794673532282,6006917.837225115,0.0002693743373391281
EDDF,B45,25C,106,849.4528301886793,882.1099350786635,-32.657104889984396,-68.69131669242478,235.9984928336258,155.05837280055826,237.14204154558658,396.90583763614063,5961052.874051323,0.0002673175680613031
LTFM,B17,36,104,1112.9807692307693,1142.3057429094172,-29.324973678647982,-54.11636339188385,238.67138536429582,174.95106010443112,239.32457711950502,414.4230659356273,5956730.334196711,0.00026712372800213955
EDDM,308,26L,192,801.078125,760.6859269297323,40.39219807026772,21.423864431509173,171.8519694016938,129.9141761823305,176.09886662387476,310.62116587399106,5954075.678632939,0.00026700468257772524
LFPG,B02,26R,100,1072.62,1058.2870189309172,14.33298106908287,-20.42585110226878,244.67586042076513,161.91183729524147,243.87096639871262,393.92353444525327,5947304.825224202,0.00026670105029913865
EDDF,V177,18,129,488.5658914728682,452.6600241898761,35.90586728299217,15.960356832649666,212.15021509259574,133.70580074715218,214.35495810280966,431.30433347270565,5927298.20016019,0.0002658038728255909
EDDF,A25,25C,127,895.1417322834645,912.3998729184462,-17.258140634981526,-75.2427645794703,215.5572692436106,165.20472205882774,215.39942920443096,434.60842371098255,5892408.090902521,0.0002642392601047823
LEMD,569,36L,111,1040.5135135135135,1053.361939133851,-12.848425620337247,-29.18091979164683,231.07585205243595,153.6302998644098,230.39115858160588,422.4347559184499,5891889.540735789,0.0002642160062312775
EDDF,V151,18,207,563.1304347826087,545.3368190855452,17.793615697063473,-14.123620272784933,167.98460923046167,116.7128976624867,168.52038111983094,280.3643931848802,5878617.602524027,0.00026362083918257174
EDDM,310,26L,207,771.0434782608696,736.9663091664411,34.07716909442838,12.865403861597997,165.3332595696879,118.28295410885397,168.41700215356687,374.47689067520093,5871407.329179671,0.00026329750154806416
LFPG,B08,26R,121,1005.0743801652893,1025.32187211852,-20.247491953230913,-23.138872683286763,220.2509627619599,158.5240562171477,220.27150159652922,517.4511420199747,5870863.664286363,0.00026327312142928477
LEBL,246,24L,102,725.5,772.0454874502813,-46.54548745028124,-72.55003923228924,236.32744096768047,156.99520178205117,239.72815077176642,413.83043091347633,5861897.799789979,0.00026287105603188266
LSZH,D17,28,120,645.2,675.5096348018727,-30.30963480187271,-40.76932637135735,219.78588611016102,127.62153387001484,220.95692128544266,301.997204628306,5858635.3276729565,0.00026272475367043464
LEBL,310,24L,102,628.1470588235294,672.4334940574836,-44.286435233954286,-44.87717222868065,236.63690882489828,150.44702672495774,239.6024300938812,441.7848219944259,5855751.09970311,0.00026259541329669127
EDDM,318,26L,117,816.4957264957264,797.4040100201778,19.091716475548782,-9.12856901877035,223.6852875927572,157.44073033379908,223.5440695448881,427.93432783737217,5846718.270356702,0.0002621903449262855
EGLL,325,27R,107,1424.8130841121495,1494.997757179621,-70.18467306747152,-58.1081980312556,224.0059812044287,168.82454530628831,233.7426112765349,485.9798268527373,5846010.090921942,0.0002621585873142913
LSZH,E58,28,208,784.6682692307693,786.2619406386867,-1.5936714079174632,-22.29228467374918,168.0315857627048,130.05504799919683,167.6347525629508,291.6553915890145,5845093.335503083,0.0002621174763169131
LSZH,I01,28,166,464.8614457831325,467.3038545007421,-2.442408717609552,-11.542618806278028,187.71529881385797,112.73260806102144,187.1649739762352,259.54023487002974,5815100.762265116,0.000260772488794193
EHAM,B32,18L,159,657.4779874213837,675.7955384825713,-18.317551061187565,-18.619311375439565,190.90228474620957,123.3800280560503,191.18056765532262,304.36069962145956,5811451.50239281,0.0002606088413153164
LFPG,F16,26R,166,899.4698795180723,928.6715082302255,-29.20162871215307,-62.53860487587946,184.75443600811516,146.57575986522212,186.497477257706,377.28422001401987,5773697.297899103,0.00025891579105346093
LSZH,I02,28,178,480.4438202247191,474.79922352101653,5.644596703702515,-18.35005564344715,180.13014412895257,116.87686884087988,179.71211566267596,296.70618957948943,5748767.123839994,0.00025779782185546306
LFPG,U14,27L,113,986.7168141592921,991.4477578853723,-4.730943726080331,-6.684404466724004,226.46419124439885,158.32108489081816,225.50954097930352,439.3133348081198,5746564.4972146675,0.00025769904722533146
EDDF,V160,18,179,531.927374301676,538.2926731798912,-6.365298878215148,-24.488602369545447,179.39553596111583,117.90169803967834,179.006936755668,274.10368602546185,5735783.529789941,0.0002572155853178099
EHAM,D43,24,168,760.8988095238095,751.2351493984258,9.66366012538373,5.51612422848109,185.02587781033358,114.76680673622083,184.72732486458395,381.42873653670546,5732863.00467309,0.0002570846172341183
EDDM,212,26L,116,845.4741379310345,866.9482059529414,-21.47406802190687,-38.519359409254946,221.112073615225,154.67921100755265,221.20175054683833,420.9343933781395,5675904.87561834,0.00025453038581528347
EDDF,C2,18,124,838.3145161290323,789.1093663415077,49.205149787524476,-9.013437215224599,208.82404232392287,143.94039983577574,213.72167458413682,400.34371336394634,5663942.319193912,0.0002539939367082651
LEMD,T3,36L,140,1297.0142857142857,1329.9118516224823,-32.897565908196654,-58.48603989633784,198.97832490824393,150.4109278134894,200.97716526037024,381.8575797474459,5654854.933853185,0.0002535864218278161
EDDM,119,26R,159,973.7672955974842,926.6877074938834,47.07958810360078,15.694655616063528,183.16083266109564,126.97331973044396,188.55605324236168,385.690443198111,5652988.249079477,0.00025350271218044544
LEMD,T4,36L,140,1229.7857142857142,1259.3937812130691,-29.60806692735481,-57.58128747913088,199.2481353376643,139.89078027437495,200.73088183905747,362.1472638628167,5641004.169343991,0.00025296529788165805
EHAM,E20,24,102,903.343137254902,905.7306829744597,-2.387545719557783,-35.76297197199807,235.6356315741394,155.62580448340577,234.48986507232775,571.3257890785771,5608520.675807124,0.0002515086074818447
EDDM,217,26R,203,762.8472906403941,739.9430293184436,22.904261321950518,14.577553104315939,164.7942621281529,103.51143074246966,165.97582642899815,306.3141176175856,5592238.91663415,0.0002507784679649105
LFPG,F68,26R,162,914.4320987654321,903.379256900687,11.052841864745146,-0.17722935219808278,185.98855053566626,133.12407417439672,185.74277099968907,373.6683037716446,5589061.070540156,0.00025063596057444304
LFPG,F70,26R,145,899.5172413793103,894.9812483987597,4.535992980550691,-11.661365423374264,196.94534026914872,143.35902357077967,196.3174534096906,384.26142995986186,5588378.664423575,0.0002506053587416177
EDDM,215,26R,222,769.0675675675676,745.479826311853,23.587741255714636,0.6769121579280295,157.21136213748358,111.4283364579253,158.6205006808706,365.3654186730154,5585622.838447517,0.0002504817764293173
LEBL,204,24L,189,898.6455026455027,947.2778790646463,-48.632376419143604,-49.98982519569506,165.05483515184423,121.80199854527046,171.65099261088682,290.50903120926813,5568707.9569532145,0.00024972324516300614
EDDM,311,26L,194,749.5360824742268,760.3364730119185,-10.80039053769149,-22.65872620671948,169.36082327368686,121.55624068853795,169.2686796907941,336.72864760680255,5558465.869307343,0.0002492639487905007
LSZH,A48,32,153,855.3986928104575,847.0392051773506,8.359487633106882,-25.192078733587095,190.16311860423914,122.74568250189313,189.72490530575936,342.4130394540539,5507317.573071742,0.0002469702536247191
EGLL,232,27R,107,1199.0841121495328,1200.7227095549356,-1.6385974054028658,-24.019096567496376,227.66499414451923,143.38992287648801,226.60456620336927,363.6707604547571,5494410.348391238,0.00024639144179652134
LFPG,J20,26R,141,718.3333333333334,737.7700723597482,-19.43673902641483,-25.188447203721353,197.06608160265972,139.3554843827594,197.32562307751343,316.86733305845655,5490173.614732975,0.00024620144963205314
EDDF,V172,18,179,419.1173184357542,403.2978737173,15.819444718454198,-6.016159710919794,174.77182347997987,112.33097593370967,174.99943312075638,275.0450814985759,5481839.485072909,0.00024582771376362384
EDDM,205,26R,176,733.0852272727273,701.1269556766496,31.95827159607769,2.8519005739277645,174.00068656082192,119.72793882589006,176.4243349491579,394.5557407861268,5478096.089356468,0.00024565984485516875
LFPG,F92,26R,169,853.1715976331361,891.8159418985407,-38.64434426540452,-46.2250777250224,176.0518651718787,141.1699297507814,179.7338214988711,352.43548038418953,5459417.673809381,0.000244822229634371
EHAM,H01,24,249,802.3132530120482,801.9338786320343,0.3793743800138273,14.587668507585477,148.1811467992814,107.40220676336484,147.8837815625285,331.4997346922016,5445533.599459177,0.0002441996119410714
LFPG,F14,26R,141,932.2695035460993,946.1512201054336,-13.881716559334505,-23.14083169587741,196.55970080304277,133.04849780542838,196.35275873882196,351.67380714074386,5436171.226872789,0.00024377976552736625
EGLL,340,27R,105,1469.4761904761904,1497.0158563747004,-27.53966589851015,-48.039985317060655,226.59074393187888,184.23738694716064,227.184537331634,421.99927148552194,5419345.470271803,0.00024302523097946013
EHAM,C13,18L,143,755.3356643356643,745.0106496616183,10.32501467404602,24.13317468751677,194.28748279645094,128.34437493717894,193.88208397635202,371.56316791328493,5375407.535642889,0.00024105487740622378
EHAM,H03,24,198,803.030303030303,807.6547059294852,-4.624402899182083,-8.124835049542241,165.01062654988294,119.47297675625451,164.65835619570635,305.8213982061404,5368250.104484277,0.00024073390942769515
EGLL,301,27R,111,1418.5315315315315,1504.0696173575534,-85.53808582602123,-71.66062812641326,203.40965215013543,169.13194031920847,219.81696609496933,434.2622591513003,5363464.342734856,0.00024051929663710157
EDDM,253,26R,101,903.950495049505,906.2698923275894,-2.3193972780847814,-37.553193602199144,231.26359894476076,138.3416309419734,230.1275702964523,332.4628762325997,5348828.559665407,0.00023986296930374933
EGLL,225,27L,201,1014.5870646766169,1021.8117148889216,-7.224650212304624,-15.791712968413322,163.24477404471546,130.21319976576362,162.99837560297274,321.03036746309454,5340262.560290763,0.00023947883546544498
LEMD,T23,36R,120,1179.6666666666667,1191.3129936576554,-11.646326990988554,-36.893461180362806,211.3791668129602,159.4343198673163,210.81851474724522,391.0154698940805,5333333.539228134,0.0002391681103135896
EHAM,B15,18L,186,766.494623655914,752.9554931140076,13.539130541906415,9.209445617239851,169.0027735551533,115.62154492992569,169.09076474357386,366.5368730461022,5318053.730211396,0.00023848290226845115
EHAM,D18,24,186,644.1774193548387,656.6752191737862,-12.497799818947573,-11.48241988734253,169.0713374389162,101.7328846708295,169.0787648351983,231.18016905983785,5317298.94158451,0.0002384490545129619
LEMD,T8,36L,182,1135.2087912087911,1152.5654401920383,-17.356648983247034,-40.2653886403516,170.47122573319697,130.17746956407643,170.8859834106664,298.6950573049008,5314767.5173739595,0.00023833553527768695
LSZH,E26,16,110,1023.9727272727273,1063.466120247373,-39.49339297464576,-69.16747714746936,217.1113246913598,173.67580752707076,219.70101101390085,390.53138011835387,5309538.76645832,0.0002381010570725277
EDDF,B25,18,165,1002.1454545454545,1039.1614653506783,-37.01601080522372,-60.73729680695283,175.70076809913385,141.40653504363178,179.03588872611047,302.9754799021246,5288885.159571455,0.0002371748663338539
EDDF,V97,18,187,1110.5401069518716,1100.0437179712287,10.496388980642868,-2.7797049020168743,168.27715329125218,130.2593347581879,168.1545289985524,358.9992357623871,5287601.831449575,0.00023711731674323395
EDDF,A23,18,147,902.8163265306123,886.0797533679745,16.73657316263783,-17.85228872917446,188.9798565247079,127.1558946722655,189.07816068513873,351.19418499247183,5255330.974667045,0.00023567016183006213
LFPG,F94,26R,166,861.710843373494,875.5772255054391,-13.866382131944974,-28.587865765653135,177.89799932700248,120.61187637715285,177.90257427551606,288.63918646811305,5253788.105020014,0.00023560097335436925
EDDF,A38,18,123,850.4634146341464,812.9637683007626,37.49964633338381,-6.534057752270655,203.99810601564764,128.69500313657875,206.59892437314664,357.2613872693633,5250023.212913363,0.00023543214046138421
LEMD,T15,36R,171,1236.0409356725147,1239.0266965305595,-2.9857608580447574,-23.647948152995696,174.92365107117988,127.14799105104008,174.4369832930235,291.0616247574235,5203232.655003365,0.00023333386379566635
LSZH,E43,16,107,1075.588785046729,1053.6389663076477,21.949818739081493,-14.118911226594946,220.06401582006868,163.8820725101446,220.13033837254684,450.883833341291,5184938.14830528,0.00023251346459056928
EDDM,214,26R,175,762.0628571428572,728.6576327383968,33.405224404460256,8.26499775655202,169.09057231650618,114.84005743618874,171.88411784895692,315.51609257238124,5170226.244524969,0.00023185372369861643
LEBL,128,24L,137,1237.8321167883212,1239.0164341967527,-1.1843174084314272,-18.849389999007826,194.84293232622852,147.37385470942218,194.1341368424454,384.5735699263562,5163264.6429959005,0.00023154153750770657
EDDF,V93,18,173,1212.7398843930637,1192.0337538041842,20.706130588879315,5.330155652799476,171.97256829561218,125.99621942718215,172.72045869478066,319.3373040261534,5160997.735350231,0.0002314398802582804
LEMD,T21,36R,145,1211.7310344827586,1199.374724690451,12.35630979230752,-6.975462681559293,188.9017283912859,123.48942051112212,188.6543022941074,394.9399251270806,5160614.637241086,0.0002314227005994132
LEMD,522,36L,133,811.375939849624,830.0190491482253,-18.643109298601228,-35.04888955546767,196.7308252037273,142.58328058134202,196.87453613263062,397.2141265411387,5155024.535999319,0.00023117201799338055
EDDF,A1,25C,133,514.0,487.95701549989315,26.042984500106833,-15.296408411714197,195.8547152327125,124.69868300738761,196.84738368677264,373.0455143093211,5153602.697755555,0.00023110825705222968
EDDF,B42,25C,119,888.5966386554621,905.983049847227,-17.386411191764758,-57.547226782615894,208.15717323301135,151.20828941524863,208.00861372491605,347.0001768937852,5148842.422667598,0.00023089478718596587
EDDM,117,26L,129,863.9922480620155,847.4954295736393,16.496818488376242,-3.4147427745235746,199.72070525793467,131.0972678492578,199.62788641645022,379.43746297789005,5140816.801527791,0.00023053488607946608
LEBL,220,24L,158,826.006329113924,827.7471093292588,-1.7407802153348442,-37.76756688393232,180.92095951673957,117.56665697150399,180.3559171753516,296.1695093100269,5139464.583905641,0.00023047424720679037
EGLL,410,27R,104,1550.9038461538462,1575.8494909948624,-24.945644841015987,-14.69679451744048,221.94888571297722,176.80593661922998,222.28343762850795,431.9260069678825,5138632.370970465,0.0002304369274341528
EDDF,A40,18,219,815.2922374429223,815.4453048612744,-0.15306741835206802,-7.669187645612055,153.23260037055366,111.44998417790292,152.882430595195,308.53484471472206,5118695.23104812,0.00022954286595361486
EHAM,H02,24,221,817.737556561086,815.2844047899571,2.453151771128969,13.947271516844921,152.45616800207608,105.8222396079417,152.13063366221598,287.0851061945451,5114764.263361288,0.00022936658556416457
LFPG,E17,26R,149,785.3422818791946,807.4007746719875,-22.058492792792972,-38.886167565220035,184.37038061941232,133.0856022369693,185.06992513989593,317.60271344203863,5103380.701501717,0.00022885610090038605
EDDM,210,26R,228,731.5219298245614,684.3732988778984,47.14863094666295,31.818827148828234,142.2532748719166,113.03891192908345,149.56681868433142,340.4572952599593,5100413.181308182,0.000228723025368585
LFPG,J30,26R,145,729.5379310344828,749.2161523569937,-19.678221322511074,-27.268496498873105,187.1308980159776,133.9505753446244,187.51987127946816,353.1750032249851,5098736.808076904,0.00022864785005562998
EDDM,302,26R,123,873.869918699187,846.0821437275691,27.78777497161775,-0.8798355799729052,202.40667998280728,126.71327896026388,203.48844585287847,332.78793959725584,5093128.354261242,0.00022839634444642574
LFPG,F30,26R,139,893.043165467626,914.468703002899,-21.42553753527313,-22.23306897483826,190.66651654156428,141.83865378958305,191.18377711249332,380.14237135542834,5080621.891708935,0.00022783550440270032
EDDF,B44,25C,118,882.4661016949152,907.6670133019231,-25.200911607007836,-56.01246784091404,206.7772115887016,145.19339225695845,207.4356654156245,353.1007023656526,5077487.523797903,0.00022769494674869365
EDDF,F212,18,109,943.0183486238532,891.1593210655064,51.85902755834666,33.98572699926035,210.40907202642416,149.50728097941783,215.76647422222615,439.5874954719094,5074513.682413673,0.00022756158774929727
LFPG,D18,26R,110,1004.1818181818181,1016.4106791481524,-12.228860966334027,-23.60414339964251,215.0886862390109,158.9524542670576,214.45772068582045,463.8208457595926,5059132.535793312,0.00022687183531874133
LEMD,T16,36R,147,1214.4829931972788,1248.3571498378333,-33.87415664055402,-38.0001777150278,182.11217811432036,136.33539758648035,184.62581810877407,346.3764640104995,5010743.828713117,0.00022470189122134613
EGLL,331,27R,113,1391.1061946902655,1459.9882868716184,-68.88209218135292,-43.23731769870574,199.8033072596189,150.556861770266,210.50609926886492,451.3704139905061,5007348.414721433,0.00022454962721195118
LFPG,J21,26R,152,755.5394736842105,750.1165284089551,5.422945275255409,-21.644300136709887,181.9479534020143,142.5676772991745,181.4295170309747,329.242022590824,5003333.786814095,0.00022436959516198697
EDDF,A66,25C,104,1057.3365384615386,1099.9987239748027,-42.6621855132641,-69.70235438765434,215.60110801724286,154.2213620012364,218.7622907916121,372.19263383231765,4977121.7467289595,0.0002231941419396233
EHAM,E02,24,102,976.8137254901961,973.5477538401226,3.2659716500734595,-13.937058340710053,221.88262435353872,163.01087899194206,220.81643934376797,429.3825349990847,4973509.788214916,0.0002230321672035636
LEMD,358,36R,158,980.8291139240506,963.4383843747917,17.390729549258836,-15.190971162097526,176.85723333138358,116.00009240852854,177.1523451337377,347.59698661682205,4958506.635048501,0.00022235936551862038
LFPG,F66,26R,167,915.3592814371258,921.8574458414821,-6.498164404356377,-35.15965231698715,172.69501465666204,124.0128955332726,172.29976781135622,307.0829858662845,4957764.067970494,0.00022232606582650065
EDDF,V96,18,174,1178.0919540229886,1174.874477016153,3.217477006835535,-7.887860801618331,169.1119523064213,119.50916235815313,168.65599114889187,302.443325105835,4949402.742972227,0.00022195111040980968
EHAM,B31,18L,180,745.8722222222223,732.089350485803,13.782871736419192,17.991184090804097,165.6856955121769,121.05407225692967,165.79869580342157,319.8652295623357,4948057.355420793,0.00022189077782495462
EDDF,V157,18,173,525.2023121387283,518.9653313144389,6.236980824289434,-8.147793798216526,169.22710944710286,111.15634892188619,168.8525332981686,289.87572145322395,4932433.7942091795,0.00022119015454987416
EHAM,G09,24,117,1030.5726495726497,1071.912603341649,-41.33995376899952,-26.678831817023706,201.87579951656718,148.1156930452631,205.2181931571559,442.27516296737866,4927397.295914466,0.00022096429772489138
EHAM,B27,18L,180,735.8666666666667,745.1867436375062,-9.320076970839455,9.219148342826088,165.3276768928282,114.28509245568445,165.13101841882906,305.1235426271609,4908285.58392714,0.00022010725175031543
EDDM,116,26R,142,966.4718309859155,918.9286394908128,47.54319149510277,13.938906168584765,179.70166071931627,125.03327872028906,185.27176966563633,337.87661052029335,4874239.266175197,0.0002185804780317817
LFPG,J31,26R,139,730.5467625899281,735.6593733052744,-5.112610715346451,-42.99432896468818,187.85859636817023,135.81417337391758,187.25143522684291,403.95104741245905,4873770.899237244,0.00021855947457593937
EGLL,328,27L,120,1356.0833333333333,1392.6655359223664,-36.58220258903317,-35.54074057820435,198.44867509247916,152.22369238765413,200.9774909954904,332.87938228852477,4847034.226421091,0.00021736049471344278
EHAM,E06,24,101,927.6039603960396,900.6464712470183,26.957489149021356,4.780520958604825,218.44177578279343,142.08945378144068,219.02299416011866,468.6165367273061,4845078.2690572,0.00021727278172434602
EGLL,327,27L,102,1481.6078431372548,1502.2314196124073,-20.623576475152213,-26.529849040918634,217.93547075018017,170.81165621116665,217.8429607290281,451.05641243604333,4840466.664997266,0.00021706597886448053
LTFM,B6R,36,128,1123.9921875,1117.5383288871785,6.4538586128213895,-5.837234529985892,195.0604005998492,149.35236079479216,194.40410952212008,392.3273051806797,4837498.5982833225,0.00021693287882450793
EGLL,421,27R,112,1268.1964285714287,1291.7738045473177,-23.577375975889293,-27.118340745504383,207.37401110975708,161.91144692845697,207.78813496009832,417.78912023345157,4835701.811381957,0.00021685230367864933
LFPG,E22,26R,109,1007.605504587156,1106.6967525968598,-99.09124800970378,-114.02237413346711,186.56071386891017,168.3602477477785,210.48673208208942,392.3256391602204,4829208.417703104,0.0002165611138094483
EGLL,342,27R,101,1421.5049504950496,1453.1346585219037,-31.62970802685413,-16.228859773613976,217.36094170059386,164.95328989276726,218.58279304867992,417.4118210589163,4825622.179113165,0.00021640029245815256
LEMD,T13,36R,166,1257.2469879518073,1289.7280628827173,-32.48107493091001,-34.36330420571551,167.62198301572968,125.63826471610736,170.24361839550585,320.31041757455665,4811159.674329506,0.00021575173561953236
EDDF,F234,18,107,826.7570093457944,796.1104949981943,30.64651434760008,-2.346522782146849,210.54749346524014,136.32658618040085,211.79035500295853,389.56895757764994,4799501.528533875,0.0002152289375085211
LTFM,B6L,36,128,1094.8671875,1109.2333362919612,-14.366148791961265,-8.52650459496698,193.62909377053487,145.7473738567085,193.4055432769253,358.6441684339988,4787930.1337910555,0.0002147100296633663
LSZH,I03,28,150,485.46666666666664,488.50563063853554,-3.038963971868834,-29.559118447256452,179.11638690053724,116.09504708649207,178.54419851850852,277.7876566244562,4781704.623692487,0.0002144308527705166
LEMD,525,36L,109,921.7155963302753,908.3973909676732,13.318205362601917,-10.283604193377073,209.77630897103575,145.27286530783593,209.23610757539623,384.0100684315498,4771992.609750004,0.00021399532703321212
EDDM,119,26L,133,876.4135338345865,865.20578700056,11.207746834026372,-19.966393347290932,189.52972983118133,136.06899104049145,189.14821033726207,386.286165423282,4758347.048013954,0.0002133834052041021
LFPG,X05,27L,137,725.2700729927008,742.6520619503574,-17.381988957656688,-18.07443406519053,186.0116955399554,120.54464408858735,186.14490890727282,345.58113740923613,4747040.014357274,0.00021287635237250447
EHAM,H01,36L,162,990.0246913580247,1007.5934651648112,-17.568773806786414,-17.38198220299381,170.05354815669847,129.86611982945092,170.43580489236388,349.7163498948598,4705834.901467884,0.00021102854950914935
LSZH,A57,32,150,781.3866666666667,763.8850215933353,17.5016450733314,-24.552273839927636,176.80587617469482,130.74088072794845,177.0825324846441,398.1595804483986,4703733.496676256,0.00021093431407284653
EGLL,323,27R,108,1497.7962962962963,1515.689510124142,-17.893213827846196,-4.959287807809119,208.86846886661243,153.99645890523948,208.66782118496508,411.78069442422134,4702564.0365927005,0.00021088187078269527
EDDF,B42,18,117,1128.7350427350427,1135.144515418358,-6.409472683315446,-9.612480348159579,201.22303033757188,134.17689685016282,200.46374946980066,325.8673902926652,4701728.637624447,0.00021084440813552995
EGLL,220,27L,139,960.7841726618705,980.2173553713959,-19.433182709525454,-32.039278080869735,183.48477855660425,144.45046405689632,183.85349149971069,367.8404401906284,4698492.7807921525,0.00021069929931041468
LFPG,F10,26R,134,923.1865671641791,951.3508534200488,-28.16428625586985,-54.064705620050404,185.75788499004614,143.06033596775248,187.19431469603126,363.9091180444958,4695589.334905248,0.00021056909712803456
LFPG,F04,26R,159,946.3333333333334,954.5749364242927,-8.241603090959472,-22.06587340461749,172.1023334294804,129.57252860717128,171.75812305043812,343.7878381458599,4690635.600575701,0.0002103469517718743
EHAM,D07,24,137,776.0875912408759,799.1908959990296,-23.10330475815376,-36.553285761456436,184.13501765342673,133.11114625541455,184.9107366303104,395.34936085590084,4684301.331399471,0.00021006289768488466
EDDM,117,26R,158,915.2594936708861,900.2576572565079,15.001836414378351,15.999720754834982,172.0451374481944,122.62008343946322,172.15471420269049,358.28457177647476,4682684.808309187,0.0002099904062927867
EDDF,B44,18,151,1185.1986754966888,1203.1629871477876,-17.964311651098722,-35.73534361195834,175.73758442481656,125.36951345820694,176.07352801430793,354.4283664879175,4681284.977378197,0.00020992763224798695
LEBL,UNKNOWN,06R,114,814.3245614035088,780.1956120227043,34.12894938080447,13.736401305408037,200.50741367539092,134.79211106994,202.52246362883196,405.7539934891255,4675749.703269238,0.00020967940831093706
EDDF,B45,18,137,1144.85401459854,1160.0878361265038,-15.233821527963732,-30.66565391488598,184.64578864803,140.6009510186849,184.60031088527853,402.41879169528136,4668586.644714983,0.0002093581879773716
EDDM,188,26L,150,899.36,889.251110848348,10.108889151651754,-5.94228650567544,176.52726108737107,129.54649400565788,176.22802762569447,374.18015924148165,4658447.65812638,0.0002089035150706323
LFPG,D12,26R,104,993.375,1024.9269654605155,-31.551965460515365,-41.64694510486157,209.85211541469184,158.85233413453372,211.21078434309914,450.2802609499242,4639439.523974022,0.00020805111394245072
EDDF,V136,18,216,598.0231481481482,616.1502957434668,-18.127147595318707,-30.487935919398524,145.67400867558803,108.71585487696032,146.4625047524309,255.9890840967277,4633473.3044448625,0.00020778356468080983
EGLL,313,27R,109,1464.788990825688,1526.1174466962384,-61.32845587055051,-63.517798894705265,197.67879345040396,165.21301123306776,206.10575237093914,398.8221545546896,4630274.346482606,0.00020764011054932188
EGLL,325,27L,106,1498.7264150943397,1506.3396908085367,-7.613275714197002,-4.782130957770164,209.81787620589526,163.0119977219421,208.96455851763068,389.5539111286978,4628615.79194564,0.0002075657342982323
LFPG,J18,26R,121,724.4462809917355,738.2388169631232,-13.79253597138751,-39.48974375185378,195.6103165859839,149.74286521009557,195.28800165535185,383.8796512431562,4614625.834455426,0.0002069383683793953
EDDF,A24,25C,109,827.0642201834862,815.8547313609064,11.209488822579893,-6.774367918702751,206.04189598845335,135.64529085553713,205.40067201937356,419.09119862370596,4598648.531195119,0.00020622188188917895
EGLL,329,27R,118,1400.864406779661,1450.0036356983524,-49.139228918691174,-45.12802069188672,191.96829686707008,155.68107069670003,197.3681514381327,440.93574737735656,4596594.089848471,0.0002061297524824929
LEMD,T15,36L,108,1044.8148148148148,1066.0722346483642,-21.257419833549488,-54.06525746865839,206.12555536751813,140.23921581673,206.26734455841816,366.22141819445636,4594991.482567569,0.0002060578851312146
EDDM,222,26L,108,824.6296296296297,845.2728707450523,-20.64324111542277,-41.563012425073794,206.1278059726392,152.06914896416606,206.2071826235827,389.1511483414304,4592311.433880003,0.00020593770097707554
LFPG,J14,26R,145,682.903448275862,711.3985681313578,-28.495119855495734,-52.59910240025965,176.1158748358793,127.74004676870312,177.80569239995137,347.60123279342474,4584155.316224788,0.0002055719478823656
EDDM,219,26L,138,803.3550724637681,822.2284758220808,-18.873403358312654,-41.57420005857335,181.66252171679798,138.70840713402396,181.98444301679294,333.3773516745266,4570330.575018264,0.0002049519909256857
EDDF,A15,25C,123,833.390243902439,873.9309262567626,-40.540682354323565,-75.96364791760823,188.5873304781421,140.4631839729099,192.14468592145568,357.1826364285605,4541108.380326146,0.0002036415502730763
LFPG,J33,26R,142,717.8521126760563,728.968158765705,-11.116046089648663,-26.636593929670312,179.0683569253084,134.04094510656626,178.78263259653224,338.1802215560892,4538778.619976822,0.00020353707445581624
EHAM,F05,24,102,923.2549019607843,879.2585241092735,43.99637785151086,32.09561474837392,207.28044033761168,134.62219464243057,210.90195576718867,420.3800164224674,4536922.764535371,0.00020345385043922656
EGLL,231,27L,101,1266.7326732673268,1297.10267641394,-30.370003146613016,-18.271191070666646,210.7376490540291,165.58350997107107,211.87965291098362,423.8024045639131,4534191.719085568,0.0002033313793853152
EDDF,V144,18,165,889.1575757575757,891.9104553818854,-2.7528796243097835,-18.81686469469605,166.12061627201092,123.75526007238196,165.63933305070302,343.8279778388662,4527004.1278244825,0.00020300905890657968
EGLL,332,27L,104,1419.375,1434.9930037707722,-15.618003770772312,-49.62492284132691,208.9813209588194,162.00501594000286,208.55977562347567,371.3395084743072,4523706.720843909,0.00020286118992544848
EDDF,A19,25C,128,887.1953125,905.1429259434883,-17.94761344348833,-53.2329324260582,187.57643266331735,140.74298149918624,187.702298191656,326.90317444364507,4509715.551542956,0.00020223376966414775
EHAM,B31,24,136,588.2426470588235,610.3089568157972,-22.066309756973556,-24.95277820645964,181.39123494484045,128.96382784548464,182.06529030646792,365.20557915221957,4508096.711075468,0.0002021611743515425
LEBL,95,24L,120,1255.3,1261.7309801823271,-6.430980182327134,-10.182316244194226,194.37863805187914,133.4048311439525,193.67383314717054,449.6635851166994,4501146.437510166,0.00020184949615205448
EDDM,301,26R,145,811.7931034482758,787.7075006921513,24.085602756124736,2.721803114869658,175.05481132236517,123.79629021599288,176.10498007373866,374.60385453808414,4496879.780981924,0.00020165816212583783
EDDF,V112,25C,105,606.847619047619,596.142843800964,10.704775246655064,-14.037922315876926,207.148345956717,124.7511547183,206.43729947589034,303.61262111274635,4474717.654564336,0.00020066432330873797
EHAM,C05,24,150,610.6333333333333,606.2064079957,4.426925337633265,9.601683713160241,173.08308616255863,113.56006293680088,172.56197153118734,395.757994126783,4466645.1028095465,0.0002003023176448505
EHAM,G03,24,100,974.55,975.3455518645934,-0.7955518645935468,1.1571566496104992,212.3694194319384,134.12927399597294,211.30640196058715,509.50456444941204,4465039.5509529235,0.00020023031824696274
EDDM,187,26L,123,944.1626016260162,918.6144513639815,25.54815026203463,13.145146322571463,189.35745229305732,131.83553931075045,190.30879784145486,390.50056097130584,4454744.939910747,0.00019976866651427792
LEMD,585,36L,136,823.7058823529412,834.6383174894505,-10.932435136509435,-12.73190590413418,181.23833040734564,131.13763718786856,180.90142631789826,378.1330875518708,4450644.341963597,0.00019958477922221897
LEMD,330,36R,116,1127.6896551724137,1099.1844907307584,28.505164441655598,-29.510508396482578,194.56782379682312,130.18616213295996,195.81325830698898,332.45275715637746,4447768.526940752,0.00019945581611883041
EHAM,D56,24,129,547.984496124031,566.9013767544424,-18.91688063041135,-17.54525398574134,185.28156160361985,108.60669688806853,185.52893890495523,288.3734412148077,4440307.345084621,0.0001991212267382654
EDDM,121,26R,114,932.0964912280701,970.541026694511,-38.44453546644076,-12.67408114407283,194.31361536823866,113.19038969428135,197.24237581821149,265.46994966668,4435119.2492990345,0.00019888857167252877
EDDM,118,26R,154,977.8116883116883,937.0292202659641,40.78246804572395,9.72228124783453,165.23428411494118,110.49783844610889,169.67112376235485,329.8216294120181,4433396.696772172,0.00019881132549436732
LEMD,579,36L,106,1050.7075471698113,1054.6668297353615,-3.9592825655501147,4.171362984567963,205.01414866661193,153.46445599877563,204.0832185161617,452.02409230827067,4414895.768471033,0.0001979816695149907
EDDM,121,26L,112,847.0625,832.7125535868407,14.349946413159271,-6.66263191111193,198.81592892132247,131.67007854363823,198.4458818040141,338.4997134296722,4410646.0165569475,0.00019779109355961164
EGLL,330,27L,113,1357.5309734513273,1374.9898945055913,-17.458921054263588,-25.70201016997453,197.58792335164486,149.81638338829868,197.48495110918228,394.0770300608661,4407034.5683493605,0.00019762914170774434
EHAM,D10,24,164,633.4573170731708,624.5471557991838,8.910161273987091,10.692783630571284,164.1339690069221,112.44879182823502,163.87520467856848,319.33736253075796,4404233.564184605,0.0001975035334238938
LEMD,573,36L,130,1019.3076923076923,1025.409692454933,-6.102000147240726,-12.946784442897467,184.53712744749305,140.25258909904286,183.9272474105209,351.2504422332848,4397800.2042014245,0.00019721503570687925
LEMD,71,36L,132,1307.8181818181818,1347.7968264059512,-39.97864458776943,-46.353715336404434,178.75630980126812,135.08297313112436,182.51037213218527,347.6412755506189,4396924.743529394,0.0001971757765319105
EGLL,313,27L,101,1322.3267326732673,1359.5862620035132,-37.259529330245954,-45.70688078616104,206.31417829354837,154.38828886481627,208.64412692218636,401.8784522241872,4396769.541611263,0.00019716881665415232
LFPG,J12,26R,167,689.3592814371258,691.3838117330644,-2.024530295938522,-10.196835525078313,162.72615435062704,114.54438501087469,162.25085006918695,270.6756361127878,4396331.5041450225,0.00019714917329371432
LSZH,A04,32,157,836.1273885350319,823.1890375269423,12.938351008089533,-25.629420771298783,167.36623928326688,118.64085004695187,167.33332617373588,353.1826489771086,4396069.401593443,0.00019713741956192376
LEMD,T12,36R,163,1242.4110429447853,1270.5886765479288,-28.177633603143537,-34.30983755690772,162.20833242196292,122.7122237941214,164.14658580892703,316.5981771425132,4391888.566134573,0.00019694993409736857
LSZH,B38,28,185,848.7891891891892,871.3063954507344,-22.51720626154513,-49.08121361204974,152.49862555305629,117.3961578190412,153.7437744427613,294.5543144691232,4372872.4132827325,0.00019609717337847543
EDDM,312,26L,178,770.5674157303371,743.6328597914476,26.934555938889645,9.542773514566534,154.7596207589524,111.61146285528174,156.65713173792207,338.562453393745,4368379.332534775,0.00019589568558025855
LSZH,A49,28,185,713.2378378378378,681.1568790017102,32.08095883612769,7.1408917812040045,150.45243460644713,109.45284039134894,153.4365230087677,297.1590623235116,4355411.819708718,0.00019531417018931897
LEMD,312,36R,160,1146.925,1140.8974500725542,6.027549927445612,-10.90216881860124,165.22014113543506,107.64330748636868,164.81327556043794,306.4428527041293,4346146.528153736,0.00019489867727922618
LEMD,346,36R,217,964.4101382488479,965.7674144355852,-1.3572761867374712,-15.021007906123828,141.7083876474549,100.7596143546464,141.38800842634907,274.4178212192224,4337953.45710895,0.00019453126704601395
EDDM,189,26L,131,898.5114503816794,874.4801593553601,24.031291026319234,15.113498123380623,181.0606697966846,127.16923009771519,181.96213190012065,301.7357534192163,4337438.485378434,0.00019450817364397062
LEMD,T20,36R,148,1239.0,1222.0203133117782,16.97968668822166,-13.459314865400756,170.56557728770875,123.22508960516589,170.83428866811016,331.7297707743833,4319284.4193414,0.00019369407236253944
LEMD,352,36R,187,984.6791443850267,966.8686231303817,17.810521254645064,-0.00025882222621476103,151.05561970763404,108.65996205098322,151.70034472753306,291.9379748348886,4303429.988414593,0.0001929830959615753
EHAM,C14,18L,134,751.2686567164179,733.9371691359804,17.331487580437543,10.996265898075592,178.84141425544468,116.77269314555731,179.01380804552528,298.9163119339685,4294156.425108663,0.0001925672321129262
LEMD,T26,36L,159,996.62893081761,1005.1580306657611,-8.529099848150997,-34.06472827873358,164.39331166105583,126.0904486727884,164.09733970293715,319.5527307268485,4281541.966715404,0.00019200154910166233
LEMD,529,36L,112,906.3839285714286,910.0226336881782,-3.6387051167496622,-34.10183400586686,196.28167308724028,145.16712962985372,195.43732704029992,381.6439873381365,4277923.8656736,0.0001918392989099713
EDDF,C5,18,116,1062.5258620689656,1066.4230043267826,-3.897142257817038,-49.20314042990793,192.5184545464005,137.34552413408713,191.72644933534482,323.44948664949686,4264047.639469671,0.00019121703315909202
EDDF,V163,18,188,515.7606382978723,515.9522814229965,-0.19164312512409132,-19.946176154004206,150.89130718324932,107.24181301664707,150.48958746409377,310.35261736566275,4257657.795801268,0.0001909304868885221
EHAM,D56,18L,113,636.2212389380531,649.374143379387,-13.152904441333945,-19.717074750952747,194.46110246062088,122.17417700471454,194.0450261731046,378.34280966029814,4254842.356624855,0.0001908042312807352
EGLL,331,27L,116,1437.4310344827586,1463.1974229630923,-25.766388480333518,-47.10502286304575,190.52395229865294,153.3351642881483,191.44283093446583,327.7772964761249,4251441.471879487,0.00019065172194075836
EDDM,202,26L,123,840.6422764227642,803.4496134078577,37.19266301490644,6.851534319149096,182.8995564076431,133.5010832506379,185.91280865631538,365.83988846685924,4251319.407965007,0.000190646248104264
EDDF,B48,18,136,1049.0,1057.40173937051,-8.401739370510178,-21.306229243609437,177.02835829601312,118.56429602842533,176.57631423955016,302.5381470838874,4240370.486057714,0.00019015525444274298
LFPG,U12,27L,102,983.5588235294117,1009.7277335454233,-26.16891001601164,-40.03689598696474,201.8508277361055,154.47214477431655,202.55646105343865,402.08716754371966,4184970.2312783073,0.0001876708843674374
EDDF,B23,18,135,1096.3777777777777,1138.5065148163485,-42.128737038570684,-32.0607750709853,171.42416132934247,133.11085398445402,175.9073554380586,377.28906755050366,4177358.6891235504,0.00018732955222679112
LSZH,B45,32,132,824.6818181818181,806.4368785126073,18.244939669210904,-2.041742006980769,177.58982522087794,128.0924373538579,177.85414950701528,362.2743885400613,4175437.0015860144,0.0001872433760344369
EDDF,V176,18,132,415.74242424242425,409.7669579740435,5.975466268380707,-13.675542603550042,178.18887066487449,104.25080801744807,177.61317483287777,277.6227052860969,4164130.0633963016,0.00018673632748396175
EHAM,C18,18L,142,716.1056338028169,719.1824573468812,-3.0768235440641707,17.518664247086974,171.8108544268271,121.44835026161718,171.23246325885677,297.09304600435667,4163519.0192647944,0.00018670892580934756
EHAM,B27,24,156,578.8076923076923,612.3728956993131,-33.56520339162063,-15.733741090814874,160.29084595828343,113.89863139057364,163.2638308483975,295.99428563805037,4158192.2402738873,0.0001864700516313231
LEMD,312,36L,105,873.5142857142857,897.037816833863,-23.52353111957727,-64.12186055211293,198.42604204467253,146.80075746425396,198.8750128433748,399.71550842603125,4152883.427012512,0.00018623198310881427
LSZH,H11,28,193,399.5181347150259,403.28903144754565,-3.77089673251972,-18.04535562720173,146.9133895865931,104.8140345930359,146.58080320282798,301.4117221511262,4146784.8504441334,0.00018595849842559814
EHAM,C11,18L,129,754.7751937984497,742.5950139766614,12.18017982178818,-2.5547948270794905,179.30684930258806,120.66899907266775,179.02533576612552,399.7098112604492,4134459.139156443,0.0001854057639950089
EHAM,H04,24,152,811.6578947368421,812.9926767823159,-1.3347820454737422,7.428105266742534,165.39700213381158,118.57591245366778,164.8574389174353,355.1933700458685,4131052.225295218,0.0001852529842852463
EHAM,C07,24,162,594.1728395061729,585.9566298833684,8.216209622804563,6.6387421506748865,159.74041406218933,103.78500195120293,159.45843859877064,364.56688858943073,4119172.9697379814,0.00018472027072389502
LEMD,72,36L,137,1307.7299270072992,1345.5694755054449,-37.839548498145625,-26.605287865528908,169.58288569008909,134.791924127353,173.14812025734753,368.66393389047005,4107297.202165445,0.00018418771357779572
LEMD,356,36R,187,955.9732620320856,952.6278319743809,3.345430057704654,-13.967961011201965,148.40117286250148,103.64950830429486,148.04165105526113,297.25090820437657,4098353.79362036,0.00018378665519549925
EHAM,C16,18L,140,699.4357142857143,706.749815673888,-7.3141013881736985,-10.756943048685855,171.13281683032855,114.82813013880005,170.6773219005387,296.38237173688594,4078304.7495596143,0.000182887575483658
EGLL,236,27L,105,1205.3904761904762,1228.3291676471983,-22.938691456722076,-14.645973417534606,196.42129516879237,156.87216801313747,196.82496683396582,347.33403255619226,4067707.094765133,0.00018241233405120137
LSZH,B38,32,130,893.776923076923,878.9024569249896,14.874466151933614,-25.711650334468743,176.93146536456518,123.4029612626766,176.87619246415977,333.68190907512195,4067074.3698804034,0.00018238396012447877
LEMD,74,36L,108,1360.4907407407406,1379.1621449665797,-18.671404225839378,-20.110245516653322,193.6041853102011,150.17504640011478,193.60821515160745,361.0558930911438,4048287.225212642,0.00018154146905293277
EDDF,B27,25C,153,658.2418300653595,625.1252860250901,33.11654404026936,13.815275056622909,159.65035335180966,117.3910998373901,162.5372297080285,304.83367372117186,4042007.7092975443,0.00018125987032222308
LTFM,B18R,36,106,1103.2075471698113,1099.4824847728466,3.7250623969647716,-5.083772083256463,196.1557186654439,147.66443473413375,195.26379814668033,408.5452811910214,4041562.791866757,0.00018123991843652454
EDDM,202,26R,153,716.9281045751634,697.3090132745616,19.619091300601845,-5.46078930020667,161.66727821835826,114.46706052674358,162.32803837284814,292.7829843075907,4031609.9824224594,0.00018079359446117302
EDDM,251,26L,130,733.1538461538462,739.2308893588363,-6.077043204990103,-22.649334521106994,176.57641055449145,126.55417279082265,176.00090623959787,363.0093398565838,4026921.4696307634,0.00018058334270468278
EDDF,V171B,18,133,408.09022556390977,392.4214840697876,15.668741494122179,-12.626756605925493,173.87890342921776,102.28441553980004,173.93119376333624,252.14215488696337,4023524.001803916,0.00018043098659306485
LSZH,A17,32,149,743.6778523489933,742.5054122956453,1.1724400533479953,-24.614867517352877,164.66774633375755,111.42125047895136,164.11842766870316,254.0263458029716,4013293.886766656,0.00017997222712044686
LSZH,B41,32,130,853.276923076923,855.3474543334081,-2.0705312564850487,-38.63267681709118,176.1818837597134,131.52032958258494,175.51516630193706,331.27453994612586,4004724.568259561,0.00017958794443890397
LEMD,519,36L,106,892.8584905660377,891.5015136858639,1.3569768801738917,-10.50637971706334,195.17063945629948,141.91660861648637,194.25258139296037,420.9351218681971,3999810.9300498418,0.0001793675971539012
LEMD,T25,36R,138,1135.5072463768115,1119.2535702249254,16.253676151886157,9.854775786088226,169.70844968867505,126.52512387859068,169.87182606523248,350.58377449862706,3982188.3461216507,0.00017857732966623192
LEMD,T2,36L,147,1302.9183673469388,1322.4836670099482,-19.565299663009455,-26.439579568141653,163.6371252634983,125.22128557850525,164.24905635322713,327.6641413771321,3965729.6194000607,0.00017783925421319355
LEMD,549,36L,102,1020.9901960784314,1024.2341112048175,-3.2439151263860575,-2.7297157337788462,197.45625966125527,145.77129762547048,196.51272889287065,368.42236105525393,3938959.7669261335,0.00017663878644149495
LSZH,D06,28,116,653.0344827586207,702.1334147936484,-49.09893203502776,-63.28028655882565,178.3007577646705,129.78050262294715,184.19501518881066,279.40487989489515,3935625.2199671175,0.00017648925195446654
LFPG,D24,27L,102,957.8235294117648,978.8834211763992,-21.0598917646346,-32.467142689212324,196.11188566064726,133.02652731852416,196.2812603710613,329.52783039539065,3929685.983630941,0.00017622291272764316
LEMD,350,36R,174,993.2931034482758,990.0521054916151,3.2409979566607543,-17.227035523874974,150.6649366457749,111.65153819075127,150.26632315283217,285.49610515920835,3928914.4100536215,0.00017618831226751854
EGLL,537,27L,101,1544.3267326732673,1564.275534904201,-19.94880223093366,-29.941792799268114,197.06074503805414,146.60760325329147,197.0949198186578,381.6991115976457,3923487.1492506373,0.0001759449320812089
LEMD,T24,36R,116,1150.0344827586207,1123.7853582646483,26.24912449397251,-8.085589859857464,182.81457377348102,124.08904983832967,183.90777960741096,421.6032126372777,3923360.2824148526,0.00017593924286242053
EDDF,V143,18,168,869.4761904761905,878.1257980925828,-8.649607616392498,-17.27467044433439,152.9090669395287,114.0301634007501,152.6984766046335,286.84082757134564,3917226.559239135,0.00017566418206407876
LSZH,A42,32,131,869.3816793893129,847.8256467943003,21.556032595012677,-4.40427770474048,172.11075870776494,119.75669196935308,172.80235184219106,377.74804072713437,3911745.517087203,0.00017541839010593762
EDDM,317,26R,121,1001.6280991735537,1067.6604505242879,-66.03235135073427,-55.8993984629908,167.5837645585999,131.3156616143828,179.47837687504068,325.5337288392334,3897711.019649595,0.00017478902683685556
LEMD,73,36L,138,1313.6304347826087,1361.2705754455162,-47.640140662907534,-47.52158934154261,161.61880957247993,126.07303335128344,167.9313628029334,349.2093877348921,3891730.080573361,0.00017452081749156668
EDDF,B28,18,122,1048.7295081967213,1090.8660029471525,-42.13649475043132,-67.17400357664673,174.23757609955172,144.16538771232484,178.56476427824185,334.7856272966135,3890015.7550927773,0.0001744439402472245
LEMD,324,36L,103,835.3203883495146,822.1881477196571,13.132240629857677,-33.916201108306154,194.77750687384736,136.57058503876422,194.27403362198984,316.1311301946542,3887467.2143950784,0.00017432965343987546
EHAM,C11,24,159,574.6352201257862,569.4000338318905,5.2351862938956275,7.440233177613095,156.37546691487097,108.69344494688244,155.97082923642301,311.9203594945125,3867977.0320588914,0.0001734556353338022
LEMD,342,36R,189,1003.1322751322751,972.484363514865,30.647911617410077,19.071400828431933,139.9517764253585,104.64572180629855,142.90612981060997,303.081344505761,3859788.606177466,0.00017308843340838373
LFPG,J16,26R,147,713.9863945578231,725.052047974358,-11.065653416534968,-28.274982016019294,162.20658678281566,113.75159814742628,162.03221668717714,297.3498293329179,3859402.568950367,0.00017307112194765533
LFPG,E21,26R,130,801.8076923076923,820.5910436764095,-18.783351368717117,-28.870355723838827,171.7004502111139,135.93294507725005,172.067084665154,358.4678385722825,3848920.6112714857,0.00017260106883884338
LSZH,E58,32,132,758.0378787878788,717.8177170977824,40.22016169009641,16.35280821087497,166.57490392788964,116.73791738520787,170.74733958343938,262.0914501897797,3848414.3246765523,0.00017257836491318477
LEMD,T13,36L,125,1072.256,1088.0775980351798,-15.821598035179617,-46.43609220701444,175.3019223908375,125.68505791602145,175.31469090284085,403.1532148584936,3841905.105794829,0.00017228646537828624
EHAM,C10,18L,156,705.9102564102565,718.2597247434175,-12.349468333161045,-2.259379966303925,156.81111786008032,117.7346063493945,156.79480093272798,303.0867033217812,3835199.0975272716,0.00017198574101643974
EGLL,320,27L,100,1452.62,1486.3521592483046,-33.73215924830512,-43.1912889485244,193.87533499280502,155.0806886671482,195.83060953522988,355.09677267069327,3834962.763093966,0.00017197514283063343
EDDF,B24,18,126,922.7698412698413,919.6936168576456,3.076224412195677,-21.56000017543596,175.09395510379883,112.58157267994237,174.42488256699588,303.13224480886026,3833428.9969722973,0.0001719063625936045
EDDF,V162,18,179,516.8882681564246,505.06187714814394,11.826391008280728,-3.4459846377243366,145.9733597205058,106.07798782737295,146.04466757609305,278.3117699078123,3817899.0420066626,0.0001712099369987928
LSZH,102,28,106,423.3490566037736,415.737063990601,7.611992613172613,-20.35586905235843,190.3807292470316,146.69823614185617,189.6334153478975,374.2000076007989,3811848.21494987,0.00017093859359557922
LEMD,320,36R,153,1094.8169934640523,1091.3859882828574,3.4310051811950633,-1.3081285992258245,158.1838456297245,111.56157266951882,157.70338451614,338.419553383511,3805164.695640362,0.00017063887772899368
EDDF,V175,18,144,449.3333333333333,432.1106554733042,17.22267786002913,-1.1543468410987998,162.01753858967388,108.74365994853055,162.36999100623214,287.44259782831034,3796418.013028403,0.00017024664132817075
LFPG,D20,27L,100,946.58,994.7311818360852,-48.15118183608499,-39.308413072224596,189.64482053410788,140.52839258732217,194.74096304596927,365.7729447893578,3792404.268807157,0.0001700666489062424
LSZH,A15,32,174,737.1666666666666,730.6722620805937,6.494404586073023,-12.816142418711763,147.2372202393778,108.07957060005013,146.9570873274208,291.90364897534175,3757771.0797420978,0.0001685135575194205
LEBL,281,24L,115,915.2260869565217,907.5625368798263,7.6635500766953895,0.7282667599068873,181.20667159642292,127.26511827042646,180.57978467231868,310.3197038857525,3750041.7427146127,0.00016816694298326908
EDDF,A13,25C,158,688.5886075949367,716.4381488143221,-27.849541219385408,-31.924993282194862,151.81934090388046,117.58531259035475,153.87926683344347,326.5022220897728,3741254.944269299,0.0001677729076272549
LEMD,T14,36L,110,1096.490909090909,1093.2841659709127,3.206743119996335,-7.030912943410726,185.22120690957104,130.53869152888396,184.40525432425622,348.8962151597803,3740582.7604632974,0.00016774276420391894
LSZH,H14,28,150,503.06,487.50085519507684,15.559144804923147,-3.863053669869032,157.24992581605304,118.21807059909251,157.49532023233917,309.782209015165,3720716.3842630587,0.0001668518760530763
EHAM,H06,24,114,795.2894736842105,820.9972412218216,-25.707767537611055,-22.69867039195492,179.40199217956433,124.40502706933565,180.453979984477,336.0580033658393,3712254.833715135,0.000166472426119937
LEMD,T18,36R,119,1256.9747899159663,1280.1561051707274,-23.18131525476095,-43.03883007497802,175.60991107319177,132.96399669971757,176.40029569369128,338.6220082880856,3702930.654177784,0.00016605429243604674
EHAM,B24,18L,154,715.9155844155844,694.1311492050035,21.784435210580973,20.37278190457664,153.78571404429385,114.13548427566809,154.8258238644214,306.8868700836549,3691539.503235714,0.00016554346744730884
EGLL,335,27L,105,1420.4285714285713,1439.1968049373497,-18.76823350877821,-17.781711284626454,187.40027406726145,137.34438469346063,187.44770990940918,348.5906613963089,3689347.614779612,0.00016544517435984146
LSZH,A08,32,161,813.335403726708,817.5810206589648,-4.245616932256837,-10.473886499323498,151.7055400577363,108.06473868547401,151.29325332644996,293.94778116479756,3685233.4088383196,0.0001652606768306353
LEMD,322,36R,119,1132.8655462184875,1124.307364934912,8.558181283575635,-2.332923980301871,176.24404677748245,125.22654082145552,175.71050504627502,408.6623012084929,3674027.608450427,0.0001647581637056618
LEMD,T22,36R,142,1165.0915492957747,1193.9410165868464,-28.849467291071615,-33.806117545536836,158.58804349067952,114.18535614118458,160.64042282463478,300.325451504389,3664359.053229397,0.00016432458683208584
EHAM,C12,18L,153,720.4248366013072,705.3985134707732,15.026323130533978,24.228070966790938,154.51597564129338,110.09702866863528,154.74149457441297,307.13039881794674,3663574.31189783,0.00016428939587694017
LSZH,H13,28,178,444.82022471910113,456.309909611948,-11.489684892846917,-43.32895543099082,143.17736067144656,116.5662871034815,143.236176630831,279.47421016464983,3651955.208655715,0.00016376834859093876
LEMD,T19,36R,132,1235.128787878788,1247.857754722609,-12.728966843820977,-25.54338676338108,166.36597993976494,120.22353780800843,166.22270239881445,319.49554751313883,3647158.2566449577,0.00016355323398405371
LFPG,E40,26R,116,857.0431034482758,872.7877791018562,-15.744675653580542,-33.10453669032353,177.2683865253393,131.45940633286077,177.20349438972488,309.9912694495488,3642525.097175794,0.00016334546449300823
LEMD,70,36L,103,1304.7864077669904,1322.2657437983619,-17.47933603137178,-7.574213038061771,187.940859010202,143.9340662148679,187.8413263951424,355.05972023777446,3634289.481894302,0.00016297614640523882
EDDM,215,26L,100,785.02,750.1899206242,34.83007937579994,3.7205612596326887,187.9251697909511,144.5090878830303,190.19948784335025,393.4163804771914,3617584.517587274,0.00016222702866925222
EDDM,216,26L,125,856.328,875.422364962216,-19.094364962215995,-44.07900152005982,169.10178723413512,133.93653347259394,169.50293774304555,354.53563415692884,3591405.7379403473,0.00016105306697860997
LFPG,X04,27L,149,706.0536912751678,707.3364291324451,-1.2827378572773853,-9.438954441706755,155.70192230784332,115.64108717901429,155.18385461793764,328.72962577078954,3588222.2813780997,0.00016091030799219783
EHAM,C08,24,174,585.7413793103449,593.539526206684,-7.798146896339094,-2.5869587655072905,143.63404476393302,99.14732853055897,143.43284995358962,333.3826288330834,3579698.9455707585,0.0001605280873597142
EDDF,V134,18,200,599.75,606.2668382399611,-6.516838239961172,-16.653300764015427,133.8986834597883,97.33090803717889,133.72240771743932,287.3475335061768,3576336.465149816,0.00016037730022398975
EGLL,327,27R,110,1472.2454545454545,1509.419909640071,-37.17445509461636,-44.238822878888755,177.21990497909184,142.7845208439301,180.28676492645116,387.6166639793239,3575364.9368410003,0.00016033373299009627
EHAM,H02,36L,136,964.6985294117648,993.0072850936515,-28.308755681886723,-22.459193604759662,160.1875459885654,121.31030700402262,162.0887371185001,343.04139130787667,3573095.1832911507,0.0001602319481188891
LSZH,B31,32,167,871.6766467065868,843.767908958212,27.908737748374914,22.579543572682837,143.84610292960178,109.83186362053645,146.10508741169582,297.61851326153925,3564898.326785739,0.00015986436813040882
LSZH,E56,28,126,785.8174603174604,758.8610103498254,26.95644996763507,6.328979705870324,166.66853915358655,120.11329890735476,168.18022663487946,389.2745422727448,3563858.167500887,0.0001598177232077252
LEMD,344,36R,160,1016.875,993.7159649723278,23.159035027672182,4.853614348674569,147.86803923568635,105.14701574415479,149.21341075586383,300.8096246548729,3562342.711903703,0.0001597497640882033
LEBL,214,24L,159,879.62893081761,892.4472544348283,-12.818323617218411,-23.47960583250881,149.50527520970118,116.66540621579702,149.58462222300088,321.328997814499,3557713.9136900636,0.00015954219017338318
EDDM,213,26R,149,747.6845637583892,714.6855020228359,32.99906173555336,10.642833201709323,151.35981121991483,102.71295659644446,154.41817746505566,300.85184936269746,3552901.0562127847,0.000159326362301456
LEMD,565,36L,105,1061.8,1051.9200431388174,9.879956861182398,7.188921689654535,184.52840114587553,132.85715446935592,183.91316348338353,408.3093415103097,3551525.4287589043,0.0001592646736378425
EHAM,B16,24,121,562.9090909090909,563.1612574734789,-0.2521665643880389,2.7858584784655704,171.9281601152469,108.53612359797455,171.21642490479744,406.3838625277957,3547122.7630187967,0.00015906724041195124
EHAM,C14,24,158,579.867088607595,567.4281479726706,12.438940634924366,22.755492095146195,149.78684879947673,108.26454230010013,149.8293251804242,307.37360742065,3546914.616075365,0.00015905790626647505
EDDF,V174,18,143,430.6013986013986,443.1450270574319,-12.543628456033279,-31.230808879985034,157.1788620691726,111.95965735761753,157.1297988830656,281.44421746220905,3530637.6386756683,0.0001583279811834723
LSZH,A13,32,169,719.5443786982248,721.0044620962748,-1.4600833980499266,-5.494729130693486,144.66442311886883,111.10553830981596,144.24317679344077,314.18375339010083,3516229.894697384,0.00015768188003944617
EHAM,D18,36L,130,1203.7307692307693,1215.2445228699926,-11.513753639223353,-21.770671252896477,164.4212981692795,112.82771566440188,164.19187913484237,318.4865055215066,3504666.5125979893,0.00015716333151342496
LFPG,X04,09R,108,753.7870370370371,736.6432532427724,17.143783794264568,18.488497130969563,179.58484468142112,122.73057924513834,179.57173501758777,446.8622089147128,3482568.86586049,0.00015617238422432108
EHAM,G05,24,104,862.9423076923077,881.3659186997751,-18.423611007467375,-20.18542453284232,182.57434194207062,132.4401528846025,182.62613835243644,396.19862119214946,3468639.866590419,0.0001555477519170635
EDDF,A19,18,159,858.0754716981132,866.9162346853177,-8.840762987204505,-28.6370503111757,147.770978230019,111.31346383696898,147.5706139991164,294.5720731659092,3462556.6924561183,0.00015527495794089306
LEMD,362,36R,154,956.1753246753246,948.6119280539327,7.563396621392051,-12.386646599929634,150.13641660499374,109.00473117712698,149.83917643881682,285.78832565020923,3457573.934562883,0.00015505151105149267
EDDF,A25,18,129,861.0852713178294,868.5903747965062,-7.505103478676708,-7.674029352363391,164.10965367792278,122.19287845668542,163.64452322617467,334.0587308374774,3454559.3676679404,0.00015491632575652205
LEBL,120,24L,137,1195.4452554744526,1202.3833744514234,-6.938118976970859,-14.562396571730915,159.2173983514503,124.76745791514617,158.78690003579644,294.2934009777204,3454219.308347988,0.0001549010761299331
LEMD,T29,36R,132,1106.9166666666667,1126.0225716035634,-19.105904936896653,-36.76483202451038,161.21201586967257,113.52110992623456,161.732683528521,316.0075334946342,3452784.8416164475,0.00015483674887663707
LEMD,T9,36R,142,1256.9295774647887,1252.000304189645,4.929273275143588,-1.975491000933971,156.39663701136692,115.11938223301146,155.92290700780538,312.4697295961354,3452297.3160265908,0.00015481488626984565
EDDM,118,26L,137,786.0,797.133615152621,-11.133615152620973,-38.28328461643264,158.82986248201124,121.82334814272419,158.64029898534008,323.4408038231723,3447843.991315659,0.00015461518129210663
EHAM,C08,18L,143,717.6363636363636,701.1649240229805,16.47143961338325,6.336184638720965,154.93719817244656,112.90731329241397,155.2706437923775,302.60488543855007,3447583.1137890117,0.00015460348249535734
EDDM,214,26L,121,793.5454545454545,805.3188950894937,-11.773440544039133,-30.7668150063879,168.82793680517509,113.9287882458906,168.54057440416003,347.04894095995894,3437116.951678589,0.00015413413772331674
EDDF,V130,18,108,932.074074074074,958.9181449855267,-26.844070911452587,-51.27514106220485,177.10649957608294,133.01366164460694,178.31680743803986,343.80097704224664,3434063.452008659,0.00015399720652624672
EDDF,A14,25C,118,838.4745762711865,836.9239122618818,1.5506640093045978,-1.804100201488609,171.14270752346482,121.61122556766578,170.42303843687586,328.2451008545758,3427193.41954671,0.0001536891266603182
EDDF,A20,18,148,958.8378378378378,977.1879002370188,-18.35006239918091,-12.899626976561251,151.2404355849244,114.56333541679541,151.8415039638342,341.27655652114663,3412264.664247864,0.0001530196612747583
EDDF,F211,18,103,794.4854368932039,780.0201758912658,14.465261001938119,-0.28920350212047197,181.9171545239525,123.17620673993775,181.60890771271409,400.7617404704805,3397124.9221423254,0.00015234073439284032
EHAM,D03,24,102,874.8039215686274,849.1932750103108,25.610646558316695,23.590476672196075,181.52770912190897,118.8970150147974,182.44218958751526,442.33459994021325,3395085.55923166,0.00015224928116382323
EDDF,V701,18,170,389.91764705882355,378.07881284663796,11.838834212185553,13.12457612868954,141.19092187802102,105.9379838814635,141.271973290258,321.7211109631529,3392820.974344972,0.00015214772807624487
EHAM,C10,24,154,579.012987012987,596.9849766647277,-17.97198965174073,-17.19388657678718,147.53416286309871,104.61053486059531,148.14851272855068,326.47830938850984,3379989.200846957,0.00015157229978230466
EDDM,249,26L,112,736.1071428571429,709.7495978745985,26.357544982544265,-10.211048871061223,172.40727604782987,120.32304280822655,173.6479016697033,405.67710081693633,3377202.5004805857,0.00015144733293825992
EHAM,C15,18L,144,710.5,698.9787342343589,11.521265765641244,27.377702656293934,152.91968479457626,104.4486008876731,152.82270017092114,271.55142693811956,3363087.987004501,0.0001508143814284319
EHAM,D16,36L,133,1194.1127819548872,1208.0559735776756,-13.943191622788296,-3.429045521989565,159.00093523018282,103.6859300500869,159.0145435292471,303.2839189805395,3362988.1321573714,0.00015080990353577472
LSZH,H12,28,192,403.359375,411.65841957045194,-8.29904457045192,-15.699681474129534,132.3893453537258,93.77873866537705,132.30467400881503,229.3411697334015,3360869.138799133,0.00015071487935745746
LEMD,T24,36L,134,960.9402985074627,973.8753780019692,-12.935079494506473,-13.507790882452184,158.39491795228992,113.27556956663487,158.33204143269768,330.86847181297685,3359250.736128896,0.00015064230367744047
EHAM,D48,24,137,593.8832116788321,583.0139956939149,10.869215984917155,-0.523626613705801,156.66828239306273,104.2275287580948,156.47341735890254,319.8358766109794,3354298.456576342,0.00015042022355932726
EHAM,C08,36L,111,1089.3513513513512,1100.408799597699,-11.05744824634765,-7.486118248066532,174.23270437961912,119.10028399572535,173.79820376768342,399.40664814535717,3352845.5352489254,0.00015035506872778395
LEMD,T17,36R,118,1253.093220338983,1259.1044779476822,-6.011257608698479,-16.62120024815647,169.0996513828296,125.75918036888739,168.4888703051296,366.0743903022275,3349842.9311704566,0.00015022041989358202
LEMD,545,36L,110,961.9545454545455,968.0904323688786,-6.135886914333353,-27.284877691419013,174.8768230406333,129.08349972221754,174.18821729054432,352.48136194509186,3337568.8547143666,0.00014967000097635967
LEMD,T10,36R,145,1272.2137931034483,1275.9826535504908,-3.7688604470424316,-12.14696664156736,151.86261550016476,119.0669597508075,151.38496711406555,283.228126581722,3323024.1988783726,0.00014901776015439157
LFPG,F84,26R,113,847.3185840707964,876.2057150615557,-28.88713099075909,-32.87869838403776,169.69559502641866,131.8724235366713,171.39493628636498,355.9042940416217,3319513.332860604,0.00014886031881215076
LEMD,338,36L,112,748.6607142857143,753.7685707327389,-5.107856447024573,-27.443721354075535,172.66291507724122,125.80559256569414,171.96624541835132,396.9143191707871,3312107.6310878797,0.00014852821738149755
LSZH,F70,28,143,345.8811188811189,371.6544397140693,-25.77332083295044,-22.956250215841465,150.43496906068532,108.51654019611938,152.10748660120723,350.4742335615705,3308546.309659511,0.00014836851341586753
EDDF,B27,18,152,885.6513157894736,872.6493866067237,13.001929182749777,-0.7491983784627223,147.3048043948803,107.5252060625543,147.39403284906788,284.1628169540245,3302200.139765839,0.0001480839256528794
EDDF,A17,25C,138,683.8985507246376,708.1930226940176,-24.294471969379913,-39.04417067011366,153.1464471035827,115.83822668032784,154.51246004123269,277.20463000244337,3294625.842503107,0.00014774426372287698
EHAM,B36,24,133,583.3984962406015,581.9595993909669,1.4388968496346464,3.980476810797768,157.43593474805454,102.57195965427785,156.84955377327177,289.15152778134205,3272037.0750103043,0.00014673129260531423
EDDF,A18,25C,118,806.1949152542373,787.7480873506603,18.44682790357693,-1.6052430114048661,165.77903879964822,114.28332431134402,166.10259183707592,337.0236292160748,3255628.3797693206,0.00014599546076494042
EHAM,B15,24,148,599.9594594594595,609.9604717999279,-10.0010123404684,-3.011994793602298,148.1835331394574,101.2494631899172,148.02031092944839,330.55059253274834,3242681.842252285,0.00014541488599115616
EHAM,G06,24,116,869.6206896551724,870.6358836581381,-1.0151940029655557,-13.05524071792945,167.62050785967392,123.83044261245705,166.89952937705363,331.3430689793172,3231232.53712871,0.00014490145313520068
LEMD,354,36R,195,961.2307692307693,961.2794425961472,-0.04867336537804943,-4.562521280242322,128.9822480380099,96.0506746508361,128.6511084370902,272.23111211149654,3227466.001907928,0.00014473254655837433
LFPG,U15,27L,107,964.7009345794393,958.4460015712268,6.25493300821255,3.9100515395026605,174.26543051979127,130.9515912539996,173.5619407080961,318.242295537201,3223240.9570725914,0.000144543078567703
LEMD,360,36R,146,957.1917808219179,948.851552398556,8.340228423361747,2.019745099508441,148.62725116417099,111.44383212235896,148.35200510743803,313.2504524126154,3213214.343232009,0.0001440934449066057
EHAM,D52,18L,120,652.2666666666667,629.4419663111662,22.824700355500323,15.656125765174806,162.56213325147087,112.55331843326385,163.48453664040147,313.2105207410683,3207263.246463213,0.00014382657381031716
LSZH,A02,32,155,831.1677419354838,836.6620386417494,-5.494296706265566,-14.745945394615433,143.9254400564371,112.20134030689158,143.56558587591252,266.0058094675066,3194717.0044235718,0.0001432639498945078
LEMD,T14,36R,154,1247.064935064935,1267.5956670055918,-20.530731940656683,-40.74423793157246,142.9697210926083,112.09250174258771,143.97611821178836,281.12732425267,3192284.882761568,0.00014315488378460192
EHAM,B20,24,127,561.5511811023622,573.5085888664066,-11.957407764044442,-10.456844030400248,158.5147957652398,105.97240138143485,158.34162482404793,368.24241676203064,3184152.9092937824,0.00014279021341229064
EHAM,B17,24,142,576.3169014084507,588.5199653450326,-12.20306393658183,12.62338694864306,149.43474745383804,111.58420791371569,149.4068263408799,302.07357673274754,3169780.765530045,0.00014214570872496038
LEMD,T11,36R,150,1245.2466666666667,1284.0874496542601,-38.84078298759317,-34.99150102925137,140.32358356451996,118.39657874140052,145.14834873368537,246.01309918399622,3160206.471017331,0.00014171635888037462
EDDF,A50,18,125,957.104,952.7889587591538,4.3150412408462575,-8.771021854286346,159.15754589400797,115.45388497845121,158.5783560281586,344.79014322720025,3143386.875074178,0.00014096210060112507
EDDM,255,26R,109,936.7614678899082,961.8437291454965,-25.082261255588133,-22.31889059513071,168.29623079199064,123.36790795432057,169.38976176793688,360.8148202137145,3127525.161706026,0.00014025079762622326
LEMD,T5,36L,123,1187.30081300813,1209.2847698444089,-21.98395683627888,-33.923141736297794,158.56667829326267,125.38193004301017,159.4436201494125,309.2301407074436,3126938.964781068,0.00014022451020021047
LSZH,A44,32,145,842.7793103448275,848.3360827596864,-5.556772414858788,-29.839292798876272,146.63057030525962,110.16620735012994,146.22969052430201,311.4805072759645,3100552.746670806,0.00013904124613518692
EHAM,C16,24,144,581.2569444444445,579.0453699617169,2.2115744827275816,14.058071299676385,146.98448356780844,104.84456001139954,146.48992678371593,314.19465761370185,3090139.005470177,0.00013857425212741864
LEMD,562,36L,150,872.3333333333334,883.8839610506119,-11.550627717278417,-26.465746799082126,143.39116617804783,109.28545367633133,143.37841548960924,283.81930590694753,3083605.504246652,0.00013828126367472417
LEMD,T28,36R,120,1107.2083333333333,1113.2140312667252,-6.005697933391783,-9.54600243294442,160.85866712715125,124.73973899101512,160.29956313417733,315.42764356013356,3083513.992920972,0.000138277159939101
EHAM,C13,24,129,565.6124031007752,561.201478863421,4.410924237354188,4.945872336517709,155.14048218395837,107.86866078604726,154.6009295217519,338.46285125312914,3083286.7157596713,0.00013826696791777212
EDDM,224,26L,117,746.6239316239316,743.6979455975778,2.925986026353785,0.15812115846642882,163.00259788852284,117.28684505597634,162.3308830873828,293.5873792373571,3083103.925659757,0.00013825877087506722
LEMD,370,36R,115,943.8782608695652,922.629270497153,21.248990372412223,-15.69814354748246,162.83697018364114,112.63874709537403,163.5139920336942,282.73018346031085,3074734.942941426,0.00013788347205543255
EDDM,514,26L,101,594.1386138613861,611.069182393809,-16.93056853242282,-18.742486040586073,173.73520157779944,136.5745929363532,173.70006828551922,337.8925905614765,3047343.085961798,0.0001366551111018917
EHAM,H04,36L,116,1006.1379310344828,997.6310413390061,8.506889695476671,-21.29924427121898,162.18763239071066,112.62686608905885,161.7109443213668,280.0271322143766,3033449.8235437507,0.00013603208137870357
LEMD,T34,36L,113,1042.345132743363,1037.4593809871762,4.885751756186715,-19.714146158449694,164.4961095137483,123.025514912964,163.83949677497822,318.06455314218977,3033302.019493025,0.00013602545325105156
LEMD,T33,36L,119,1010.0336134453781,1017.8092920627741,-7.77567861739572,-28.49393452689435,159.4997574859353,121.12613570485631,159.01839784341954,321.46175708728117,3009135.2514698785,0.00013494171824779893
LEMD,T30,36R,120,1116.6083333333333,1111.5940408496356,5.014292483697814,-13.84813696260187,158.78234184554265,113.14930469263615,158.19885148250563,294.17287728745464,3003225.193246065,0.00013467668748479936
EHAM,D22,24,165,618.290909090909,648.4892859074193,-30.198376816510372,-30.69086320512872,131.87700299940718,99.20270543756075,134.90026903595157,271.47103683991827,3002683.626685399,0.0001346524014636888
LSZH,D08,28,108,693.8796296296297,719.2860093510361,-25.406379721406672,-45.12945415808588,165.4367449949704,123.73870243204591,166.6174694531809,284.0971037308821,2998229.1617140197,0.00013445264535208863
EHAM,C07,18L,141,760.5673758865248,742.4691443612675,18.098231525257386,18.01999331884599,145.08220026587878,105.26766193342048,145.69525809323818,289.3195124399423,2993022.260550595,0.0001342191469776318
EHAM,D43,36L,109,1181.9449541284403,1191.8265906387392,-9.88163651029893,-23.498728893643374,165.72273055603733,130.46998452184286,165.25648745337926,356.790745666426,2976758.02435175,0.00013348979326128151
EHAM,B16,18L,159,725.2138364779875,707.7482184577599,17.465618020227467,10.458132523386325,136.02281929567746,100.62583888197157,136.71462649581554,301.2629143194297,2971851.366564566,0.00013326975900647918
EDDM,220,26R,140,807.4428571428572,770.1999533043482,37.24290383850877,14.966887142080623,141.34840402685003,102.25190329407853,145.68354544049402,257.9699355264826,2971317.357695748,0.00013324581190264507
LEMD,T27,36L,117,952.3931623931624,962.4243417185475,-10.031179325385088,-11.579719178092546,159.48959027499512,115.61885179475854,159.12304770742793,322.9102609493724,2962456.884468945,0.00013284847267333347
EDDF,A16,25C,119,771.1176470588235,783.1733659707385,-12.05571891191479,-26.630495704650343,157.9061635870674,113.73830188277255,157.7027724858253,305.7603651396179,2959549.5695162015,0.00013271809698649152
EDDF,A28,25C,101,793.6633663366337,804.2338702534046,-10.570503916770832,-25.632288453169735,171.15404231062087,130.34264518768643,170.63236814062577,339.4218043799235,2940655.9107850823,0.00013187082939626957
LEMD,329,36R,114,803.2982456140351,792.0721782074852,11.226067406550053,11.703559210976096,160.220925912001,114.51411603981809,159.91118695999057,349.57200727820594,2915160.9995046486,0.00013072753511161542
LSZH,I04,28,145,495.97241379310344,509.3152025325497,-13.342788739446311,-36.820716703614266,141.54738026048219,112.24119882695516,141.6880866499099,277.99969559838223,2910949.515284295,0.00013053867523341937
EDDF,V171A,18,158,390.3544303797468,386.88303370387814,3.4713966758686845,-3.5701354675072423,135.4743498120656,95.96506964721809,135.08956261953614,281.52409199990757,2883372.008740537,0.0001293019890073061
EHAM,C15,24,139,539.4388489208633,537.7080542656857,1.7307946551775506,4.356362954067492,144.24642320562245,98.49701897981085,143.73703555477007,317.7594301120927,2871786.6192201804,0.00012878245358008219
EDDF,B41,25C,128,694.7578125,700.3417649851214,-5.583952485121354,-14.947356378281029,150.25232179664494,112.89107894891565,149.76837985380914,320.8324002897429,2871112.6533164624,0.00012875223024032248
EDDF,B46,25C,106,858.7169811320755,877.0802816517249,-18.36330051964945,-40.547353852328115,164.32201161088489,132.46721449875295,164.57278348882036,303.2210985506099,2870925.3129173634,0.0001287438291439147
LSZH,I05,28,141,510.7163120567376,508.84571112983014,1.8706009269074777,-28.106033966046994,143.1435549781818,111.1732236238598,142.64731607089882,292.6340749393603,2869104.206294558,0.00012866216340400694
EHAM,K38,22,159,273.66037735849056,270.3689313955109,3.2914459629796373,-20.737632691599174,134.30607726959605,103.69350031256586,133.92351808937542,279.9921588088135,2851745.8828922072,0.00012788374642036686
LSZH,D01,28,109,626.9449541284404,637.5741590015148,-10.629204873074533,-33.47819443487657,161.93072804741172,122.37064875601331,161.53629903295158,307.16887431040595,2844243.373673683,0.00012754730375477943
LEMD,T16,36L,113,1036.6814159292035,1039.4505630454682,-2.769147116264608,-8.451686241806101,158.56879090527931,117.45739980160626,157.8898850679787,325.5350499731879,2817001.3861660864,0.00012632566355068276
EHAM,D52,24,132,580.8863636363636,577.9638213559169,2.922542280446876,0.9877554351144511,146.4173269983375,104.50813816095183,145.89093718569728,287.73604217076235,2809509.852985582,0.00012598971309475232
LFPG,B02,27L,108,938.4907407407408,948.8137026699086,-10.32296192916789,-17.87447379167014,161.261181889288,123.6092702508548,160.84447061514476,372.96944915913133,2794061.922566346,0.00012529696581025393
EHAM,H03,36L,115,985.9043478260869,996.8282717717427,-10.923923945655774,-18.36315111801207,156.09843897409158,112.02973472913494,155.801701594478,285.6119954397807,2791529.575269498,0.00012518340518007955
EHAM,C06,24,119,626.8487394957983,646.0028417836602,-19.154102287862003,-14.806441578000431,152.5819181805938,115.8257805743493,153.1420278796806,298.3754355826916,2790845.203669003,0.00012515271520705635
EHAM,G02,24,115,826.1739130434783,819.2501851248142,6.923727918664099,29.858850379323258,155.1858921140762,117.72440566062681,154.66474929694806,331.9408009908912,2750936.237635097,0.0001233630367778539
EDDM,318,26R,109,1047.0825688073394,1054.6769641766498,-7.594395369310341,-8.612955023263112,159.28673546676973,123.9534088017278,158.73615174744623,303.28456495111357,2746491.0800031223,0.00012316369804475842
LEMD,T22,36L,119,976.8571428571429,985.2028897223913,-8.345746865248445,-15.926750524883346,152.12180275119323,109.50161563128312,151.71101416135411,333.0142251158752,2738931.586326124,0.00012282469996703518
LEMD,T32,36R,114,1114.219298245614,1108.3397108065114,5.879587439102682,-0.045445695730904845,155.56071742141592,113.78564248474947,154.9884938414919,342.9217194147693,2738443.387450976,0.0001228028071674254
EDDM,355,26L,121,809.8677685950413,816.9167254533724,-7.048956858331034,-27.827005470966924,150.12529010739456,115.20464950458688,149.66973422517535,310.2127496135206,2710524.5505071892,0.00012155081431438418
LSZH,E56,32,124,718.3548387096774,673.3173591460471,45.03747956363033,32.844805096703965,140.85385627917145,106.80232443484238,147.3369774899086,295.206317623809,2691814.9320468674,0.00012071179982955392
EHAM,C10,36L,101,1071.029702970297,1083.0723533309952,-12.042650360698056,2.525539568432123,163.58965023195185,113.68316673725005,163.2226485964829,409.61127254706753,2690804.9344999455,0.0001206665074804177
EHAM,C12,24,139,588.31654676259,595.5592839925952,-7.242737230005233,-9.00931046755403,139.40031762480038,101.44288546674088,139.08667804042418,288.5556318297721,2688969.4571565655,0.00012058419729964413
LSZH,F71,28,133,361.0827067669173,389.5195666151442,-28.436859848226874,-31.18782284119311,139.60892112101416,104.50469262398884,141.96041563604746,271.1551888936502,2680317.0278053936,0.00012019618759383429
EHAM,C18,24,141,544.7588652482269,553.0511672780189,-8.29230202979194,5.487077099524299,137.76927620885837,97.37748295678948,137.53008093608125,311.7940496231097,2666947.765882194,0.0001195966561587683
EHAM,B24,24,122,570.7295081967213,561.8316576260186,8.897850570702682,14.346950329756169,147.62061406708648,96.38363805343658,147.2833858799994,262.98761848218004,2646472.2822657702,0.0001186784531834101
LEMD,366,36R,120,956.8083333333333,959.2985912488728,-2.4902579155393854,-14.71063877730279,148.77917364059272,104.27977522265381,148.17889032996703,310.68185406324034,2634838.024730447,0.00011815672631799685
EHAM,C09,24,136,566.4926470588235,582.0946931981722,-15.602046139348726,-10.824366068581355,138.81523695805063,102.71563559363419,139.18119522898175,308.1274646837161,2634511.094330039,0.00011814206544492476
LEMD,326,36R,122,1062.77868852459,1063.526766952857,-0.7480784282669275,-3.3468557279837228,147.13957905237373,107.63203956616951,146.53721667856058,262.0822583392053,2619725.016371729,0.00011747899828472794
EHAM,A52,24,117,604.1794871794872,592.5738642083509,11.605622971136174,8.840999695401592,149.40058515631375,106.94339011838173,149.21277266877217,251.8601523976142,2604940.828717814,0.00011681601589337725
EDDF,V173B,18,107,418.2056074766355,404.41362306368933,13.79198441294615,12.234632795804345,155.87852768399551,106.83252282938665,155.7602293154096,291.4835610107787,2595953.646893621,0.00011641299454132284
EDDM,205,26L,121,747.00826446281,742.7145537040567,4.293710758753265,-7.939339021054934,146.89978092844356,112.39929279559412,146.35449510190693,275.6301314411228,2591776.2266206257,0.00011622566222742774
EHAM,B28,18L,146,738.3493150684932,708.1427101787791,30.206604889714033,18.432767344851413,130.01532832098033,98.60598583149834,133.04376668637587,246.0097177735085,2584294.002698427,0.00011589012923605319
EHAM,D41,18L,108,715.6944444444445,696.0826174869538,19.611826957490663,13.142979548275434,153.91309177835805,105.79550191627226,154.44908146126514,325.76819036556276,2576288.02653668,0.00011553110908932187
LEMD,T27,36R,117,1100.5641025641025,1113.5173447767465,-12.953242212643739,-1.1050579441147192,148.41165141536584,107.27729207982634,148.34267151833063,239.4679795280397,2574649.1386038554,0.00011545761476780115
EHAM,A43,24,115,675.8,648.0861209143859,27.713879085613897,12.287470248732802,147.18436491802996,96.87799334278904,149.140606120466,256.2135450215733,2557935.845307698,0.00011470812352646819
EHAM,D24,24,116,605.8362068965517,630.6113322232676,-24.775125326715987,-34.200604919604814,145.1246419344067,100.67473972327534,146.60629861223745,302.62011296369576,2493235.1879625423,0.00011180668602223749
LEBL,272,24L,139,742.3453237410072,741.2532113383996,1.0921124026074742,-9.262522393257086,134.26792394812136,92.45560344933374,133.7885315171112,240.39598582099168,2488012.5920052035,0.00011157248383014492
LEMD,364,36R,142,932.8732394366198,917.2431601745201,15.630079262099706,3.717016453560575,131.6625104733663,96.83522273395896,132.1258432697665,235.5458483646943,2478927.8612840604,0.00011116508799350686
EDDM,215,08L,100,727.16,720.162785736345,6.997214263655129,1.877058315264435,157.95685652251782,106.52615457358152,157.3207737226779,331.668471499294,2474982.584470202,0.00011098816592529302
EHAM,B20,18L,143,682.8111888111888,674.7209504239373,8.090238387251583,3.249376301063421,131.06153799494675,97.72175064026926,130.852813998552,218.31845188652198,2448511.627181569,0.00010980110181494856
EHAM,G02,18L,109,807.2660550458716,784.2158961805354,23.05015886533619,29.555818764892365,146.2685964140935,109.95829067958017,147.4094036453561,285.171103777139,2368519.0188556677,0.00010621391177111534
EHAM,B36,18L,171,727.1345029239766,709.3632846995384,17.771218224438144,21.586957412519496,116.64612402393944,94.05440031545658,117.6544318519999,230.85324306825532,2367078.672185288,0.00010614932083773053
EHAM,A42,24,113,615.8495575221239,596.0128208564653,19.83673666565859,16.81411131247046,143.8504831388038,104.08779044819934,144.57985360249575,281.05633842402705,2362076.7496522586,0.00010592501452886002
EHAM,D25,24,110,656.3636363636364,653.8049840826567,2.558652280979907,-18.6963788554161,146.78469126611336,106.26834502382688,146.13836552092616,294.4312137717167,2349206.4064840605,0.00010534785661589911
LEMD,T20,36L,112,1009.8660714285714,1030.9176257372385,-21.051554308667043,-38.930028996052386,143.90920720492045,106.80744231669009,144.803723686937,261.7301837926422,2348429.2600835133,0.00010531300624798405
EDDM,212,26R,139,707.956834532374,690.2064296760487,17.750404856325417,16.66564955040326,128.34167504188702,99.18546248036276,129.10523540753397,277.21362888927825,2316874.4915392315,0.00010389796360933992
LSZH,D05,28,106,651.7547169811321,675.1832471600571,-23.42853017892495,-23.743345749923776,146.6617774281535,113.18515536531396,147.8365702523924,305.4782276950133,2316699.0594229987,0.00010389009652819468
EHAM,A51,24,102,603.8529411764706,559.0936212387285,44.75931993774215,44.03640781545553,143.31419050969689,107.23543293619835,149.46903223488954,316.6931389218621,2278781.1429179134,0.0001021897047617982
EHAM,D54,24,133,611.5488721804511,591.0708681405434,20.478004039907592,8.26315317502042,129.73909174450972,96.12857941066004,130.86260902703123,267.57924409837375,2277627.984701098,0.00010213799251286801
EDDM,234,26R,134,730.4850746268656,709.9697491642548,20.515325462610786,9.634788390376968,128.9554165074819,96.84668390302357,130.10102721852755,259.8645613616314,2268121.15596435,0.00010171166810481832
LSZH,F72,28,121,393.2396694214876,412.1297796540464,-18.890110232558833,-34.16227119453549,135.3736165519827,104.15591339391358,136.1300761947674,263.4649071246345,2242299.1150199748,0.0001005537040113144
LEMD,368,36R,104,942.9230769230769,959.778873143098,-16.855796220021066,-34.918991366562636,146.50501849476368,108.53292031642037,146.77007999934563,294.2932213210562,2240311.4638334885,0.00010046456974383649
EHAM,D54,18L,115,646.2608695652174,652.6836473805098,-6.422777815292376,-17.66053473537238,137.54111867798503,101.57924674667028,137.09234437475914,255.55726195669237,2161345.7519092686,9.692342986170261e-05
EHAM,A81,24,101,533.0693069306931,529.8389178991057,3.2303890315872223,-6.707129099939721,144.86655080326534,97.21601296551748,144.1837980937389,267.63484968192927,2099685.7309063417,9.415834671123073e-05
EDDF,F214,18,103,816.5436893203884,819.023474465511,-2.479785145122623,-6.4889198671965005,143.0401310883907,100.93664455069339,142.365666535079,273.97585274375814,2087602.2498216624,9.36164748564562e-05
EDDF,V173A,18,100,420.12,392.2033154807204,27.916684519279514,9.823395332529117,142.02416259705203,102.81624707199228,144.04338030027245,285.49211394084523,2074849.5408328914,9.304459213286699e-05
LEMD,372,36R,102,942.6862745098039,943.5112610181362,-0.8249865083323049,-21.077782246899403,143.0713972231169,106.13616219845944,142.37072968755555,274.8635404846344,2067481.3165202355,9.271417134214338e-05
EHAM,B28,24,120,544.1916666666667,541.6416434423694,2.5500232242972234,8.46676603234738,131.39421281928048,97.70048035378949,130.8704376644684,252.24955045130977,2055248.5745387408,9.216560602888317e-05
LSZH,REG,28,111,306.84684684684686,288.29910234008975,18.547744506757102,-5.907938261279668,135.4026260731384,95.64030054148625,136.06145656817077,271.6095150966495,2054911.9159431967,9.215050890444405e-05
EHAM,A72,24,103,536.1553398058253,544.9627284551017,-8.807388649276369,-12.61199420628094,141.38112988956445,94.0712495378506,140.96854143413992,219.10190256893503,2046829.3564290889,9.178805445240802e-05
EDDF,F233,18,103,678.4854368932039,671.1564497613307,7.328987131873126,-2.7465179008092946,138.89583021974784,97.5753207950815,138.41410416738046,248.95456708733985,1973321.8159432202,8.849168091370201e-05
EHAM,D44,24,112,571.9642857142857,576.278618144404,-4.314332430118322,-4.373874384955855,132.21933087211087,104.6891418110253,131.6984284959323,264.7383879424212,1942581.3196493974,8.711315351529003e-05
EDDF,A21,25C,101,671.2178217821782,668.4410508581465,2.7767709240316556,-1.4378942124089917,138.99170020983735,101.58496860991421,138.3297834834126,279.4139325954367,1932648.028855349,8.666770483466022e-05
EHAM,A84,24,101,604.3069306930693,586.8252156761604,17.481715016908858,-2.5142322110862096,137.70559901917434,96.30525780370083,138.13287642436424,255.58561779531442,1927149.8464761372,8.642114423984208e-05
LSZH,D03,28,114,651.359649122807,659.9282017527837,-8.56855262997668,-1.0525817744105552,126.53725017270813,104.28304738127034,126.27209699689578,243.17431742066154,1817689.2427192542,8.151249085040732e-05
EHAM,D48,18L,110,625.8,650.7349902025729,-24.934990202572834,-13.385679742403852,126.0808229627866,93.37610634617677,127.9594278089874,237.61834782226492,1801097.6681723802,8.076845796697411e-05
EHAM,A85,24,103,559.6116504854369,569.0806171753137,-9.468966689876916,-9.33045491882649,131.23790193799363,95.78922072820885,130.94208982091038,267.6638409879227,1766020.5813267385,7.919546041966678e-05
EHAM,B32,24,112,519.0714285714286,526.3580113297427,-7.286582758313996,4.219159264132799,118.91687541534824,84.75817069347727,118.60883873005366,209.3078041002419,1575622.3419878904,7.065723816621716e-05
LEMD,368,36L,100,726.68,733.2716346130948,-6.591634613094792,-12.928179275863044,124.75173815108984,93.13494666591436,124.30131076088236,196.22649135796595,1545081.5856873447,6.92876679118493e-05
EHAM,A73,24,103,535.3980582524272,515.564474236638,19.833584015789224,5.292338625866364,118.80496798700084,92.01903066031119,119.8789236004834,248.96475574520932,1480208.5013318853,6.63784980875006e-05
EHAM,A63,24,100,588.61,592.6360158119132,-4.0260158119132,-3.166141280166528,110.85479145004204,84.53029463561366,110.37257695132321,214.15789569225757,1218210.5742875764,5.4629458081588315e-05
